date,country,iso3,disease,cases
2024-10-13,India,IND,Dengue,103043
2024-10-20,India,IND,Dengue,124050
2024-10-27,India,IND,Dengue,114224
2024-11-03,India,IND,Dengue,62496
2024-11-10,India,IND,Dengue,61714
2024-11-17,India,IND,Dengue,66777
2024-11-24,India,IND,Dengue,52548
2024-12-01,India,IND,Dengue,45764
2024-12-08,India,IND,Dengue,32993
2024-12-15,India,IND,Dengue,35208
2024-12-22,India,IND,Dengue,28686
2024-12-29,India,IND,Dengue,21723
2025-01-05,India,IND,Dengue,21555
2025-01-12,India,IND,Dengue,17445
2025-01-19,India,IND,Dengue,12991
2025-01-26,India,IND,Dengue,14866
2025-02-02,India,IND,Dengue,11686
2025-02-09,India,IND,Dengue,15228
2025-02-16,India,IND,Dengue,13296
2025-02-23,India,IND,Dengue,13027
2025-03-02,India,IND,Dengue,12050
2025-03-09,India,IND,Dengue,15912
2025-03-16,India,IND,Dengue,13160
2025-03-23,India,IND,Dengue,12634
2025-03-30,India,IND,Dengue,12836
2025-04-06,India,IND,Dengue,14754
2025-04-13,India,IND,Dengue,14676
2025-04-20,India,IND,Dengue,15307
2025-04-27,India,IND,Dengue,16310
2025-05-04,India,IND,Dengue,22210
2025-05-11,India,IND,Dengue,17922
2025-05-18,India,IND,Dengue,20635
2025-05-25,India,IND,Dengue,23526
2025-06-01,India,IND,Dengue,35581
2025-06-08,India,IND,Dengue,46505
2025-06-15,India,IND,Dengue,47586
2025-06-22,India,IND,Dengue,51071
2025-06-29,India,IND,Dengue,61056
2025-07-06,India,IND,Dengue,89858
2025-07-13,India,IND,Dengue,105232
2025-07-20,India,IND,Dengue,116452
2025-07-27,India,IND,Dengue,108382
2025-08-03,India,IND,Dengue,136952
2025-08-10,India,IND,Dengue,145512
2025-08-17,India,IND,Dengue,156916
2025-08-24,India,IND,Dengue,179459
2025-08-31,India,IND,Dengue,168507
2025-09-07,India,IND,Dengue,181479
2025-09-14,India,IND,Dengue,165295
2025-09-21,India,IND,Dengue,166812
2025-09-28,India,IND,Dengue,168154
2025-10-05,India,IND,Dengue,113397
2025-10-12,India,IND,Dengue,128322
2025-10-19,India,IND,Dengue,114388
2025-10-26,India,IND,Dengue,99884
2025-11-02,India,IND,Dengue,93464
2025-11-09,India,IND,Dengue,103580
2025-11-16,India,IND,Dengue,62882
2025-11-23,India,IND,Dengue,69669
2025-11-30,India,IND,Dengue,37816
2025-12-07,India,IND,Dengue,39611
2025-12-14,India,IND,Dengue,35119
2025-12-21,India,IND,Dengue,30797
2025-12-28,India,IND,Dengue,26228
2026-01-04,India,IND,Dengue,22727
2026-01-11,India,IND,Dengue,17015
2026-01-18,India,IND,Dengue,15283
2026-01-25,India,IND,Dengue,17505
2026-02-01,India,IND,Dengue,14593
2026-02-08,India,IND,Dengue,11975
2026-02-15,India,IND,Dengue,12235
2026-02-22,India,IND,Dengue,12708
2026-03-01,India,IND,Dengue,15864
2026-03-08,India,IND,Dengue,15105
2026-03-15,India,IND,Dengue,16349
2026-03-22,India,IND,Dengue,13893
2026-03-29,India,IND,Dengue,15251
2026-04-05,India,IND,Dengue,16426
2026-04-12,India,IND,Dengue,14579
2026-04-19,India,IND,Dengue,16922
2026-04-26,India,IND,Dengue,15158
2026-05-03,India,IND,Dengue,17457
2026-05-10,India,IND,Dengue,19758
2026-05-17,India,IND,Dengue,20139
2026-05-24,India,IND,Dengue,31565
2026-05-31,India,IND,Dengue,33232
2026-06-07,India,IND,Dengue,43725
2026-06-14,India,IND,Dengue,56950
2026-06-21,India,IND,Dengue,68398
2026-06-28,India,IND,Dengue,84046
2026-07-05,India,IND,Dengue,88455
2026-07-12,India,IND,Dengue,97220
2026-07-19,India,IND,Dengue,116636
2026-07-26,India,IND,Dengue,98571
2026-08-02,India,IND,Dengue,113557
2026-08-09,India,IND,Dengue,125613
2026-08-16,India,IND,Dengue,141556
2026-08-23,India,IND,Dengue,184282
2026-08-30,India,IND,Dengue,154313
2026-09-06,India,IND,Dengue,170133
2026-09-13,India,IND,Dengue,214080
2026-09-20,India,IND,Dengue,165668
2026-09-27,India,IND,Dengue,186731
2026-10-04,India,IND,Dengue,136570
2024-10-13,India,IND,Influenza,34434
2024-10-20,India,IND,Influenza,26589
2024-10-27,India,IND,Influenza,25517
2024-11-03,India,IND,Influenza,26158
2024-11-10,India,IND,Influenza,14883
2024-11-17,India,IND,Influenza,18611
2024-11-24,India,IND,Influenza,15924
2024-12-01,India,IND,Influenza,12537
2024-12-08,India,IND,Influenza,9855
2024-12-15,India,IND,Influenza,11901
2024-12-22,India,IND,Influenza,10365
2024-12-29,India,IND,Influenza,11348
2025-01-05,India,IND,Influenza,10857
2025-01-12,India,IND,Influenza,13355
2025-01-19,India,IND,Influenza,10369
2025-01-26,India,IND,Influenza,9103
2025-02-02,India,IND,Influenza,11044
2025-02-09,India,IND,Influenza,11123
2025-02-16,India,IND,Influenza,13028
2025-02-23,India,IND,Influenza,12339
2025-03-02,India,IND,Influenza,11862
2025-03-09,India,IND,Influenza,14358
2025-03-16,India,IND,Influenza,10340
2025-03-23,India,IND,Influenza,12443
2025-03-30,India,IND,Influenza,13239
2025-04-06,India,IND,Influenza,16451
2025-04-13,India,IND,Influenza,15940
2025-04-20,India,IND,Influenza,25444
2025-04-27,India,IND,Influenza,25988
2025-05-04,India,IND,Influenza,24167
2025-05-11,India,IND,Influenza,30117
2025-05-18,India,IND,Influenza,42251
2025-05-25,India,IND,Influenza,51064
2025-06-01,India,IND,Influenza,65517
2025-06-08,India,IND,Influenza,79573
2025-06-15,India,IND,Influenza,63804
2025-06-22,India,IND,Influenza,54808
2025-06-29,India,IND,Influenza,46320
2025-07-06,India,IND,Influenza,74009
2025-07-13,India,IND,Influenza,64463
2025-07-20,India,IND,Influenza,70147
2025-07-27,India,IND,Influenza,68365
2025-08-03,India,IND,Influenza,73228
2025-08-10,India,IND,Influenza,85155
2025-08-17,India,IND,Influenza,72828
2025-08-24,India,IND,Influenza,66478
2025-08-31,India,IND,Influenza,54363
2025-09-07,India,IND,Influenza,44981
2025-09-14,India,IND,Influenza,51332
2025-09-21,India,IND,Influenza,50010
2025-09-28,India,IND,Influenza,57390
2025-10-05,India,IND,Influenza,41142
2025-10-12,India,IND,Influenza,40767
2025-10-19,India,IND,Influenza,28685
2025-10-26,India,IND,Influenza,22106
2025-11-02,India,IND,Influenza,19867
2025-11-09,India,IND,Influenza,17903
2025-11-16,India,IND,Influenza,23051
2025-11-23,India,IND,Influenza,13481
2025-11-30,India,IND,Influenza,15494
2025-12-07,India,IND,Influenza,10880
2025-12-14,India,IND,Influenza,13419
2025-12-21,India,IND,Influenza,11909
2025-12-28,India,IND,Influenza,10708
2026-01-04,India,IND,Influenza,10756
2026-01-11,India,IND,Influenza,9710
2026-01-18,India,IND,Influenza,11474
2026-01-25,India,IND,Influenza,10020
2026-02-01,India,IND,Influenza,8778
2026-02-08,India,IND,Influenza,8703
2026-02-15,India,IND,Influenza,11102
2026-02-22,India,IND,Influenza,13563
2026-03-01,India,IND,Influenza,11530
2026-03-08,India,IND,Influenza,11565
2026-03-15,India,IND,Influenza,13124
2026-03-22,India,IND,Influenza,16460
2026-03-29,India,IND,Influenza,15882
2026-04-05,India,IND,Influenza,16396
2026-04-12,India,IND,Influenza,23421
2026-04-19,India,IND,Influenza,24724
2026-04-26,India,IND,Influenza,33078
2026-05-03,India,IND,Influenza,31860
2026-05-10,India,IND,Influenza,29004
2026-05-17,India,IND,Influenza,32072
2026-05-24,India,IND,Influenza,56594
2026-05-31,India,IND,Influenza,63452
2026-06-07,India,IND,Influenza,53880
2026-06-14,India,IND,Influenza,56618
2026-06-21,India,IND,Influenza,78470
2026-06-28,India,IND,Influenza,56790
2026-07-05,India,IND,Influenza,61603
2026-07-12,India,IND,Influenza,80500
2026-07-19,India,IND,Influenza,70380
2026-07-26,India,IND,Influenza,75219
2026-08-02,India,IND,Influenza,72973
2026-08-09,India,IND,Influenza,77133
2026-08-16,India,IND,Influenza,86174
2026-08-23,India,IND,Influenza,69023
2026-08-30,India,IND,Influenza,70577
2026-09-06,India,IND,Influenza,41597
2026-09-13,India,IND,Influenza,54967
2026-09-20,India,IND,Influenza,44040
2026-09-27,India,IND,Influenza,37068
2026-10-04,India,IND,Influenza,35038
2024-10-13,India,IND,COVID-19,24522
2024-10-20,India,IND,COVID-19,29370
2024-10-27,India,IND,COVID-19,20695
2024-11-03,India,IND,COVID-19,25978
2024-11-10,India,IND,COVID-19,24021
2024-11-17,India,IND,COVID-19,24702
2024-11-24,India,IND,COVID-19,30036
2024-12-01,India,IND,COVID-19,28449
2024-12-08,India,IND,COVID-19,32020
2024-12-15,India,IND,COVID-19,26577
2024-12-22,India,IND,COVID-19,25096
2024-12-29,India,IND,COVID-19,28230
2025-01-05,India,IND,COVID-19,32022
2025-01-12,India,IND,COVID-19,34094
2025-01-19,India,IND,COVID-19,30385
2025-01-26,India,IND,COVID-19,40778
2025-02-02,India,IND,COVID-19,46661
2025-02-09,India,IND,COVID-19,70185
2025-02-16,India,IND,COVID-19,73868
2025-02-23,India,IND,COVID-19,56693
2025-03-02,India,IND,COVID-19,69635
2025-03-09,India,IND,COVID-19,62847
2025-03-16,India,IND,COVID-19,80028
2025-03-23,India,IND,COVID-19,98596
2025-03-30,India,IND,COVID-19,116969
2025-04-06,India,IND,COVID-19,90996
2025-04-13,India,IND,COVID-19,93107
2025-04-20,India,IND,COVID-19,69261
2025-04-27,India,IND,COVID-19,96636
2025-05-04,India,IND,COVID-19,79137
2025-05-11,India,IND,COVID-19,80836
2025-05-18,India,IND,COVID-19,69933
2025-05-25,India,IND,COVID-19,71745
2025-06-01,India,IND,COVID-19,47875
2025-06-08,India,IND,COVID-19,44963
2025-06-15,India,IND,COVID-19,67237
2025-06-22,India,IND,COVID-19,36425
2025-06-29,India,IND,COVID-19,33652
2025-07-06,India,IND,COVID-19,46389
2025-07-13,India,IND,COVID-19,47884
2025-07-20,India,IND,COVID-19,25657
2025-07-27,India,IND,COVID-19,27949
2025-08-03,India,IND,COVID-19,30082
2025-08-10,India,IND,COVID-19,35436
2025-08-17,India,IND,COVID-19,23939
2025-08-24,India,IND,COVID-19,27425
2025-08-31,India,IND,COVID-19,32687
2025-09-07,India,IND,COVID-19,32539
2025-09-14,India,IND,COVID-19,30537
2025-09-21,India,IND,COVID-19,34112
2025-09-28,India,IND,COVID-19,30153
2025-10-05,India,IND,COVID-19,40487
2025-10-12,India,IND,COVID-19,45010
2025-10-19,India,IND,COVID-19,54551
2025-10-26,India,IND,COVID-19,54517
2025-11-02,India,IND,COVID-19,71818
2025-11-09,India,IND,COVID-19,86822
2025-11-16,India,IND,COVID-19,86100
2025-11-23,India,IND,COVID-19,97979
2025-11-30,India,IND,COVID-19,102610
2025-12-07,India,IND,COVID-19,109929
2025-12-14,India,IND,COVID-19,104377
2025-12-21,India,IND,COVID-19,128595
2025-12-28,India,IND,COVID-19,124915
2026-01-04,India,IND,COVID-19,169245
2026-01-11,India,IND,COVID-19,159150
2026-01-18,India,IND,COVID-19,133971
2026-01-25,India,IND,COVID-19,108540
2026-02-01,India,IND,COVID-19,97298
2026-02-08,India,IND,COVID-19,129205
2026-02-15,India,IND,COVID-19,105457
2026-02-22,India,IND,COVID-19,99390
2026-03-01,India,IND,COVID-19,61858
2026-03-08,India,IND,COVID-19,85468
2026-03-15,India,IND,COVID-19,71304
2026-03-22,India,IND,COVID-19,49324
2026-03-29,India,IND,COVID-19,48750
2026-04-05,India,IND,COVID-19,48510
2026-04-12,India,IND,COVID-19,42130
2026-04-19,India,IND,COVID-19,36172
2026-04-26,India,IND,COVID-19,34140
2026-05-03,India,IND,COVID-19,31041
2026-05-10,India,IND,COVID-19,31197
2026-05-17,India,IND,COVID-19,35830
2026-05-24,India,IND,COVID-19,17732
2026-05-31,India,IND,COVID-19,28010
2026-06-07,India,IND,COVID-19,30975
2026-06-14,India,IND,COVID-19,33963
2026-06-21,India,IND,COVID-19,34359
2026-06-28,India,IND,COVID-19,30957
2026-07-05,India,IND,COVID-19,51921
2026-07-12,India,IND,COVID-19,73571
2026-07-19,India,IND,COVID-19,52442
2026-07-26,India,IND,COVID-19,87413
2026-08-02,India,IND,COVID-19,80716
2026-08-09,India,IND,COVID-19,88592
2026-08-16,India,IND,COVID-19,75896
2026-08-23,India,IND,COVID-19,82555
2026-08-30,India,IND,COVID-19,96012
2026-09-06,India,IND,COVID-19,77783
2026-09-13,India,IND,COVID-19,77884
2026-09-20,India,IND,COVID-19,61718
2026-09-27,India,IND,COVID-19,47248
2026-10-04,India,IND,COVID-19,47816
2024-10-13,Bangladesh,BGD,Dengue,14800
2024-10-20,Bangladesh,BGD,Dengue,11488
2024-10-27,Bangladesh,BGD,Dengue,10902
2024-11-03,Bangladesh,BGD,Dengue,8531
2024-11-10,Bangladesh,BGD,Dengue,9498
2024-11-17,Bangladesh,BGD,Dengue,5816
2024-11-24,Bangladesh,BGD,Dengue,6646
2024-12-01,Bangladesh,BGD,Dengue,4806
2024-12-08,Bangladesh,BGD,Dengue,4796
2024-12-15,Bangladesh,BGD,Dengue,3732
2024-12-22,Bangladesh,BGD,Dengue,3527
2024-12-29,Bangladesh,BGD,Dengue,2574
2025-01-05,Bangladesh,BGD,Dengue,1519
2025-01-12,Bangladesh,BGD,Dengue,1740
2025-01-19,Bangladesh,BGD,Dengue,1325
2025-01-26,Bangladesh,BGD,Dengue,1401
2025-02-02,Bangladesh,BGD,Dengue,1805
2025-02-09,Bangladesh,BGD,Dengue,1590
2025-02-16,Bangladesh,BGD,Dengue,1293
2025-02-23,Bangladesh,BGD,Dengue,1225
2025-03-02,Bangladesh,BGD,Dengue,1454
2025-03-09,Bangladesh,BGD,Dengue,1185
2025-03-16,Bangladesh,BGD,Dengue,1307
2025-03-23,Bangladesh,BGD,Dengue,1524
2025-03-30,Bangladesh,BGD,Dengue,1714
2025-04-06,Bangladesh,BGD,Dengue,1608
2025-04-13,Bangladesh,BGD,Dengue,985
2025-04-20,Bangladesh,BGD,Dengue,1625
2025-04-27,Bangladesh,BGD,Dengue,1670
2025-05-04,Bangladesh,BGD,Dengue,1925
2025-05-11,Bangladesh,BGD,Dengue,2557
2025-05-18,Bangladesh,BGD,Dengue,1664
2025-05-25,Bangladesh,BGD,Dengue,2633
2025-06-01,Bangladesh,BGD,Dengue,3823
2025-06-08,Bangladesh,BGD,Dengue,3271
2025-06-15,Bangladesh,BGD,Dengue,6376
2025-06-22,Bangladesh,BGD,Dengue,6649
2025-06-29,Bangladesh,BGD,Dengue,8467
2025-07-06,Bangladesh,BGD,Dengue,8072
2025-07-13,Bangladesh,BGD,Dengue,11455
2025-07-20,Bangladesh,BGD,Dengue,13472
2025-07-27,Bangladesh,BGD,Dengue,13436
2025-08-03,Bangladesh,BGD,Dengue,14772
2025-08-10,Bangladesh,BGD,Dengue,16046
2025-08-17,Bangladesh,BGD,Dengue,14261
2025-08-24,Bangladesh,BGD,Dengue,16735
2025-08-31,Bangladesh,BGD,Dengue,17178
2025-09-07,Bangladesh,BGD,Dengue,18782
2025-09-14,Bangladesh,BGD,Dengue,20291
2025-09-21,Bangladesh,BGD,Dengue,14502
2025-09-28,Bangladesh,BGD,Dengue,16253
2025-10-05,Bangladesh,BGD,Dengue,19125
2025-10-12,Bangladesh,BGD,Dengue,12913
2025-10-19,Bangladesh,BGD,Dengue,11634
2025-10-26,Bangladesh,BGD,Dengue,12274
2025-11-02,Bangladesh,BGD,Dengue,11844
2025-11-09,Bangladesh,BGD,Dengue,9139
2025-11-16,Bangladesh,BGD,Dengue,9346
2025-11-23,Bangladesh,BGD,Dengue,7403
2025-11-30,Bangladesh,BGD,Dengue,6143
2025-12-07,Bangladesh,BGD,Dengue,4871
2025-12-14,Bangladesh,BGD,Dengue,4987
2025-12-21,Bangladesh,BGD,Dengue,2959
2025-12-28,Bangladesh,BGD,Dengue,1787
2026-01-04,Bangladesh,BGD,Dengue,2717
2026-01-11,Bangladesh,BGD,Dengue,1803
2026-01-18,Bangladesh,BGD,Dengue,1799
2026-01-25,Bangladesh,BGD,Dengue,2001
2026-02-01,Bangladesh,BGD,Dengue,1231
2026-02-08,Bangladesh,BGD,Dengue,1297
2026-02-15,Bangladesh,BGD,Dengue,1208
2026-02-22,Bangladesh,BGD,Dengue,1400
2026-03-01,Bangladesh,BGD,Dengue,1697
2026-03-08,Bangladesh,BGD,Dengue,1720
2026-03-15,Bangladesh,BGD,Dengue,1664
2026-03-22,Bangladesh,BGD,Dengue,1261
2026-03-29,Bangladesh,BGD,Dengue,1050
2026-04-05,Bangladesh,BGD,Dengue,1632
2026-04-12,Bangladesh,BGD,Dengue,1532
2026-04-19,Bangladesh,BGD,Dengue,1825
2026-04-26,Bangladesh,BGD,Dengue,2006
2026-05-03,Bangladesh,BGD,Dengue,2032
2026-05-10,Bangladesh,BGD,Dengue,2518
2026-05-17,Bangladesh,BGD,Dengue,2737
2026-05-24,Bangladesh,BGD,Dengue,3424
2026-05-31,Bangladesh,BGD,Dengue,3447
2026-06-07,Bangladesh,BGD,Dengue,4579
2026-06-14,Bangladesh,BGD,Dengue,5897
2026-06-21,Bangladesh,BGD,Dengue,7763
2026-06-28,Bangladesh,BGD,Dengue,7754
2026-07-05,Bangladesh,BGD,Dengue,10438
2026-07-12,Bangladesh,BGD,Dengue,10748
2026-07-19,Bangladesh,BGD,Dengue,12505
2026-07-26,Bangladesh,BGD,Dengue,16001
2026-08-02,Bangladesh,BGD,Dengue,10964
2026-08-09,Bangladesh,BGD,Dengue,13611
2026-08-16,Bangladesh,BGD,Dengue,13958
2026-08-23,Bangladesh,BGD,Dengue,12185
2026-08-30,Bangladesh,BGD,Dengue,17296
2026-09-06,Bangladesh,BGD,Dengue,21635
2026-09-13,Bangladesh,BGD,Dengue,18494
2026-09-20,Bangladesh,BGD,Dengue,19433
2026-09-27,Bangladesh,BGD,Dengue,21092
2026-10-04,Bangladesh,BGD,Dengue,20535
2024-10-13,Bangladesh,BGD,Influenza,3791
2024-10-20,Bangladesh,BGD,Influenza,4022
2024-10-27,Bangladesh,BGD,Influenza,2939
2024-11-03,Bangladesh,BGD,Influenza,2190
2024-11-10,Bangladesh,BGD,Influenza,1973
2024-11-17,Bangladesh,BGD,Influenza,1466
2024-11-24,Bangladesh,BGD,Influenza,1437
2024-12-01,Bangladesh,BGD,Influenza,1404
2024-12-08,Bangladesh,BGD,Influenza,1521
2024-12-15,Bangladesh,BGD,Influenza,1597
2024-12-22,Bangladesh,BGD,Influenza,962
2024-12-29,Bangladesh,BGD,Influenza,1252
2025-01-05,Bangladesh,BGD,Influenza,985
2025-01-12,Bangladesh,BGD,Influenza,1244
2025-01-19,Bangladesh,BGD,Influenza,1137
2025-01-26,Bangladesh,BGD,Influenza,841
2025-02-02,Bangladesh,BGD,Influenza,1321
2025-02-09,Bangladesh,BGD,Influenza,1056
2025-02-16,Bangladesh,BGD,Influenza,1073
2025-02-23,Bangladesh,BGD,Influenza,993
2025-03-02,Bangladesh,BGD,Influenza,1095
2025-03-09,Bangladesh,BGD,Influenza,1351
2025-03-16,Bangladesh,BGD,Influenza,1318
2025-03-23,Bangladesh,BGD,Influenza,1557
2025-03-30,Bangladesh,BGD,Influenza,1748
2025-04-06,Bangladesh,BGD,Influenza,2257
2025-04-13,Bangladesh,BGD,Influenza,2055
2025-04-20,Bangladesh,BGD,Influenza,1950
2025-04-27,Bangladesh,BGD,Influenza,3363
2025-05-04,Bangladesh,BGD,Influenza,3177
2025-05-11,Bangladesh,BGD,Influenza,4472
2025-05-18,Bangladesh,BGD,Influenza,4602
2025-05-25,Bangladesh,BGD,Influenza,4795
2025-06-01,Bangladesh,BGD,Influenza,5721
2025-06-08,Bangladesh,BGD,Influenza,7718
2025-06-15,Bangladesh,BGD,Influenza,8495
2025-06-22,Bangladesh,BGD,Influenza,7012
2025-06-29,Bangladesh,BGD,Influenza,7519
2025-07-06,Bangladesh,BGD,Influenza,8911
2025-07-13,Bangladesh,BGD,Influenza,6912
2025-07-20,Bangladesh,BGD,Influenza,8470
2025-07-27,Bangladesh,BGD,Influenza,8086
2025-08-03,Bangladesh,BGD,Influenza,8446
2025-08-10,Bangladesh,BGD,Influenza,6927
2025-08-17,Bangladesh,BGD,Influenza,5843
2025-08-24,Bangladesh,BGD,Influenza,5060
2025-08-31,Bangladesh,BGD,Influenza,5777
2025-09-07,Bangladesh,BGD,Influenza,6032
2025-09-14,Bangladesh,BGD,Influenza,5708
2025-09-21,Bangladesh,BGD,Influenza,7016
2025-09-28,Bangladesh,BGD,Influenza,5703
2025-10-05,Bangladesh,BGD,Influenza,3723
2025-10-12,Bangladesh,BGD,Influenza,4031
2025-10-19,Bangladesh,BGD,Influenza,3139
2025-10-26,Bangladesh,BGD,Influenza,2775
2025-11-02,Bangladesh,BGD,Influenza,2575
2025-11-09,Bangladesh,BGD,Influenza,2367
2025-11-16,Bangladesh,BGD,Influenza,1788
2025-11-23,Bangladesh,BGD,Influenza,1923
2025-11-30,Bangladesh,BGD,Influenza,1230
2025-12-07,Bangladesh,BGD,Influenza,1358
2025-12-14,Bangladesh,BGD,Influenza,1764
2025-12-21,Bangladesh,BGD,Influenza,1255
2025-12-28,Bangladesh,BGD,Influenza,1437
2026-01-04,Bangladesh,BGD,Influenza,1183
2026-01-11,Bangladesh,BGD,Influenza,1262
2026-01-18,Bangladesh,BGD,Influenza,1150
2026-01-25,Bangladesh,BGD,Influenza,1130
2026-02-01,Bangladesh,BGD,Influenza,1024
2026-02-08,Bangladesh,BGD,Influenza,1236
2026-02-15,Bangladesh,BGD,Influenza,1018
2026-02-22,Bangladesh,BGD,Influenza,1300
2026-03-01,Bangladesh,BGD,Influenza,1412
2026-03-08,Bangladesh,BGD,Influenza,1339
2026-03-15,Bangladesh,BGD,Influenza,1299
2026-03-22,Bangladesh,BGD,Influenza,1585
2026-03-29,Bangladesh,BGD,Influenza,1581
2026-04-05,Bangladesh,BGD,Influenza,2149
2026-04-12,Bangladesh,BGD,Influenza,1571
2026-04-19,Bangladesh,BGD,Influenza,2379
2026-04-26,Bangladesh,BGD,Influenza,2033
2026-05-03,Bangladesh,BGD,Influenza,2594
2026-05-10,Bangladesh,BGD,Influenza,4615
2026-05-17,Bangladesh,BGD,Influenza,4936
2026-05-24,Bangladesh,BGD,Influenza,4363
2026-05-31,Bangladesh,BGD,Influenza,4211
2026-06-07,Bangladesh,BGD,Influenza,3316
2026-06-14,Bangladesh,BGD,Influenza,5949
2026-06-21,Bangladesh,BGD,Influenza,9460
2026-06-28,Bangladesh,BGD,Influenza,7822
2026-07-05,Bangladesh,BGD,Influenza,7028
2026-07-12,Bangladesh,BGD,Influenza,8469
2026-07-19,Bangladesh,BGD,Influenza,6178
2026-07-26,Bangladesh,BGD,Influenza,7755
2026-08-02,Bangladesh,BGD,Influenza,8187
2026-08-09,Bangladesh,BGD,Influenza,7814
2026-08-16,Bangladesh,BGD,Influenza,8582
2026-08-23,Bangladesh,BGD,Influenza,7723
2026-08-30,Bangladesh,BGD,Influenza,7636
2026-09-06,Bangladesh,BGD,Influenza,5809
2026-09-13,Bangladesh,BGD,Influenza,6775
2026-09-20,Bangladesh,BGD,Influenza,6765
2026-09-27,Bangladesh,BGD,Influenza,4180
2026-10-04,Bangladesh,BGD,Influenza,3772
2024-10-13,Bangladesh,BGD,COVID-19,3341
2024-10-20,Bangladesh,BGD,COVID-19,2705
2024-10-27,Bangladesh,BGD,COVID-19,3372
2024-11-03,Bangladesh,BGD,COVID-19,2603
2024-11-10,Bangladesh,BGD,COVID-19,3403
2024-11-17,Bangladesh,BGD,COVID-19,2857
2024-11-24,Bangladesh,BGD,COVID-19,2924
2024-12-01,Bangladesh,BGD,COVID-19,3505
2024-12-08,Bangladesh,BGD,COVID-19,2720
2024-12-15,Bangladesh,BGD,COVID-19,2520
2024-12-22,Bangladesh,BGD,COVID-19,2818
2024-12-29,Bangladesh,BGD,COVID-19,3364
2025-01-05,Bangladesh,BGD,COVID-19,2549
2025-01-12,Bangladesh,BGD,COVID-19,3924
2025-01-19,Bangladesh,BGD,COVID-19,3597
2025-01-26,Bangladesh,BGD,COVID-19,5085
2025-02-02,Bangladesh,BGD,COVID-19,3118
2025-02-09,Bangladesh,BGD,COVID-19,4845
2025-02-16,Bangladesh,BGD,COVID-19,4643
2025-02-23,Bangladesh,BGD,COVID-19,6142
2025-03-02,Bangladesh,BGD,COVID-19,8139
2025-03-09,Bangladesh,BGD,COVID-19,8449
2025-03-16,Bangladesh,BGD,COVID-19,9109
2025-03-23,Bangladesh,BGD,COVID-19,9909
2025-03-30,Bangladesh,BGD,COVID-19,11007
2025-04-06,Bangladesh,BGD,COVID-19,9350
2025-04-13,Bangladesh,BGD,COVID-19,12312
2025-04-20,Bangladesh,BGD,COVID-19,12112
2025-04-27,Bangladesh,BGD,COVID-19,11298
2025-05-04,Bangladesh,BGD,COVID-19,10998
2025-05-11,Bangladesh,BGD,COVID-19,9889
2025-05-18,Bangladesh,BGD,COVID-19,11334
2025-05-25,Bangladesh,BGD,COVID-19,7745
2025-06-01,Bangladesh,BGD,COVID-19,6688
2025-06-08,Bangladesh,BGD,COVID-19,5514
2025-06-15,Bangladesh,BGD,COVID-19,4644
2025-06-22,Bangladesh,BGD,COVID-19,3959
2025-06-29,Bangladesh,BGD,COVID-19,3764
2025-07-06,Bangladesh,BGD,COVID-19,3880
2025-07-13,Bangladesh,BGD,COVID-19,3777
2025-07-20,Bangladesh,BGD,COVID-19,3382
2025-07-27,Bangladesh,BGD,COVID-19,2824
2025-08-03,Bangladesh,BGD,COVID-19,3502
2025-08-10,Bangladesh,BGD,COVID-19,3371
2025-08-17,Bangladesh,BGD,COVID-19,2957
2025-08-24,Bangladesh,BGD,COVID-19,2770
2025-08-31,Bangladesh,BGD,COVID-19,3416
2025-09-07,Bangladesh,BGD,COVID-19,3387
2025-09-14,Bangladesh,BGD,COVID-19,2732
2025-09-21,Bangladesh,BGD,COVID-19,3715
2025-09-28,Bangladesh,BGD,COVID-19,4257
2025-10-05,Bangladesh,BGD,COVID-19,3916
2025-10-12,Bangladesh,BGD,COVID-19,5199
2025-10-19,Bangladesh,BGD,COVID-19,4444
2025-10-26,Bangladesh,BGD,COVID-19,7698
2025-11-02,Bangladesh,BGD,COVID-19,8586
2025-11-09,Bangladesh,BGD,COVID-19,7820
2025-11-16,Bangladesh,BGD,COVID-19,9567
2025-11-23,Bangladesh,BGD,COVID-19,6408
2025-11-30,Bangladesh,BGD,COVID-19,9073
2025-12-07,Bangladesh,BGD,COVID-19,11331
2025-12-14,Bangladesh,BGD,COVID-19,10591
2025-12-21,Bangladesh,BGD,COVID-19,14657
2025-12-28,Bangladesh,BGD,COVID-19,17764
2026-01-04,Bangladesh,BGD,COVID-19,11438
2026-01-11,Bangladesh,BGD,COVID-19,12140
2026-01-18,Bangladesh,BGD,COVID-19,14138
2026-01-25,Bangladesh,BGD,COVID-19,16411
2026-02-01,Bangladesh,BGD,COVID-19,10284
2026-02-08,Bangladesh,BGD,COVID-19,12262
2026-02-15,Bangladesh,BGD,COVID-19,13929
2026-02-22,Bangladesh,BGD,COVID-19,7520
2026-03-01,Bangladesh,BGD,COVID-19,7298
2026-03-08,Bangladesh,BGD,COVID-19,7576
2026-03-15,Bangladesh,BGD,COVID-19,6636
2026-03-22,Bangladesh,BGD,COVID-19,7159
2026-03-29,Bangladesh,BGD,COVID-19,5862
2026-04-05,Bangladesh,BGD,COVID-19,3692
2026-04-12,Bangladesh,BGD,COVID-19,4856
2026-04-19,Bangladesh,BGD,COVID-19,3726
2026-04-26,Bangladesh,BGD,COVID-19,4454
2026-05-03,Bangladesh,BGD,COVID-19,3151
2026-05-10,Bangladesh,BGD,COVID-19,2975
2026-05-17,Bangladesh,BGD,COVID-19,3422
2026-05-24,Bangladesh,BGD,COVID-19,3465
2026-05-31,Bangladesh,BGD,COVID-19,3342
2026-06-07,Bangladesh,BGD,COVID-19,2431
2026-06-14,Bangladesh,BGD,COVID-19,3790
2026-06-21,Bangladesh,BGD,COVID-19,3315
2026-06-28,Bangladesh,BGD,COVID-19,4692
2026-07-05,Bangladesh,BGD,COVID-19,4197
2026-07-12,Bangladesh,BGD,COVID-19,6723
2026-07-19,Bangladesh,BGD,COVID-19,6456
2026-07-26,Bangladesh,BGD,COVID-19,6739
2026-08-02,Bangladesh,BGD,COVID-19,10135
2026-08-09,Bangladesh,BGD,COVID-19,9991
2026-08-16,Bangladesh,BGD,COVID-19,8824
2026-08-23,Bangladesh,BGD,COVID-19,11412
2026-08-30,Bangladesh,BGD,COVID-19,8091
2026-09-06,Bangladesh,BGD,COVID-19,7750
2026-09-13,Bangladesh,BGD,COVID-19,6935
2026-09-20,Bangladesh,BGD,COVID-19,5130
2026-09-27,Bangladesh,BGD,COVID-19,5118
2026-10-04,Bangladesh,BGD,COVID-19,3760
2024-10-13,Pakistan,PAK,Dengue,27308
2024-10-20,Pakistan,PAK,Dengue,17475
2024-10-27,Pakistan,PAK,Dengue,11862
2024-11-03,Pakistan,PAK,Dengue,20374
2024-11-10,Pakistan,PAK,Dengue,19690
2024-11-17,Pakistan,PAK,Dengue,11429
2024-11-24,Pakistan,PAK,Dengue,7269
2024-12-01,Pakistan,PAK,Dengue,8124
2024-12-08,Pakistan,PAK,Dengue,6725
2024-12-15,Pakistan,PAK,Dengue,5612
2024-12-22,Pakistan,PAK,Dengue,3974
2024-12-29,Pakistan,PAK,Dengue,4342
2025-01-05,Pakistan,PAK,Dengue,3694
2025-01-12,Pakistan,PAK,Dengue,2349
2025-01-19,Pakistan,PAK,Dengue,3060
2025-01-26,Pakistan,PAK,Dengue,3422
2025-02-02,Pakistan,PAK,Dengue,2600
2025-02-09,Pakistan,PAK,Dengue,2372
2025-02-16,Pakistan,PAK,Dengue,2435
2025-02-23,Pakistan,PAK,Dengue,2718
2025-03-02,Pakistan,PAK,Dengue,1845
2025-03-09,Pakistan,PAK,Dengue,2559
2025-03-16,Pakistan,PAK,Dengue,2356
2025-03-23,Pakistan,PAK,Dengue,3203
2025-03-30,Pakistan,PAK,Dengue,2451
2025-04-06,Pakistan,PAK,Dengue,3172
2025-04-13,Pakistan,PAK,Dengue,2156
2025-04-20,Pakistan,PAK,Dengue,2913
2025-04-27,Pakistan,PAK,Dengue,2981
2025-05-04,Pakistan,PAK,Dengue,2715
2025-05-11,Pakistan,PAK,Dengue,3639
2025-05-18,Pakistan,PAK,Dengue,4906
2025-05-25,Pakistan,PAK,Dengue,4735
2025-06-01,Pakistan,PAK,Dengue,4514
2025-06-08,Pakistan,PAK,Dengue,7367
2025-06-15,Pakistan,PAK,Dengue,7774
2025-06-22,Pakistan,PAK,Dengue,10295
2025-06-29,Pakistan,PAK,Dengue,12781
2025-07-06,Pakistan,PAK,Dengue,11314
2025-07-13,Pakistan,PAK,Dengue,13322
2025-07-20,Pakistan,PAK,Dengue,21444
2025-07-27,Pakistan,PAK,Dengue,20607
2025-08-03,Pakistan,PAK,Dengue,15123
2025-08-10,Pakistan,PAK,Dengue,29686
2025-08-17,Pakistan,PAK,Dengue,29369
2025-08-24,Pakistan,PAK,Dengue,26320
2025-08-31,Pakistan,PAK,Dengue,24298
2025-09-07,Pakistan,PAK,Dengue,34424
2025-09-14,Pakistan,PAK,Dengue,31983
2025-09-21,Pakistan,PAK,Dengue,40304
2025-09-28,Pakistan,PAK,Dengue,30326
2025-10-05,Pakistan,PAK,Dengue,28518
2025-10-12,Pakistan,PAK,Dengue,24405
2025-10-19,Pakistan,PAK,Dengue,25657
2025-10-26,Pakistan,PAK,Dengue,22440
2025-11-02,Pakistan,PAK,Dengue,21505
2025-11-09,Pakistan,PAK,Dengue,14484
2025-11-16,Pakistan,PAK,Dengue,12545
2025-11-23,Pakistan,PAK,Dengue,10486
2025-11-30,Pakistan,PAK,Dengue,10509
2025-12-07,Pakistan,PAK,Dengue,9487
2025-12-14,Pakistan,PAK,Dengue,5929
2025-12-21,Pakistan,PAK,Dengue,4922
2025-12-28,Pakistan,PAK,Dengue,4609
2026-01-04,Pakistan,PAK,Dengue,3633
2026-01-11,Pakistan,PAK,Dengue,3811
2026-01-18,Pakistan,PAK,Dengue,2020
2026-01-25,Pakistan,PAK,Dengue,2523
2026-02-01,Pakistan,PAK,Dengue,2463
2026-02-08,Pakistan,PAK,Dengue,1793
2026-02-15,Pakistan,PAK,Dengue,2342
2026-02-22,Pakistan,PAK,Dengue,2362
2026-03-01,Pakistan,PAK,Dengue,2659
2026-03-08,Pakistan,PAK,Dengue,3205
2026-03-15,Pakistan,PAK,Dengue,2650
2026-03-22,Pakistan,PAK,Dengue,2331
2026-03-29,Pakistan,PAK,Dengue,2743
2026-04-05,Pakistan,PAK,Dengue,3228
2026-04-12,Pakistan,PAK,Dengue,2424
2026-04-19,Pakistan,PAK,Dengue,2540
2026-04-26,Pakistan,PAK,Dengue,3387
2026-05-03,Pakistan,PAK,Dengue,3315
2026-05-10,Pakistan,PAK,Dengue,4270
2026-05-17,Pakistan,PAK,Dengue,4548
2026-05-24,Pakistan,PAK,Dengue,6038
2026-05-31,Pakistan,PAK,Dengue,5608
2026-06-07,Pakistan,PAK,Dengue,8091
2026-06-14,Pakistan,PAK,Dengue,9553
2026-06-21,Pakistan,PAK,Dengue,9734
2026-06-28,Pakistan,PAK,Dengue,10864
2026-07-05,Pakistan,PAK,Dengue,18389
2026-07-12,Pakistan,PAK,Dengue,18265
2026-07-19,Pakistan,PAK,Dengue,18562
2026-07-26,Pakistan,PAK,Dengue,24156
2026-08-02,Pakistan,PAK,Dengue,31494
2026-08-09,Pakistan,PAK,Dengue,19146
2026-08-16,Pakistan,PAK,Dengue,23974
2026-08-23,Pakistan,PAK,Dengue,27819
2026-08-30,Pakistan,PAK,Dengue,40432
2026-09-06,Pakistan,PAK,Dengue,34917
2026-09-13,Pakistan,PAK,Dengue,37104
2026-09-20,Pakistan,PAK,Dengue,26946
2026-09-27,Pakistan,PAK,Dengue,25981
2026-10-04,Pakistan,PAK,Dengue,31475
2024-10-13,Pakistan,PAK,Influenza,6656
2024-10-20,Pakistan,PAK,Influenza,6233
2024-10-27,Pakistan,PAK,Influenza,4852
2024-11-03,Pakistan,PAK,Influenza,4494
2024-11-10,Pakistan,PAK,Influenza,3819
2024-11-17,Pakistan,PAK,Influenza,3624
2024-11-24,Pakistan,PAK,Influenza,3201
2024-12-01,Pakistan,PAK,Influenza,1935
2024-12-08,Pakistan,PAK,Influenza,1549
2024-12-15,Pakistan,PAK,Influenza,2515
2024-12-22,Pakistan,PAK,Influenza,2464
2024-12-29,Pakistan,PAK,Influenza,1725
2025-01-05,Pakistan,PAK,Influenza,1449
2025-01-12,Pakistan,PAK,Influenza,2029
2025-01-19,Pakistan,PAK,Influenza,2276
2025-01-26,Pakistan,PAK,Influenza,2536
2025-02-02,Pakistan,PAK,Influenza,2152
2025-02-09,Pakistan,PAK,Influenza,1888
2025-02-16,Pakistan,PAK,Influenza,1741
2025-02-23,Pakistan,PAK,Influenza,2040
2025-03-02,Pakistan,PAK,Influenza,1997
2025-03-09,Pakistan,PAK,Influenza,1854
2025-03-16,Pakistan,PAK,Influenza,3055
2025-03-23,Pakistan,PAK,Influenza,3241
2025-03-30,Pakistan,PAK,Influenza,3342
2025-04-06,Pakistan,PAK,Influenza,2797
2025-04-13,Pakistan,PAK,Influenza,4209
2025-04-20,Pakistan,PAK,Influenza,4728
2025-04-27,Pakistan,PAK,Influenza,5324
2025-05-04,Pakistan,PAK,Influenza,6838
2025-05-11,Pakistan,PAK,Influenza,7227
2025-05-18,Pakistan,PAK,Influenza,8326
2025-05-25,Pakistan,PAK,Influenza,9229
2025-06-01,Pakistan,PAK,Influenza,9842
2025-06-08,Pakistan,PAK,Influenza,7532
2025-06-15,Pakistan,PAK,Influenza,11296
2025-06-22,Pakistan,PAK,Influenza,10956
2025-06-29,Pakistan,PAK,Influenza,10219
2025-07-06,Pakistan,PAK,Influenza,16548
2025-07-13,Pakistan,PAK,Influenza,17171
2025-07-20,Pakistan,PAK,Influenza,16726
2025-07-27,Pakistan,PAK,Influenza,14516
2025-08-03,Pakistan,PAK,Influenza,16708
2025-08-10,Pakistan,PAK,Influenza,13659
2025-08-17,Pakistan,PAK,Influenza,13616
2025-08-24,Pakistan,PAK,Influenza,10573
2025-08-31,Pakistan,PAK,Influenza,12665
2025-09-07,Pakistan,PAK,Influenza,11257
2025-09-14,Pakistan,PAK,Influenza,8274
2025-09-21,Pakistan,PAK,Influenza,9291
2025-09-28,Pakistan,PAK,Influenza,8324
2025-10-05,Pakistan,PAK,Influenza,9515
2025-10-12,Pakistan,PAK,Influenza,7483
2025-10-19,Pakistan,PAK,Influenza,5769
2025-10-26,Pakistan,PAK,Influenza,5179
2025-11-02,Pakistan,PAK,Influenza,4343
2025-11-09,Pakistan,PAK,Influenza,3617
2025-11-16,Pakistan,PAK,Influenza,2718
2025-11-23,Pakistan,PAK,Influenza,2791
2025-11-30,Pakistan,PAK,Influenza,2270
2025-12-07,Pakistan,PAK,Influenza,1899
2025-12-14,Pakistan,PAK,Influenza,2354
2025-12-21,Pakistan,PAK,Influenza,2214
2025-12-28,Pakistan,PAK,Influenza,1491
2026-01-04,Pakistan,PAK,Influenza,1973
2026-01-11,Pakistan,PAK,Influenza,2298
2026-01-18,Pakistan,PAK,Influenza,2315
2026-01-25,Pakistan,PAK,Influenza,2305
2026-02-01,Pakistan,PAK,Influenza,2009
2026-02-08,Pakistan,PAK,Influenza,1746
2026-02-15,Pakistan,PAK,Influenza,1683
2026-02-22,Pakistan,PAK,Influenza,2142
2026-03-01,Pakistan,PAK,Influenza,2210
2026-03-08,Pakistan,PAK,Influenza,2609
2026-03-15,Pakistan,PAK,Influenza,2723
2026-03-22,Pakistan,PAK,Influenza,2505
2026-03-29,Pakistan,PAK,Influenza,2323
2026-04-05,Pakistan,PAK,Influenza,3090
2026-04-12,Pakistan,PAK,Influenza,3852
2026-04-19,Pakistan,PAK,Influenza,4184
2026-04-26,Pakistan,PAK,Influenza,4560
2026-05-03,Pakistan,PAK,Influenza,5977
2026-05-10,Pakistan,PAK,Influenza,6100
2026-05-17,Pakistan,PAK,Influenza,6788
2026-05-24,Pakistan,PAK,Influenza,8818
2026-05-31,Pakistan,PAK,Influenza,8799
2026-06-07,Pakistan,PAK,Influenza,10660
2026-06-14,Pakistan,PAK,Influenza,11613
2026-06-21,Pakistan,PAK,Influenza,9910
2026-06-28,Pakistan,PAK,Influenza,11734
2026-07-05,Pakistan,PAK,Influenza,16064
2026-07-12,Pakistan,PAK,Influenza,11258
2026-07-19,Pakistan,PAK,Influenza,9482
2026-07-26,Pakistan,PAK,Influenza,10076
2026-08-02,Pakistan,PAK,Influenza,13954
2026-08-09,Pakistan,PAK,Influenza,13698
2026-08-16,Pakistan,PAK,Influenza,12981
2026-08-23,Pakistan,PAK,Influenza,14950
2026-08-30,Pakistan,PAK,Influenza,7161
2026-09-06,Pakistan,PAK,Influenza,11819
2026-09-13,Pakistan,PAK,Influenza,12692
2026-09-20,Pakistan,PAK,Influenza,7779
2026-09-27,Pakistan,PAK,Influenza,7944
2026-10-04,Pakistan,PAK,Influenza,6648
2024-10-13,Pakistan,PAK,COVID-19,4151
2024-10-20,Pakistan,PAK,COVID-19,4561
2024-10-27,Pakistan,PAK,COVID-19,5825
2024-11-03,Pakistan,PAK,COVID-19,6126
2024-11-10,Pakistan,PAK,COVID-19,4568
2024-11-17,Pakistan,PAK,COVID-19,6203
2024-11-24,Pakistan,PAK,COVID-19,4875
2024-12-01,Pakistan,PAK,COVID-19,6175
2024-12-08,Pakistan,PAK,COVID-19,4884
2024-12-15,Pakistan,PAK,COVID-19,5152
2024-12-22,Pakistan,PAK,COVID-19,5489
2024-12-29,Pakistan,PAK,COVID-19,8012
2025-01-05,Pakistan,PAK,COVID-19,6471
2025-01-12,Pakistan,PAK,COVID-19,5514
2025-01-19,Pakistan,PAK,COVID-19,7719
2025-01-26,Pakistan,PAK,COVID-19,7066
2025-02-02,Pakistan,PAK,COVID-19,7763
2025-02-09,Pakistan,PAK,COVID-19,10751
2025-02-16,Pakistan,PAK,COVID-19,10755
2025-02-23,Pakistan,PAK,COVID-19,12579
2025-03-02,Pakistan,PAK,COVID-19,13543
2025-03-09,Pakistan,PAK,COVID-19,15710
2025-03-16,Pakistan,PAK,COVID-19,17347
2025-03-23,Pakistan,PAK,COVID-19,12404
2025-03-30,Pakistan,PAK,COVID-19,20235
2025-04-06,Pakistan,PAK,COVID-19,16180
2025-04-13,Pakistan,PAK,COVID-19,15025
2025-04-20,Pakistan,PAK,COVID-19,18808
2025-04-27,Pakistan,PAK,COVID-19,18628
2025-05-04,Pakistan,PAK,COVID-19,15665
2025-05-11,Pakistan,PAK,COVID-19,18341
2025-05-18,Pakistan,PAK,COVID-19,11944
2025-05-25,Pakistan,PAK,COVID-19,12690
2025-06-01,Pakistan,PAK,COVID-19,11016
2025-06-08,Pakistan,PAK,COVID-19,10632
2025-06-15,Pakistan,PAK,COVID-19,9860
2025-06-22,Pakistan,PAK,COVID-19,7116
2025-06-29,Pakistan,PAK,COVID-19,8293
2025-07-06,Pakistan,PAK,COVID-19,6818
2025-07-13,Pakistan,PAK,COVID-19,4436
2025-07-20,Pakistan,PAK,COVID-19,4082
2025-07-27,Pakistan,PAK,COVID-19,5484
2025-08-03,Pakistan,PAK,COVID-19,5138
2025-08-10,Pakistan,PAK,COVID-19,5145
2025-08-17,Pakistan,PAK,COVID-19,5197
2025-08-24,Pakistan,PAK,COVID-19,5467
2025-08-31,Pakistan,PAK,COVID-19,6210
2025-09-07,Pakistan,PAK,COVID-19,4728
2025-09-14,Pakistan,PAK,COVID-19,4954
2025-09-21,Pakistan,PAK,COVID-19,5405
2025-09-28,Pakistan,PAK,COVID-19,7361
2025-10-05,Pakistan,PAK,COVID-19,9254
2025-10-12,Pakistan,PAK,COVID-19,8144
2025-10-19,Pakistan,PAK,COVID-19,6116
2025-10-26,Pakistan,PAK,COVID-19,8222
2025-11-02,Pakistan,PAK,COVID-19,10900
2025-11-09,Pakistan,PAK,COVID-19,12827
2025-11-16,Pakistan,PAK,COVID-19,14669
2025-11-23,Pakistan,PAK,COVID-19,17385
2025-11-30,Pakistan,PAK,COVID-19,18022
2025-12-07,Pakistan,PAK,COVID-19,23629
2025-12-14,Pakistan,PAK,COVID-19,19533
2025-12-21,Pakistan,PAK,COVID-19,19851
2025-12-28,Pakistan,PAK,COVID-19,25234
2026-01-04,Pakistan,PAK,COVID-19,18411
2026-01-11,Pakistan,PAK,COVID-19,25311
2026-01-18,Pakistan,PAK,COVID-19,23881
2026-01-25,Pakistan,PAK,COVID-19,22260
2026-02-01,Pakistan,PAK,COVID-19,26856
2026-02-08,Pakistan,PAK,COVID-19,18458
2026-02-15,Pakistan,PAK,COVID-19,24666
2026-02-22,Pakistan,PAK,COVID-19,16636
2026-03-01,Pakistan,PAK,COVID-19,12579
2026-03-08,Pakistan,PAK,COVID-19,14081
2026-03-15,Pakistan,PAK,COVID-19,10396
2026-03-22,Pakistan,PAK,COVID-19,9752
2026-03-29,Pakistan,PAK,COVID-19,10323
2026-04-05,Pakistan,PAK,COVID-19,9389
2026-04-12,Pakistan,PAK,COVID-19,7039
2026-04-19,Pakistan,PAK,COVID-19,8066
2026-04-26,Pakistan,PAK,COVID-19,7559
2026-05-03,Pakistan,PAK,COVID-19,7282
2026-05-10,Pakistan,PAK,COVID-19,6114
2026-05-17,Pakistan,PAK,COVID-19,6566
2026-05-24,Pakistan,PAK,COVID-19,3844
2026-05-31,Pakistan,PAK,COVID-19,5136
2026-06-07,Pakistan,PAK,COVID-19,4875
2026-06-14,Pakistan,PAK,COVID-19,6147
2026-06-21,Pakistan,PAK,COVID-19,6179
2026-06-28,Pakistan,PAK,COVID-19,7612
2026-07-05,Pakistan,PAK,COVID-19,11785
2026-07-12,Pakistan,PAK,COVID-19,10576
2026-07-19,Pakistan,PAK,COVID-19,13435
2026-07-26,Pakistan,PAK,COVID-19,13871
2026-08-02,Pakistan,PAK,COVID-19,15946
2026-08-09,Pakistan,PAK,COVID-19,16621
2026-08-16,Pakistan,PAK,COVID-19,17865
2026-08-23,Pakistan,PAK,COVID-19,18963
2026-08-30,Pakistan,PAK,COVID-19,18609
2026-09-06,Pakistan,PAK,COVID-19,13902
2026-09-13,Pakistan,PAK,COVID-19,12497
2026-09-20,Pakistan,PAK,COVID-19,8060
2026-09-27,Pakistan,PAK,COVID-19,8124
2026-10-04,Pakistan,PAK,COVID-19,8032
2024-10-13,Sri Lanka,LKA,Dengue,843
2024-10-20,Sri Lanka,LKA,Dengue,846
2024-10-27,Sri Lanka,LKA,Dengue,720
2024-11-03,Sri Lanka,LKA,Dengue,698
2024-11-10,Sri Lanka,LKA,Dengue,536
2024-11-17,Sri Lanka,LKA,Dengue,415
2024-11-24,Sri Lanka,LKA,Dengue,388
2024-12-01,Sri Lanka,LKA,Dengue,172
2024-12-08,Sri Lanka,LKA,Dengue,268
2024-12-15,Sri Lanka,LKA,Dengue,104
2024-12-22,Sri Lanka,LKA,Dengue,128
2024-12-29,Sri Lanka,LKA,Dengue,154
2025-01-05,Sri Lanka,LKA,Dengue,132
2025-01-12,Sri Lanka,LKA,Dengue,90
2025-01-19,Sri Lanka,LKA,Dengue,89
2025-01-26,Sri Lanka,LKA,Dengue,114
2025-02-02,Sri Lanka,LKA,Dengue,85
2025-02-09,Sri Lanka,LKA,Dengue,120
2025-02-16,Sri Lanka,LKA,Dengue,90
2025-02-23,Sri Lanka,LKA,Dengue,95
2025-03-02,Sri Lanka,LKA,Dengue,112
2025-03-09,Sri Lanka,LKA,Dengue,92
2025-03-16,Sri Lanka,LKA,Dengue,77
2025-03-23,Sri Lanka,LKA,Dengue,89
2025-03-30,Sri Lanka,LKA,Dengue,90
2025-04-06,Sri Lanka,LKA,Dengue,73
2025-04-13,Sri Lanka,LKA,Dengue,90
2025-04-20,Sri Lanka,LKA,Dengue,86
2025-04-27,Sri Lanka,LKA,Dengue,117
2025-05-04,Sri Lanka,LKA,Dengue,113
2025-05-11,Sri Lanka,LKA,Dengue,122
2025-05-18,Sri Lanka,LKA,Dengue,147
2025-05-25,Sri Lanka,LKA,Dengue,185
2025-06-01,Sri Lanka,LKA,Dengue,238
2025-06-08,Sri Lanka,LKA,Dengue,226
2025-06-15,Sri Lanka,LKA,Dengue,274
2025-06-22,Sri Lanka,LKA,Dengue,456
2025-06-29,Sri Lanka,LKA,Dengue,438
2025-07-06,Sri Lanka,LKA,Dengue,432
2025-07-13,Sri Lanka,LKA,Dengue,676
2025-07-20,Sri Lanka,LKA,Dengue,771
2025-07-27,Sri Lanka,LKA,Dengue,621
2025-08-03,Sri Lanka,LKA,Dengue,917
2025-08-10,Sri Lanka,LKA,Dengue,1063
2025-08-17,Sri Lanka,LKA,Dengue,1075
2025-08-24,Sri Lanka,LKA,Dengue,1164
2025-08-31,Sri Lanka,LKA,Dengue,862
2025-09-07,Sri Lanka,LKA,Dengue,1158
2025-09-14,Sri Lanka,LKA,Dengue,1046
2025-09-21,Sri Lanka,LKA,Dengue,993
2025-09-28,Sri Lanka,LKA,Dengue,1163
2025-10-05,Sri Lanka,LKA,Dengue,1187
2025-10-12,Sri Lanka,LKA,Dengue,1145
2025-10-19,Sri Lanka,LKA,Dengue,987
2025-10-26,Sri Lanka,LKA,Dengue,728
2025-11-02,Sri Lanka,LKA,Dengue,687
2025-11-09,Sri Lanka,LKA,Dengue,632
2025-11-16,Sri Lanka,LKA,Dengue,493
2025-11-23,Sri Lanka,LKA,Dengue,415
2025-11-30,Sri Lanka,LKA,Dengue,381
2025-12-07,Sri Lanka,LKA,Dengue,277
2025-12-14,Sri Lanka,LKA,Dengue,204
2025-12-21,Sri Lanka,LKA,Dengue,178
2025-12-28,Sri Lanka,LKA,Dengue,174
2026-01-04,Sri Lanka,LKA,Dengue,136
2026-01-11,Sri Lanka,LKA,Dengue,126
2026-01-18,Sri Lanka,LKA,Dengue,121
2026-01-25,Sri Lanka,LKA,Dengue,98
2026-02-01,Sri Lanka,LKA,Dengue,112
2026-02-08,Sri Lanka,LKA,Dengue,105
2026-02-15,Sri Lanka,LKA,Dengue,80
2026-02-22,Sri Lanka,LKA,Dengue,120
2026-03-01,Sri Lanka,LKA,Dengue,91
2026-03-08,Sri Lanka,LKA,Dengue,74
2026-03-15,Sri Lanka,LKA,Dengue,84
2026-03-22,Sri Lanka,LKA,Dengue,84
2026-03-29,Sri Lanka,LKA,Dengue,101
2026-04-05,Sri Lanka,LKA,Dengue,96
2026-04-12,Sri Lanka,LKA,Dengue,97
2026-04-19,Sri Lanka,LKA,Dengue,116
2026-04-26,Sri Lanka,LKA,Dengue,118
2026-05-03,Sri Lanka,LKA,Dengue,129
2026-05-10,Sri Lanka,LKA,Dengue,149
2026-05-17,Sri Lanka,LKA,Dengue,180
2026-05-24,Sri Lanka,LKA,Dengue,135
2026-05-31,Sri Lanka,LKA,Dengue,226
2026-06-07,Sri Lanka,LKA,Dengue,197
2026-06-14,Sri Lanka,LKA,Dengue,358
2026-06-21,Sri Lanka,LKA,Dengue,429
2026-06-28,Sri Lanka,LKA,Dengue,592
2026-07-05,Sri Lanka,LKA,Dengue,708
2026-07-12,Sri Lanka,LKA,Dengue,716
2026-07-19,Sri Lanka,LKA,Dengue,731
2026-07-26,Sri Lanka,LKA,Dengue,948
2026-08-02,Sri Lanka,LKA,Dengue,894
2026-08-09,Sri Lanka,LKA,Dengue,1049
2026-08-16,Sri Lanka,LKA,Dengue,1279
2026-08-23,Sri Lanka,LKA,Dengue,1067
2026-08-30,Sri Lanka,LKA,Dengue,1340
2026-09-06,Sri Lanka,LKA,Dengue,1330
2026-09-13,Sri Lanka,LKA,Dengue,1028
2026-09-20,Sri Lanka,LKA,Dengue,1343
2026-09-27,Sri Lanka,LKA,Dengue,1244
2026-10-04,Sri Lanka,LKA,Dengue,1080
2024-10-13,Sri Lanka,LKA,Influenza,211
2024-10-20,Sri Lanka,LKA,Influenza,181
2024-10-27,Sri Lanka,LKA,Influenza,166
2024-11-03,Sri Lanka,LKA,Influenza,168
2024-11-10,Sri Lanka,LKA,Influenza,115
2024-11-17,Sri Lanka,LKA,Influenza,125
2024-11-24,Sri Lanka,LKA,Influenza,84
2024-12-01,Sri Lanka,LKA,Influenza,89
2024-12-08,Sri Lanka,LKA,Influenza,86
2024-12-15,Sri Lanka,LKA,Influenza,108
2024-12-22,Sri Lanka,LKA,Influenza,60
2024-12-29,Sri Lanka,LKA,Influenza,90
2025-01-05,Sri Lanka,LKA,Influenza,74
2025-01-12,Sri Lanka,LKA,Influenza,77
2025-01-19,Sri Lanka,LKA,Influenza,73
2025-01-26,Sri Lanka,LKA,Influenza,77
2025-02-02,Sri Lanka,LKA,Influenza,70
2025-02-09,Sri Lanka,LKA,Influenza,88
2025-02-16,Sri Lanka,LKA,Influenza,68
2025-02-23,Sri Lanka,LKA,Influenza,86
2025-03-02,Sri Lanka,LKA,Influenza,68
2025-03-09,Sri Lanka,LKA,Influenza,78
2025-03-16,Sri Lanka,LKA,Influenza,71
2025-03-23,Sri Lanka,LKA,Influenza,98
2025-03-30,Sri Lanka,LKA,Influenza,125
2025-04-06,Sri Lanka,LKA,Influenza,116
2025-04-13,Sri Lanka,LKA,Influenza,131
2025-04-20,Sri Lanka,LKA,Influenza,130
2025-04-27,Sri Lanka,LKA,Influenza,174
2025-05-04,Sri Lanka,LKA,Influenza,158
2025-05-11,Sri Lanka,LKA,Influenza,205
2025-05-18,Sri Lanka,LKA,Influenza,279
2025-05-25,Sri Lanka,LKA,Influenza,364
2025-06-01,Sri Lanka,LKA,Influenza,480
2025-06-08,Sri Lanka,LKA,Influenza,338
2025-06-15,Sri Lanka,LKA,Influenza,489
2025-06-22,Sri Lanka,LKA,Influenza,447
2025-06-29,Sri Lanka,LKA,Influenza,446
2025-07-06,Sri Lanka,LKA,Influenza,507
2025-07-13,Sri Lanka,LKA,Influenza,496
2025-07-20,Sri Lanka,LKA,Influenza,509
2025-07-27,Sri Lanka,LKA,Influenza,473
2025-08-03,Sri Lanka,LKA,Influenza,396
2025-08-10,Sri Lanka,LKA,Influenza,378
2025-08-17,Sri Lanka,LKA,Influenza,523
2025-08-24,Sri Lanka,LKA,Influenza,437
2025-08-31,Sri Lanka,LKA,Influenza,392
2025-09-07,Sri Lanka,LKA,Influenza,403
2025-09-14,Sri Lanka,LKA,Influenza,415
2025-09-21,Sri Lanka,LKA,Influenza,347
2025-09-28,Sri Lanka,LKA,Influenza,274
2025-10-05,Sri Lanka,LKA,Influenza,320
2025-10-12,Sri Lanka,LKA,Influenza,294
2025-10-19,Sri Lanka,LKA,Influenza,223
2025-10-26,Sri Lanka,LKA,Influenza,206
2025-11-02,Sri Lanka,LKA,Influenza,185
2025-11-09,Sri Lanka,LKA,Influenza,157
2025-11-16,Sri Lanka,LKA,Influenza,128
2025-11-23,Sri Lanka,LKA,Influenza,112
2025-11-30,Sri Lanka,LKA,Influenza,99
2025-12-07,Sri Lanka,LKA,Influenza,70
2025-12-14,Sri Lanka,LKA,Influenza,87
2025-12-21,Sri Lanka,LKA,Influenza,60
2025-12-28,Sri Lanka,LKA,Influenza,65
2026-01-04,Sri Lanka,LKA,Influenza,87
2026-01-11,Sri Lanka,LKA,Influenza,81
2026-01-18,Sri Lanka,LKA,Influenza,88
2026-01-25,Sri Lanka,LKA,Influenza,69
2026-02-01,Sri Lanka,LKA,Influenza,60
2026-02-08,Sri Lanka,LKA,Influenza,70
2026-02-15,Sri Lanka,LKA,Influenza,74
2026-02-22,Sri Lanka,LKA,Influenza,74
2026-03-01,Sri Lanka,LKA,Influenza,88
2026-03-08,Sri Lanka,LKA,Influenza,75
2026-03-15,Sri Lanka,LKA,Influenza,89
2026-03-22,Sri Lanka,LKA,Influenza,78
2026-03-29,Sri Lanka,LKA,Influenza,110
2026-04-05,Sri Lanka,LKA,Influenza,117
2026-04-12,Sri Lanka,LKA,Influenza,119
2026-04-19,Sri Lanka,LKA,Influenza,150
2026-04-26,Sri Lanka,LKA,Influenza,175
2026-05-03,Sri Lanka,LKA,Influenza,199
2026-05-10,Sri Lanka,LKA,Influenza,301
2026-05-17,Sri Lanka,LKA,Influenza,266
2026-05-24,Sri Lanka,LKA,Influenza,293
2026-05-31,Sri Lanka,LKA,Influenza,231
2026-06-07,Sri Lanka,LKA,Influenza,321
2026-06-14,Sri Lanka,LKA,Influenza,386
2026-06-21,Sri Lanka,LKA,Influenza,387
2026-06-28,Sri Lanka,LKA,Influenza,551
2026-07-05,Sri Lanka,LKA,Influenza,465
2026-07-12,Sri Lanka,LKA,Influenza,587
2026-07-19,Sri Lanka,LKA,Influenza,506
2026-07-26,Sri Lanka,LKA,Influenza,507
2026-08-02,Sri Lanka,LKA,Influenza,494
2026-08-09,Sri Lanka,LKA,Influenza,492
2026-08-16,Sri Lanka,LKA,Influenza,599
2026-08-23,Sri Lanka,LKA,Influenza,297
2026-08-30,Sri Lanka,LKA,Influenza,302
2026-09-06,Sri Lanka,LKA,Influenza,369
2026-09-13,Sri Lanka,LKA,Influenza,372
2026-09-20,Sri Lanka,LKA,Influenza,373
2026-09-27,Sri Lanka,LKA,Influenza,325
2026-10-04,Sri Lanka,LKA,Influenza,255
2024-10-13,Sri Lanka,LKA,COVID-19,199
2024-10-20,Sri Lanka,LKA,COVID-19,200
2024-10-27,Sri Lanka,LKA,COVID-19,178
2024-11-03,Sri Lanka,LKA,COVID-19,198
2024-11-10,Sri Lanka,LKA,COVID-19,181
2024-11-17,Sri Lanka,LKA,COVID-19,159
2024-11-24,Sri Lanka,LKA,COVID-19,193
2024-12-01,Sri Lanka,LKA,COVID-19,179
2024-12-08,Sri Lanka,LKA,COVID-19,179
2024-12-15,Sri Lanka,LKA,COVID-19,222
2024-12-22,Sri Lanka,LKA,COVID-19,119
2024-12-29,Sri Lanka,LKA,COVID-19,154
2025-01-05,Sri Lanka,LKA,COVID-19,170
2025-01-12,Sri Lanka,LKA,COVID-19,210
2025-01-19,Sri Lanka,LKA,COVID-19,234
2025-01-26,Sri Lanka,LKA,COVID-19,208
2025-02-02,Sri Lanka,LKA,COVID-19,257
2025-02-09,Sri Lanka,LKA,COVID-19,297
2025-02-16,Sri Lanka,LKA,COVID-19,528
2025-02-23,Sri Lanka,LKA,COVID-19,553
2025-03-02,Sri Lanka,LKA,COVID-19,457
2025-03-09,Sri Lanka,LKA,COVID-19,510
2025-03-16,Sri Lanka,LKA,COVID-19,487
2025-03-23,Sri Lanka,LKA,COVID-19,450
2025-03-30,Sri Lanka,LKA,COVID-19,652
2025-04-06,Sri Lanka,LKA,COVID-19,582
2025-04-13,Sri Lanka,LKA,COVID-19,683
2025-04-20,Sri Lanka,LKA,COVID-19,520
2025-04-27,Sri Lanka,LKA,COVID-19,587
2025-05-04,Sri Lanka,LKA,COVID-19,644
2025-05-11,Sri Lanka,LKA,COVID-19,620
2025-05-18,Sri Lanka,LKA,COVID-19,573
2025-05-25,Sri Lanka,LKA,COVID-19,391
2025-06-01,Sri Lanka,LKA,COVID-19,491
2025-06-08,Sri Lanka,LKA,COVID-19,340
2025-06-15,Sri Lanka,LKA,COVID-19,374
2025-06-22,Sri Lanka,LKA,COVID-19,302
2025-06-29,Sri Lanka,LKA,COVID-19,214
2025-07-06,Sri Lanka,LKA,COVID-19,232
2025-07-13,Sri Lanka,LKA,COVID-19,236
2025-07-20,Sri Lanka,LKA,COVID-19,228
2025-07-27,Sri Lanka,LKA,COVID-19,194
2025-08-03,Sri Lanka,LKA,COVID-19,236
2025-08-10,Sri Lanka,LKA,COVID-19,217
2025-08-17,Sri Lanka,LKA,COVID-19,181
2025-08-24,Sri Lanka,LKA,COVID-19,212
2025-08-31,Sri Lanka,LKA,COVID-19,253
2025-09-07,Sri Lanka,LKA,COVID-19,265
2025-09-14,Sri Lanka,LKA,COVID-19,177
2025-09-21,Sri Lanka,LKA,COVID-19,201
2025-09-28,Sri Lanka,LKA,COVID-19,311
2025-10-05,Sri Lanka,LKA,COVID-19,237
2025-10-12,Sri Lanka,LKA,COVID-19,252
2025-10-19,Sri Lanka,LKA,COVID-19,327
2025-10-26,Sri Lanka,LKA,COVID-19,423
2025-11-02,Sri Lanka,LKA,COVID-19,442
2025-11-09,Sri Lanka,LKA,COVID-19,455
2025-11-16,Sri Lanka,LKA,COVID-19,506
2025-11-23,Sri Lanka,LKA,COVID-19,557
2025-11-30,Sri Lanka,LKA,COVID-19,592
2025-12-07,Sri Lanka,LKA,COVID-19,988
2025-12-14,Sri Lanka,LKA,COVID-19,819
2025-12-21,Sri Lanka,LKA,COVID-19,931
2025-12-28,Sri Lanka,LKA,COVID-19,787
2026-01-04,Sri Lanka,LKA,COVID-19,838
2026-01-11,Sri Lanka,LKA,COVID-19,770
2026-01-18,Sri Lanka,LKA,COVID-19,511
2026-01-25,Sri Lanka,LKA,COVID-19,651
2026-02-01,Sri Lanka,LKA,COVID-19,570
2026-02-08,Sri Lanka,LKA,COVID-19,486
2026-02-15,Sri Lanka,LKA,COVID-19,558
2026-02-22,Sri Lanka,LKA,COVID-19,744
2026-03-01,Sri Lanka,LKA,COVID-19,557
2026-03-08,Sri Lanka,LKA,COVID-19,600
2026-03-15,Sri Lanka,LKA,COVID-19,475
2026-03-22,Sri Lanka,LKA,COVID-19,443
2026-03-29,Sri Lanka,LKA,COVID-19,304
2026-04-05,Sri Lanka,LKA,COVID-19,337
2026-04-12,Sri Lanka,LKA,COVID-19,311
2026-04-19,Sri Lanka,LKA,COVID-19,231
2026-04-26,Sri Lanka,LKA,COVID-19,252
2026-05-03,Sri Lanka,LKA,COVID-19,234
2026-05-10,Sri Lanka,LKA,COVID-19,187
2026-05-17,Sri Lanka,LKA,COVID-19,163
2026-05-24,Sri Lanka,LKA,COVID-19,159
2026-05-31,Sri Lanka,LKA,COVID-19,197
2026-06-07,Sri Lanka,LKA,COVID-19,212
2026-06-14,Sri Lanka,LKA,COVID-19,192
2026-06-21,Sri Lanka,LKA,COVID-19,245
2026-06-28,Sri Lanka,LKA,COVID-19,306
2026-07-05,Sri Lanka,LKA,COVID-19,362
2026-07-12,Sri Lanka,LKA,COVID-19,482
2026-07-19,Sri Lanka,LKA,COVID-19,543
2026-07-26,Sri Lanka,LKA,COVID-19,440
2026-08-02,Sri Lanka,LKA,COVID-19,712
2026-08-09,Sri Lanka,LKA,COVID-19,551
2026-08-16,Sri Lanka,LKA,COVID-19,698
2026-08-23,Sri Lanka,LKA,COVID-19,588
2026-08-30,Sri Lanka,LKA,COVID-19,505
2026-09-06,Sri Lanka,LKA,COVID-19,349
2026-09-13,Sri Lanka,LKA,COVID-19,403
2026-09-20,Sri Lanka,LKA,COVID-19,269
2026-09-27,Sri Lanka,LKA,COVID-19,340
2026-10-04,Sri Lanka,LKA,COVID-19,312
2024-10-13,Thailand,THA,Dengue,4701
2024-10-20,Thailand,THA,Dengue,3660
2024-10-27,Thailand,THA,Dengue,3340
2024-11-03,Thailand,THA,Dengue,3633
2024-11-10,Thailand,THA,Dengue,2809
2024-11-17,Thailand,THA,Dengue,3043
2024-11-24,Thailand,THA,Dengue,1885
2024-12-01,Thailand,THA,Dengue,1943
2024-12-08,Thailand,THA,Dengue,1414
2024-12-15,Thailand,THA,Dengue,1283
2024-12-22,Thailand,THA,Dengue,883
2024-12-29,Thailand,THA,Dengue,786
2025-01-05,Thailand,THA,Dengue,667
2025-01-12,Thailand,THA,Dengue,525
2025-01-19,Thailand,THA,Dengue,604
2025-01-26,Thailand,THA,Dengue,570
2025-02-02,Thailand,THA,Dengue,548
2025-02-09,Thailand,THA,Dengue,610
2025-02-16,Thailand,THA,Dengue,601
2025-02-23,Thailand,THA,Dengue,466
2025-03-02,Thailand,THA,Dengue,522
2025-03-09,Thailand,THA,Dengue,449
2025-03-16,Thailand,THA,Dengue,498
2025-03-23,Thailand,THA,Dengue,453
2025-03-30,Thailand,THA,Dengue,620
2025-04-06,Thailand,THA,Dengue,531
2025-04-13,Thailand,THA,Dengue,496
2025-04-20,Thailand,THA,Dengue,626
2025-04-27,Thailand,THA,Dengue,381
2025-05-04,Thailand,THA,Dengue,432
2025-05-11,Thailand,THA,Dengue,787
2025-05-18,Thailand,THA,Dengue,831
2025-05-25,Thailand,THA,Dengue,1024
2025-06-01,Thailand,THA,Dengue,961
2025-06-08,Thailand,THA,Dengue,1460
2025-06-15,Thailand,THA,Dengue,2319
2025-06-22,Thailand,THA,Dengue,2419
2025-06-29,Thailand,THA,Dengue,2632
2025-07-06,Thailand,THA,Dengue,2817
2025-07-13,Thailand,THA,Dengue,3281
2025-07-20,Thailand,THA,Dengue,2700
2025-07-27,Thailand,THA,Dengue,4607
2025-08-03,Thailand,THA,Dengue,5493
2025-08-10,Thailand,THA,Dengue,4023
2025-08-17,Thailand,THA,Dengue,5041
2025-08-24,Thailand,THA,Dengue,4831
2025-08-31,Thailand,THA,Dengue,5136
2025-09-07,Thailand,THA,Dengue,6116
2025-09-14,Thailand,THA,Dengue,4143
2025-09-21,Thailand,THA,Dengue,6432
2025-09-28,Thailand,THA,Dengue,6298
2025-10-05,Thailand,THA,Dengue,5144
2025-10-12,Thailand,THA,Dengue,3117
2025-10-19,Thailand,THA,Dengue,3856
2025-10-26,Thailand,THA,Dengue,4822
2025-11-02,Thailand,THA,Dengue,2095
2025-11-09,Thailand,THA,Dengue,2954
2025-11-16,Thailand,THA,Dengue,2191
2025-11-23,Thailand,THA,Dengue,2511
2025-11-30,Thailand,THA,Dengue,1675
2025-12-07,Thailand,THA,Dengue,1629
2025-12-14,Thailand,THA,Dengue,1370
2025-12-21,Thailand,THA,Dengue,1330
2025-12-28,Thailand,THA,Dengue,846
2026-01-04,Thailand,THA,Dengue,790
2026-01-11,Thailand,THA,Dengue,514
2026-01-18,Thailand,THA,Dengue,713
2026-01-25,Thailand,THA,Dengue,506
2026-02-01,Thailand,THA,Dengue,507
2026-02-08,Thailand,THA,Dengue,544
2026-02-15,Thailand,THA,Dengue,416
2026-02-22,Thailand,THA,Dengue,562
2026-03-01,Thailand,THA,Dengue,623
2026-03-08,Thailand,THA,Dengue,569
2026-03-15,Thailand,THA,Dengue,416
2026-03-22,Thailand,THA,Dengue,537
2026-03-29,Thailand,THA,Dengue,610
2026-04-05,Thailand,THA,Dengue,397
2026-04-12,Thailand,THA,Dengue,472
2026-04-19,Thailand,THA,Dengue,660
2026-04-26,Thailand,THA,Dengue,645
2026-05-03,Thailand,THA,Dengue,722
2026-05-10,Thailand,THA,Dengue,987
2026-05-17,Thailand,THA,Dengue,968
2026-05-24,Thailand,THA,Dengue,1191
2026-05-31,Thailand,THA,Dengue,1852
2026-06-07,Thailand,THA,Dengue,1556
2026-06-14,Thailand,THA,Dengue,1723
2026-06-21,Thailand,THA,Dengue,2513
2026-06-28,Thailand,THA,Dengue,3000
2026-07-05,Thailand,THA,Dengue,3046
2026-07-12,Thailand,THA,Dengue,3232
2026-07-19,Thailand,THA,Dengue,5855
2026-07-26,Thailand,THA,Dengue,5100
2026-08-02,Thailand,THA,Dengue,4756
2026-08-09,Thailand,THA,Dengue,6565
2026-08-16,Thailand,THA,Dengue,6031
2026-08-23,Thailand,THA,Dengue,6161
2026-08-30,Thailand,THA,Dengue,7132
2026-09-06,Thailand,THA,Dengue,5356
2026-09-13,Thailand,THA,Dengue,6949
2026-09-20,Thailand,THA,Dengue,8297
2026-09-27,Thailand,THA,Dengue,6626
2026-10-04,Thailand,THA,Dengue,5520
2024-10-13,Thailand,THA,Influenza,1209
2024-10-20,Thailand,THA,Influenza,1072
2024-10-27,Thailand,THA,Influenza,953
2024-11-03,Thailand,THA,Influenza,807
2024-11-10,Thailand,THA,Influenza,842
2024-11-17,Thailand,THA,Influenza,476
2024-11-24,Thailand,THA,Influenza,640
2024-12-01,Thailand,THA,Influenza,478
2024-12-08,Thailand,THA,Influenza,490
2024-12-15,Thailand,THA,Influenza,360
2024-12-22,Thailand,THA,Influenza,497
2024-12-29,Thailand,THA,Influenza,479
2025-01-05,Thailand,THA,Influenza,456
2025-01-12,Thailand,THA,Influenza,307
2025-01-19,Thailand,THA,Influenza,445
2025-01-26,Thailand,THA,Influenza,420
2025-02-02,Thailand,THA,Influenza,301
2025-02-09,Thailand,THA,Influenza,395
2025-02-16,Thailand,THA,Influenza,420
2025-02-23,Thailand,THA,Influenza,438
2025-03-02,Thailand,THA,Influenza,426
2025-03-09,Thailand,THA,Influenza,453
2025-03-16,Thailand,THA,Influenza,566
2025-03-23,Thailand,THA,Influenza,600
2025-03-30,Thailand,THA,Influenza,323
2025-04-06,Thailand,THA,Influenza,613
2025-04-13,Thailand,THA,Influenza,722
2025-04-20,Thailand,THA,Influenza,631
2025-04-27,Thailand,THA,Influenza,1004
2025-05-04,Thailand,THA,Influenza,1356
2025-05-11,Thailand,THA,Influenza,1095
2025-05-18,Thailand,THA,Influenza,1561
2025-05-25,Thailand,THA,Influenza,1441
2025-06-01,Thailand,THA,Influenza,1670
2025-06-08,Thailand,THA,Influenza,2492
2025-06-15,Thailand,THA,Influenza,2033
2025-06-22,Thailand,THA,Influenza,2535
2025-06-29,Thailand,THA,Influenza,1804
2025-07-06,Thailand,THA,Influenza,3353
2025-07-13,Thailand,THA,Influenza,2949
2025-07-20,Thailand,THA,Influenza,2680
2025-07-27,Thailand,THA,Influenza,3012
2025-08-03,Thailand,THA,Influenza,2173
2025-08-10,Thailand,THA,Influenza,3184
2025-08-17,Thailand,THA,Influenza,2494
2025-08-24,Thailand,THA,Influenza,2432
2025-08-31,Thailand,THA,Influenza,2196
2025-09-07,Thailand,THA,Influenza,2020
2025-09-14,Thailand,THA,Influenza,2252
2025-09-21,Thailand,THA,Influenza,1928
2025-09-28,Thailand,THA,Influenza,1834
2025-10-05,Thailand,THA,Influenza,1484
2025-10-12,Thailand,THA,Influenza,1410
2025-10-19,Thailand,THA,Influenza,1070
2025-10-26,Thailand,THA,Influenza,1322
2025-11-02,Thailand,THA,Influenza,654
2025-11-09,Thailand,THA,Influenza,880
2025-11-16,Thailand,THA,Influenza,776
2025-11-23,Thailand,THA,Influenza,494
2025-11-30,Thailand,THA,Influenza,677
2025-12-07,Thailand,THA,Influenza,533
2025-12-14,Thailand,THA,Influenza,497
2025-12-21,Thailand,THA,Influenza,416
2025-12-28,Thailand,THA,Influenza,391
2026-01-04,Thailand,THA,Influenza,386
2026-01-11,Thailand,THA,Influenza,420
2026-01-18,Thailand,THA,Influenza,479
2026-01-25,Thailand,THA,Influenza,407
2026-02-01,Thailand,THA,Influenza,342
2026-02-08,Thailand,THA,Influenza,446
2026-02-15,Thailand,THA,Influenza,454
2026-02-22,Thailand,THA,Influenza,444
2026-03-01,Thailand,THA,Influenza,461
2026-03-08,Thailand,THA,Influenza,416
2026-03-15,Thailand,THA,Influenza,399
2026-03-22,Thailand,THA,Influenza,441
2026-03-29,Thailand,THA,Influenza,427
2026-04-05,Thailand,THA,Influenza,667
2026-04-12,Thailand,THA,Influenza,731
2026-04-19,Thailand,THA,Influenza,799
2026-04-26,Thailand,THA,Influenza,551
2026-05-03,Thailand,THA,Influenza,929
2026-05-10,Thailand,THA,Influenza,1529
2026-05-17,Thailand,THA,Influenza,1338
2026-05-24,Thailand,THA,Influenza,1761
2026-05-31,Thailand,THA,Influenza,1470
2026-06-07,Thailand,THA,Influenza,2480
2026-06-14,Thailand,THA,Influenza,2165
2026-06-21,Thailand,THA,Influenza,2474
2026-06-28,Thailand,THA,Influenza,3384
2026-07-05,Thailand,THA,Influenza,3217
2026-07-12,Thailand,THA,Influenza,2580
2026-07-19,Thailand,THA,Influenza,2510
2026-07-26,Thailand,THA,Influenza,2638
2026-08-02,Thailand,THA,Influenza,2966
2026-08-09,Thailand,THA,Influenza,2662
2026-08-16,Thailand,THA,Influenza,2466
2026-08-23,Thailand,THA,Influenza,3061
2026-08-30,Thailand,THA,Influenza,2330
2026-09-06,Thailand,THA,Influenza,2976
2026-09-13,Thailand,THA,Influenza,2067
2026-09-20,Thailand,THA,Influenza,2354
2026-09-27,Thailand,THA,Influenza,1760
2026-10-04,Thailand,THA,Influenza,1701
2024-10-13,Thailand,THA,COVID-19,848
2024-10-20,Thailand,THA,COVID-19,829
2024-10-27,Thailand,THA,COVID-19,1017
2024-11-03,Thailand,THA,COVID-19,1094
2024-11-10,Thailand,THA,COVID-19,960
2024-11-17,Thailand,THA,COVID-19,772
2024-11-24,Thailand,THA,COVID-19,766
2024-12-01,Thailand,THA,COVID-19,762
2024-12-08,Thailand,THA,COVID-19,722
2024-12-15,Thailand,THA,COVID-19,1019
2024-12-22,Thailand,THA,COVID-19,1206
2024-12-29,Thailand,THA,COVID-19,1074
2025-01-05,Thailand,THA,COVID-19,752
2025-01-12,Thailand,THA,COVID-19,1188
2025-01-19,Thailand,THA,COVID-19,1304
2025-01-26,Thailand,THA,COVID-19,1948
2025-02-02,Thailand,THA,COVID-19,1299
2025-02-09,Thailand,THA,COVID-19,1767
2025-02-16,Thailand,THA,COVID-19,2667
2025-02-23,Thailand,THA,COVID-19,2556
2025-03-02,Thailand,THA,COVID-19,2907
2025-03-09,Thailand,THA,COVID-19,3017
2025-03-16,Thailand,THA,COVID-19,3395
2025-03-23,Thailand,THA,COVID-19,3872
2025-03-30,Thailand,THA,COVID-19,3206
2025-04-06,Thailand,THA,COVID-19,4259
2025-04-13,Thailand,THA,COVID-19,3020
2025-04-20,Thailand,THA,COVID-19,3949
2025-04-27,Thailand,THA,COVID-19,3747
2025-05-04,Thailand,THA,COVID-19,3147
2025-05-11,Thailand,THA,COVID-19,3224
2025-05-18,Thailand,THA,COVID-19,2689
2025-05-25,Thailand,THA,COVID-19,2250
2025-06-01,Thailand,THA,COVID-19,2268
2025-06-08,Thailand,THA,COVID-19,1772
2025-06-15,Thailand,THA,COVID-19,1968
2025-06-22,Thailand,THA,COVID-19,1376
2025-06-29,Thailand,THA,COVID-19,1642
2025-07-06,Thailand,THA,COVID-19,1102
2025-07-13,Thailand,THA,COVID-19,1124
2025-07-20,Thailand,THA,COVID-19,1039
2025-07-27,Thailand,THA,COVID-19,1306
2025-08-03,Thailand,THA,COVID-19,1106
2025-08-10,Thailand,THA,COVID-19,1004
2025-08-17,Thailand,THA,COVID-19,1112
2025-08-24,Thailand,THA,COVID-19,717
2025-08-31,Thailand,THA,COVID-19,1071
2025-09-07,Thailand,THA,COVID-19,1462
2025-09-14,Thailand,THA,COVID-19,1216
2025-09-21,Thailand,THA,COVID-19,1295
2025-09-28,Thailand,THA,COVID-19,1514
2025-10-05,Thailand,THA,COVID-19,1754
2025-10-12,Thailand,THA,COVID-19,1210
2025-10-19,Thailand,THA,COVID-19,1452
2025-10-26,Thailand,THA,COVID-19,2260
2025-11-02,Thailand,THA,COVID-19,2206
2025-11-09,Thailand,THA,COVID-19,3323
2025-11-16,Thailand,THA,COVID-19,2953
2025-11-23,Thailand,THA,COVID-19,2433
2025-11-30,Thailand,THA,COVID-19,3037
2025-12-07,Thailand,THA,COVID-19,2379
2025-12-14,Thailand,THA,COVID-19,4160
2025-12-21,Thailand,THA,COVID-19,4394
2025-12-28,Thailand,THA,COVID-19,4372
2026-01-04,Thailand,THA,COVID-19,5512
2026-01-11,Thailand,THA,COVID-19,5596
2026-01-18,Thailand,THA,COVID-19,4546
2026-01-25,Thailand,THA,COVID-19,3069
2026-02-01,Thailand,THA,COVID-19,4700
2026-02-08,Thailand,THA,COVID-19,4374
2026-02-15,Thailand,THA,COVID-19,3911
2026-02-22,Thailand,THA,COVID-19,3918
2026-03-01,Thailand,THA,COVID-19,2547
2026-03-08,Thailand,THA,COVID-19,3597
2026-03-15,Thailand,THA,COVID-19,2105
2026-03-22,Thailand,THA,COVID-19,2425
2026-03-29,Thailand,THA,COVID-19,1443
2026-04-05,Thailand,THA,COVID-19,1479
2026-04-12,Thailand,THA,COVID-19,1890
2026-04-19,Thailand,THA,COVID-19,1339
2026-04-26,Thailand,THA,COVID-19,1438
2026-05-03,Thailand,THA,COVID-19,1231
2026-05-10,Thailand,THA,COVID-19,1106
2026-05-17,Thailand,THA,COVID-19,1302
2026-05-24,Thailand,THA,COVID-19,1024
2026-05-31,Thailand,THA,COVID-19,784
2026-06-07,Thailand,THA,COVID-19,978
2026-06-14,Thailand,THA,COVID-19,1297
2026-06-21,Thailand,THA,COVID-19,1420
2026-06-28,Thailand,THA,COVID-19,1184
2026-07-05,Thailand,THA,COVID-19,1625
2026-07-12,Thailand,THA,COVID-19,1965
2026-07-19,Thailand,THA,COVID-19,2372
2026-07-26,Thailand,THA,COVID-19,2262
2026-08-02,Thailand,THA,COVID-19,2833
2026-08-09,Thailand,THA,COVID-19,2934
2026-08-16,Thailand,THA,COVID-19,3704
2026-08-23,Thailand,THA,COVID-19,3590
2026-08-30,Thailand,THA,COVID-19,2895
2026-09-06,Thailand,THA,COVID-19,2480
2026-09-13,Thailand,THA,COVID-19,2325
2026-09-20,Thailand,THA,COVID-19,1696
2026-09-27,Thailand,THA,COVID-19,1352
2026-10-04,Thailand,THA,COVID-19,1199
2024-10-13,Vietnam,VNM,Dengue,3985
2024-10-20,Vietnam,VNM,Dengue,4516
2024-10-27,Vietnam,VNM,Dengue,4392
2024-11-03,Vietnam,VNM,Dengue,2662
2024-11-10,Vietnam,VNM,Dengue,3044
2024-11-17,Vietnam,VNM,Dengue,2505
2024-11-24,Vietnam,VNM,Dengue,2293
2024-12-01,Vietnam,VNM,Dengue,1811
2024-12-08,Vietnam,VNM,Dengue,1170
2024-12-15,Vietnam,VNM,Dengue,997
2024-12-22,Vietnam,VNM,Dengue,1020
2024-12-29,Vietnam,VNM,Dengue,982
2025-01-05,Vietnam,VNM,Dengue,487
2025-01-12,Vietnam,VNM,Dengue,678
2025-01-19,Vietnam,VNM,Dengue,695
2025-01-26,Vietnam,VNM,Dengue,544
2025-02-02,Vietnam,VNM,Dengue,584
2025-02-09,Vietnam,VNM,Dengue,476
2025-02-16,Vietnam,VNM,Dengue,520
2025-02-23,Vietnam,VNM,Dengue,401
2025-03-02,Vietnam,VNM,Dengue,344
2025-03-09,Vietnam,VNM,Dengue,607
2025-03-16,Vietnam,VNM,Dengue,454
2025-03-23,Vietnam,VNM,Dengue,497
2025-03-30,Vietnam,VNM,Dengue,424
2025-04-06,Vietnam,VNM,Dengue,426
2025-04-13,Vietnam,VNM,Dengue,536
2025-04-20,Vietnam,VNM,Dengue,508
2025-04-27,Vietnam,VNM,Dengue,640
2025-05-04,Vietnam,VNM,Dengue,710
2025-05-11,Vietnam,VNM,Dengue,791
2025-05-18,Vietnam,VNM,Dengue,916
2025-05-25,Vietnam,VNM,Dengue,1310
2025-06-01,Vietnam,VNM,Dengue,1082
2025-06-08,Vietnam,VNM,Dengue,1560
2025-06-15,Vietnam,VNM,Dengue,2240
2025-06-22,Vietnam,VNM,Dengue,2749
2025-06-29,Vietnam,VNM,Dengue,2168
2025-07-06,Vietnam,VNM,Dengue,3086
2025-07-13,Vietnam,VNM,Dengue,4506
2025-07-20,Vietnam,VNM,Dengue,4582
2025-07-27,Vietnam,VNM,Dengue,4900
2025-08-03,Vietnam,VNM,Dengue,5062
2025-08-10,Vietnam,VNM,Dengue,5329
2025-08-17,Vietnam,VNM,Dengue,6268
2025-08-24,Vietnam,VNM,Dengue,6038
2025-08-31,Vietnam,VNM,Dengue,6406
2025-09-07,Vietnam,VNM,Dengue,6590
2025-09-14,Vietnam,VNM,Dengue,5813
2025-09-21,Vietnam,VNM,Dengue,6827
2025-09-28,Vietnam,VNM,Dengue,8729
2025-10-05,Vietnam,VNM,Dengue,4209
2025-10-12,Vietnam,VNM,Dengue,5589
2025-10-19,Vietnam,VNM,Dengue,4312
2025-10-26,Vietnam,VNM,Dengue,4747
2025-11-02,Vietnam,VNM,Dengue,3882
2025-11-09,Vietnam,VNM,Dengue,3728
2025-11-16,Vietnam,VNM,Dengue,3362
2025-11-23,Vietnam,VNM,Dengue,2475
2025-11-30,Vietnam,VNM,Dengue,2340
2025-12-07,Vietnam,VNM,Dengue,1069
2025-12-14,Vietnam,VNM,Dengue,1679
2025-12-21,Vietnam,VNM,Dengue,1182
2025-12-28,Vietnam,VNM,Dengue,1089
2026-01-04,Vietnam,VNM,Dengue,656
2026-01-11,Vietnam,VNM,Dengue,621
2026-01-18,Vietnam,VNM,Dengue,664
2026-01-25,Vietnam,VNM,Dengue,612
2026-02-01,Vietnam,VNM,Dengue,619
2026-02-08,Vietnam,VNM,Dengue,681
2026-02-15,Vietnam,VNM,Dengue,429
2026-02-22,Vietnam,VNM,Dengue,668
2026-03-01,Vietnam,VNM,Dengue,584
2026-03-08,Vietnam,VNM,Dengue,567
2026-03-15,Vietnam,VNM,Dengue,457
2026-03-22,Vietnam,VNM,Dengue,631
2026-03-29,Vietnam,VNM,Dengue,376
2026-04-05,Vietnam,VNM,Dengue,652
2026-04-12,Vietnam,VNM,Dengue,469
2026-04-19,Vietnam,VNM,Dengue,631
2026-04-26,Vietnam,VNM,Dengue,654
2026-05-03,Vietnam,VNM,Dengue,858
2026-05-10,Vietnam,VNM,Dengue,807
2026-05-17,Vietnam,VNM,Dengue,869
2026-05-24,Vietnam,VNM,Dengue,1075
2026-05-31,Vietnam,VNM,Dengue,1684
2026-06-07,Vietnam,VNM,Dengue,1865
2026-06-14,Vietnam,VNM,Dengue,1979
2026-06-21,Vietnam,VNM,Dengue,2445
2026-06-28,Vietnam,VNM,Dengue,2311
2026-07-05,Vietnam,VNM,Dengue,3757
2026-07-12,Vietnam,VNM,Dengue,3021
2026-07-19,Vietnam,VNM,Dengue,5194
2026-07-26,Vietnam,VNM,Dengue,5319
2026-08-02,Vietnam,VNM,Dengue,7789
2026-08-09,Vietnam,VNM,Dengue,5174
2026-08-16,Vietnam,VNM,Dengue,6481
2026-08-23,Vietnam,VNM,Dengue,8729
2026-08-30,Vietnam,VNM,Dengue,8323
2026-09-06,Vietnam,VNM,Dengue,6387
2026-09-13,Vietnam,VNM,Dengue,7323
2026-09-20,Vietnam,VNM,Dengue,6923
2026-09-27,Vietnam,VNM,Dengue,6930
2026-10-04,Vietnam,VNM,Dengue,5622
2024-10-13,Vietnam,VNM,Influenza,1386
2024-10-20,Vietnam,VNM,Influenza,932
2024-10-27,Vietnam,VNM,Influenza,1085
2024-11-03,Vietnam,VNM,Influenza,981
2024-11-10,Vietnam,VNM,Influenza,767
2024-11-17,Vietnam,VNM,Influenza,524
2024-11-24,Vietnam,VNM,Influenza,698
2024-12-01,Vietnam,VNM,Influenza,574
2024-12-08,Vietnam,VNM,Influenza,443
2024-12-15,Vietnam,VNM,Influenza,446
2024-12-22,Vietnam,VNM,Influenza,345
2024-12-29,Vietnam,VNM,Influenza,367
2025-01-05,Vietnam,VNM,Influenza,393
2025-01-12,Vietnam,VNM,Influenza,504
2025-01-19,Vietnam,VNM,Influenza,384
2025-01-26,Vietnam,VNM,Influenza,466
2025-02-02,Vietnam,VNM,Influenza,391
2025-02-09,Vietnam,VNM,Influenza,442
2025-02-16,Vietnam,VNM,Influenza,419
2025-02-23,Vietnam,VNM,Influenza,490
2025-03-02,Vietnam,VNM,Influenza,410
2025-03-09,Vietnam,VNM,Influenza,356
2025-03-16,Vietnam,VNM,Influenza,394
2025-03-23,Vietnam,VNM,Influenza,501
2025-03-30,Vietnam,VNM,Influenza,494
2025-04-06,Vietnam,VNM,Influenza,733
2025-04-13,Vietnam,VNM,Influenza,739
2025-04-20,Vietnam,VNM,Influenza,1246
2025-04-27,Vietnam,VNM,Influenza,786
2025-05-04,Vietnam,VNM,Influenza,1264
2025-05-11,Vietnam,VNM,Influenza,1167
2025-05-18,Vietnam,VNM,Influenza,1478
2025-05-25,Vietnam,VNM,Influenza,1832
2025-06-01,Vietnam,VNM,Influenza,1298
2025-06-08,Vietnam,VNM,Influenza,2267
2025-06-15,Vietnam,VNM,Influenza,3053
2025-06-22,Vietnam,VNM,Influenza,2372
2025-06-29,Vietnam,VNM,Influenza,2798
2025-07-06,Vietnam,VNM,Influenza,3246
2025-07-13,Vietnam,VNM,Influenza,2832
2025-07-20,Vietnam,VNM,Influenza,2700
2025-07-27,Vietnam,VNM,Influenza,1961
2025-08-03,Vietnam,VNM,Influenza,3243
2025-08-10,Vietnam,VNM,Influenza,2854
2025-08-17,Vietnam,VNM,Influenza,2386
2025-08-24,Vietnam,VNM,Influenza,2744
2025-08-31,Vietnam,VNM,Influenza,2322
2025-09-07,Vietnam,VNM,Influenza,2187
2025-09-14,Vietnam,VNM,Influenza,2389
2025-09-21,Vietnam,VNM,Influenza,1593
2025-09-28,Vietnam,VNM,Influenza,2075
2025-10-05,Vietnam,VNM,Influenza,1261
2025-10-12,Vietnam,VNM,Influenza,1265
2025-10-19,Vietnam,VNM,Influenza,1580
2025-10-26,Vietnam,VNM,Influenza,1243
2025-11-02,Vietnam,VNM,Influenza,932
2025-11-09,Vietnam,VNM,Influenza,682
2025-11-16,Vietnam,VNM,Influenza,636
2025-11-23,Vietnam,VNM,Influenza,615
2025-11-30,Vietnam,VNM,Influenza,547
2025-12-07,Vietnam,VNM,Influenza,491
2025-12-14,Vietnam,VNM,Influenza,463
2025-12-21,Vietnam,VNM,Influenza,431
2025-12-28,Vietnam,VNM,Influenza,340
2026-01-04,Vietnam,VNM,Influenza,395
2026-01-11,Vietnam,VNM,Influenza,484
2026-01-18,Vietnam,VNM,Influenza,338
2026-01-25,Vietnam,VNM,Influenza,413
2026-02-01,Vietnam,VNM,Influenza,373
2026-02-08,Vietnam,VNM,Influenza,433
2026-02-15,Vietnam,VNM,Influenza,403
2026-02-22,Vietnam,VNM,Influenza,530
2026-03-01,Vietnam,VNM,Influenza,479
2026-03-08,Vietnam,VNM,Influenza,374
2026-03-15,Vietnam,VNM,Influenza,548
2026-03-22,Vietnam,VNM,Influenza,481
2026-03-29,Vietnam,VNM,Influenza,555
2026-04-05,Vietnam,VNM,Influenza,723
2026-04-12,Vietnam,VNM,Influenza,736
2026-04-19,Vietnam,VNM,Influenza,1042
2026-04-26,Vietnam,VNM,Influenza,940
2026-05-03,Vietnam,VNM,Influenza,1112
2026-05-10,Vietnam,VNM,Influenza,1267
2026-05-17,Vietnam,VNM,Influenza,1460
2026-05-24,Vietnam,VNM,Influenza,2089
2026-05-31,Vietnam,VNM,Influenza,2182
2026-06-07,Vietnam,VNM,Influenza,2751
2026-06-14,Vietnam,VNM,Influenza,3183
2026-06-21,Vietnam,VNM,Influenza,2152
2026-06-28,Vietnam,VNM,Influenza,2721
2026-07-05,Vietnam,VNM,Influenza,2317
2026-07-12,Vietnam,VNM,Influenza,2564
2026-07-19,Vietnam,VNM,Influenza,2679
2026-07-26,Vietnam,VNM,Influenza,2505
2026-08-02,Vietnam,VNM,Influenza,2491
2026-08-09,Vietnam,VNM,Influenza,2840
2026-08-16,Vietnam,VNM,Influenza,2300
2026-08-23,Vietnam,VNM,Influenza,3033
2026-08-30,Vietnam,VNM,Influenza,2195
2026-09-06,Vietnam,VNM,Influenza,3376
2026-09-13,Vietnam,VNM,Influenza,2041
2026-09-20,Vietnam,VNM,Influenza,2015
2026-09-27,Vietnam,VNM,Influenza,1445
2026-10-04,Vietnam,VNM,Influenza,2004
2024-10-13,Vietnam,VNM,COVID-19,1192
2024-10-20,Vietnam,VNM,COVID-19,1067
2024-10-27,Vietnam,VNM,COVID-19,815
2024-11-03,Vietnam,VNM,COVID-19,1055
2024-11-10,Vietnam,VNM,COVID-19,852
2024-11-17,Vietnam,VNM,COVID-19,1253
2024-11-24,Vietnam,VNM,COVID-19,1158
2024-12-01,Vietnam,VNM,COVID-19,1056
2024-12-08,Vietnam,VNM,COVID-19,669
2024-12-15,Vietnam,VNM,COVID-19,917
2024-12-22,Vietnam,VNM,COVID-19,1222
2024-12-29,Vietnam,VNM,COVID-19,1365
2025-01-05,Vietnam,VNM,COVID-19,1425
2025-01-12,Vietnam,VNM,COVID-19,1000
2025-01-19,Vietnam,VNM,COVID-19,1500
2025-01-26,Vietnam,VNM,COVID-19,1833
2025-02-02,Vietnam,VNM,COVID-19,1340
2025-02-09,Vietnam,VNM,COVID-19,2012
2025-02-16,Vietnam,VNM,COVID-19,2373
2025-02-23,Vietnam,VNM,COVID-19,2455
2025-03-02,Vietnam,VNM,COVID-19,2078
2025-03-09,Vietnam,VNM,COVID-19,3029
2025-03-16,Vietnam,VNM,COVID-19,3302
2025-03-23,Vietnam,VNM,COVID-19,3640
2025-03-30,Vietnam,VNM,COVID-19,3586
2025-04-06,Vietnam,VNM,COVID-19,3772
2025-04-13,Vietnam,VNM,COVID-19,4058
2025-04-20,Vietnam,VNM,COVID-19,4308
2025-04-27,Vietnam,VNM,COVID-19,3738
2025-05-04,Vietnam,VNM,COVID-19,3494
2025-05-11,Vietnam,VNM,COVID-19,3520
2025-05-18,Vietnam,VNM,COVID-19,2267
2025-05-25,Vietnam,VNM,COVID-19,3084
2025-06-01,Vietnam,VNM,COVID-19,2571
2025-06-08,Vietnam,VNM,COVID-19,2293
2025-06-15,Vietnam,VNM,COVID-19,2306
2025-06-22,Vietnam,VNM,COVID-19,1262
2025-06-29,Vietnam,VNM,COVID-19,1121
2025-07-06,Vietnam,VNM,COVID-19,1497
2025-07-13,Vietnam,VNM,COVID-19,1317
2025-07-20,Vietnam,VNM,COVID-19,1262
2025-07-27,Vietnam,VNM,COVID-19,1089
2025-08-03,Vietnam,VNM,COVID-19,1244
2025-08-10,Vietnam,VNM,COVID-19,1268
2025-08-17,Vietnam,VNM,COVID-19,1192
2025-08-24,Vietnam,VNM,COVID-19,1082
2025-08-31,Vietnam,VNM,COVID-19,792
2025-09-07,Vietnam,VNM,COVID-19,1347
2025-09-14,Vietnam,VNM,COVID-19,1514
2025-09-21,Vietnam,VNM,COVID-19,1510
2025-09-28,Vietnam,VNM,COVID-19,1304
2025-10-05,Vietnam,VNM,COVID-19,1828
2025-10-12,Vietnam,VNM,COVID-19,2093
2025-10-19,Vietnam,VNM,COVID-19,2572
2025-10-26,Vietnam,VNM,COVID-19,2043
2025-11-02,Vietnam,VNM,COVID-19,2562
2025-11-09,Vietnam,VNM,COVID-19,3315
2025-11-16,Vietnam,VNM,COVID-19,3356
2025-11-23,Vietnam,VNM,COVID-19,3063
2025-11-30,Vietnam,VNM,COVID-19,4276
2025-12-07,Vietnam,VNM,COVID-19,4724
2025-12-14,Vietnam,VNM,COVID-19,4689
2025-12-21,Vietnam,VNM,COVID-19,5014
2025-12-28,Vietnam,VNM,COVID-19,4818
2026-01-04,Vietnam,VNM,COVID-19,6223
2026-01-11,Vietnam,VNM,COVID-19,4404
2026-01-18,Vietnam,VNM,COVID-19,4567
2026-01-25,Vietnam,VNM,COVID-19,4855
2026-02-01,Vietnam,VNM,COVID-19,5227
2026-02-08,Vietnam,VNM,COVID-19,3361
2026-02-15,Vietnam,VNM,COVID-19,3223
2026-02-22,Vietnam,VNM,COVID-19,2546
2026-03-01,Vietnam,VNM,COVID-19,3329
2026-03-08,Vietnam,VNM,COVID-19,2469
2026-03-15,Vietnam,VNM,COVID-19,2487
2026-03-22,Vietnam,VNM,COVID-19,2572
2026-03-29,Vietnam,VNM,COVID-19,1875
2026-04-05,Vietnam,VNM,COVID-19,1909
2026-04-12,Vietnam,VNM,COVID-19,1579
2026-04-19,Vietnam,VNM,COVID-19,1647
2026-04-26,Vietnam,VNM,COVID-19,1469
2026-05-03,Vietnam,VNM,COVID-19,1143
2026-05-10,Vietnam,VNM,COVID-19,1176
2026-05-17,Vietnam,VNM,COVID-19,1342
2026-05-24,Vietnam,VNM,COVID-19,1207
2026-05-31,Vietnam,VNM,COVID-19,908
2026-06-07,Vietnam,VNM,COVID-19,1311
2026-06-14,Vietnam,VNM,COVID-19,1077
2026-06-21,Vietnam,VNM,COVID-19,1744
2026-06-28,Vietnam,VNM,COVID-19,1917
2026-07-05,Vietnam,VNM,COVID-19,2042
2026-07-12,Vietnam,VNM,COVID-19,2365
2026-07-19,Vietnam,VNM,COVID-19,2609
2026-07-26,Vietnam,VNM,COVID-19,3372
2026-08-02,Vietnam,VNM,COVID-19,3170
2026-08-09,Vietnam,VNM,COVID-19,3661
2026-08-16,Vietnam,VNM,COVID-19,4030
2026-08-23,Vietnam,VNM,COVID-19,3147
2026-08-30,Vietnam,VNM,COVID-19,2883
2026-09-06,Vietnam,VNM,COVID-19,2322
2026-09-13,Vietnam,VNM,COVID-19,2054
2026-09-20,Vietnam,VNM,COVID-19,1505
2026-09-27,Vietnam,VNM,COVID-19,1945
2026-10-04,Vietnam,VNM,COVID-19,1905
2024-10-13,Indonesia,IDN,Dengue,11503
2024-10-20,Indonesia,IDN,Dengue,15405
2024-10-27,Indonesia,IDN,Dengue,15135
2024-11-03,Indonesia,IDN,Dengue,10256
2024-11-10,Indonesia,IDN,Dengue,9703
2024-11-17,Indonesia,IDN,Dengue,5706
2024-11-24,Indonesia,IDN,Dengue,7149
2024-12-01,Indonesia,IDN,Dengue,4805
2024-12-08,Indonesia,IDN,Dengue,4856
2024-12-15,Indonesia,IDN,Dengue,2968
2024-12-22,Indonesia,IDN,Dengue,3462
2024-12-29,Indonesia,IDN,Dengue,3092
2025-01-05,Indonesia,IDN,Dengue,2028
2025-01-12,Indonesia,IDN,Dengue,1685
2025-01-19,Indonesia,IDN,Dengue,1257
2025-01-26,Indonesia,IDN,Dengue,1685
2025-02-02,Indonesia,IDN,Dengue,1552
2025-02-09,Indonesia,IDN,Dengue,1287
2025-02-16,Indonesia,IDN,Dengue,1783
2025-02-23,Indonesia,IDN,Dengue,1557
2025-03-02,Indonesia,IDN,Dengue,1403
2025-03-09,Indonesia,IDN,Dengue,1536
2025-03-16,Indonesia,IDN,Dengue,1949
2025-03-23,Indonesia,IDN,Dengue,1835
2025-03-30,Indonesia,IDN,Dengue,1656
2025-04-06,Indonesia,IDN,Dengue,1861
2025-04-13,Indonesia,IDN,Dengue,1432
2025-04-20,Indonesia,IDN,Dengue,1805
2025-04-27,Indonesia,IDN,Dengue,1951
2025-05-04,Indonesia,IDN,Dengue,1947
2025-05-11,Indonesia,IDN,Dengue,2534
2025-05-18,Indonesia,IDN,Dengue,2459
2025-05-25,Indonesia,IDN,Dengue,3595
2025-06-01,Indonesia,IDN,Dengue,4395
2025-06-08,Indonesia,IDN,Dengue,2787
2025-06-15,Indonesia,IDN,Dengue,7110
2025-06-22,Indonesia,IDN,Dengue,3953
2025-06-29,Indonesia,IDN,Dengue,7880
2025-07-06,Indonesia,IDN,Dengue,11771
2025-07-13,Indonesia,IDN,Dengue,11237
2025-07-20,Indonesia,IDN,Dengue,10467
2025-07-27,Indonesia,IDN,Dengue,12542
2025-08-03,Indonesia,IDN,Dengue,19032
2025-08-10,Indonesia,IDN,Dengue,12684
2025-08-17,Indonesia,IDN,Dengue,22139
2025-08-24,Indonesia,IDN,Dengue,19614
2025-08-31,Indonesia,IDN,Dengue,16683
2025-09-07,Indonesia,IDN,Dengue,18729
2025-09-14,Indonesia,IDN,Dengue,17280
2025-09-21,Indonesia,IDN,Dengue,22512
2025-09-28,Indonesia,IDN,Dengue,21245
2025-10-05,Indonesia,IDN,Dengue,13420
2025-10-12,Indonesia,IDN,Dengue,15779
2025-10-19,Indonesia,IDN,Dengue,13351
2025-10-26,Indonesia,IDN,Dengue,16437
2025-11-02,Indonesia,IDN,Dengue,9688
2025-11-09,Indonesia,IDN,Dengue,13080
2025-11-16,Indonesia,IDN,Dengue,8961
2025-11-23,Indonesia,IDN,Dengue,6259
2025-11-30,Indonesia,IDN,Dengue,5663
2025-12-07,Indonesia,IDN,Dengue,4572
2025-12-14,Indonesia,IDN,Dengue,3455
2025-12-21,Indonesia,IDN,Dengue,3578
2025-12-28,Indonesia,IDN,Dengue,2409
2026-01-04,Indonesia,IDN,Dengue,1703
2026-01-11,Indonesia,IDN,Dengue,2110
2026-01-18,Indonesia,IDN,Dengue,1493
2026-01-25,Indonesia,IDN,Dengue,1715
2026-02-01,Indonesia,IDN,Dengue,1617
2026-02-08,Indonesia,IDN,Dengue,1604
2026-02-15,Indonesia,IDN,Dengue,2388
2026-02-22,Indonesia,IDN,Dengue,1852
2026-03-01,Indonesia,IDN,Dengue,1907
2026-03-08,Indonesia,IDN,Dengue,1352
2026-03-15,Indonesia,IDN,Dengue,1665
2026-03-22,Indonesia,IDN,Dengue,1910
2026-03-29,Indonesia,IDN,Dengue,1571
2026-04-05,Indonesia,IDN,Dengue,2126
2026-04-12,Indonesia,IDN,Dengue,1561
2026-04-19,Indonesia,IDN,Dengue,1889
2026-04-26,Indonesia,IDN,Dengue,1913
2026-05-03,Indonesia,IDN,Dengue,2357
2026-05-10,Indonesia,IDN,Dengue,2361
2026-05-17,Indonesia,IDN,Dengue,2934
2026-05-24,Indonesia,IDN,Dengue,3536
2026-05-31,Indonesia,IDN,Dengue,3964
2026-06-07,Indonesia,IDN,Dengue,5834
2026-06-14,Indonesia,IDN,Dengue,6856
2026-06-21,Indonesia,IDN,Dengue,7882
2026-06-28,Indonesia,IDN,Dengue,8908
2026-07-05,Indonesia,IDN,Dengue,12525
2026-07-12,Indonesia,IDN,Dengue,12479
2026-07-19,Indonesia,IDN,Dengue,14034
2026-07-26,Indonesia,IDN,Dengue,16704
2026-08-02,Indonesia,IDN,Dengue,22674
2026-08-09,Indonesia,IDN,Dengue,15601
2026-08-16,Indonesia,IDN,Dengue,23138
2026-08-23,Indonesia,IDN,Dengue,15513
2026-08-30,Indonesia,IDN,Dengue,22977
2026-09-06,Indonesia,IDN,Dengue,27786
2026-09-13,Indonesia,IDN,Dengue,23963
2026-09-20,Indonesia,IDN,Dengue,22368
2026-09-27,Indonesia,IDN,Dengue,19190
2026-10-04,Indonesia,IDN,Dengue,19882
2024-10-13,Indonesia,IDN,Influenza,4260
2024-10-20,Indonesia,IDN,Influenza,3408
2024-10-27,Indonesia,IDN,Influenza,3205
2024-11-03,Indonesia,IDN,Influenza,2981
2024-11-10,Indonesia,IDN,Influenza,2215
2024-11-17,Indonesia,IDN,Influenza,1914
2024-11-24,Indonesia,IDN,Influenza,1525
2024-12-01,Indonesia,IDN,Influenza,1816
2024-12-08,Indonesia,IDN,Influenza,1696
2024-12-15,Indonesia,IDN,Influenza,1518
2024-12-22,Indonesia,IDN,Influenza,1606
2024-12-29,Indonesia,IDN,Influenza,1384
2025-01-05,Indonesia,IDN,Influenza,1428
2025-01-12,Indonesia,IDN,Influenza,1403
2025-01-19,Indonesia,IDN,Influenza,1322
2025-01-26,Indonesia,IDN,Influenza,1233
2025-02-02,Indonesia,IDN,Influenza,1785
2025-02-09,Indonesia,IDN,Influenza,1251
2025-02-16,Indonesia,IDN,Influenza,1214
2025-02-23,Indonesia,IDN,Influenza,1455
2025-03-02,Indonesia,IDN,Influenza,1456
2025-03-09,Indonesia,IDN,Influenza,1158
2025-03-16,Indonesia,IDN,Influenza,1832
2025-03-23,Indonesia,IDN,Influenza,1691
2025-03-30,Indonesia,IDN,Influenza,1597
2025-04-06,Indonesia,IDN,Influenza,2566
2025-04-13,Indonesia,IDN,Influenza,2738
2025-04-20,Indonesia,IDN,Influenza,2346
2025-04-27,Indonesia,IDN,Influenza,4243
2025-05-04,Indonesia,IDN,Influenza,4246
2025-05-11,Indonesia,IDN,Influenza,4421
2025-05-18,Indonesia,IDN,Influenza,6228
2025-05-25,Indonesia,IDN,Influenza,5788
2025-06-01,Indonesia,IDN,Influenza,6256
2025-06-08,Indonesia,IDN,Influenza,6217
2025-06-15,Indonesia,IDN,Influenza,8139
2025-06-22,Indonesia,IDN,Influenza,8594
2025-06-29,Indonesia,IDN,Influenza,8505
2025-07-06,Indonesia,IDN,Influenza,7816
2025-07-13,Indonesia,IDN,Influenza,9327
2025-07-20,Indonesia,IDN,Influenza,9224
2025-07-27,Indonesia,IDN,Influenza,7504
2025-08-03,Indonesia,IDN,Influenza,7264
2025-08-10,Indonesia,IDN,Influenza,9924
2025-08-17,Indonesia,IDN,Influenza,5406
2025-08-24,Indonesia,IDN,Influenza,8747
2025-08-31,Indonesia,IDN,Influenza,7445
2025-09-07,Indonesia,IDN,Influenza,8955
2025-09-14,Indonesia,IDN,Influenza,6389
2025-09-21,Indonesia,IDN,Influenza,6904
2025-09-28,Indonesia,IDN,Influenza,5316
2025-10-05,Indonesia,IDN,Influenza,5114
2025-10-12,Indonesia,IDN,Influenza,4917
2025-10-19,Indonesia,IDN,Influenza,3596
2025-10-26,Indonesia,IDN,Influenza,3851
2025-11-02,Indonesia,IDN,Influenza,2463
2025-11-09,Indonesia,IDN,Influenza,2614
2025-11-16,Indonesia,IDN,Influenza,2479
2025-11-23,Indonesia,IDN,Influenza,2106
2025-11-30,Indonesia,IDN,Influenza,2208
2025-12-07,Indonesia,IDN,Influenza,1389
2025-12-14,Indonesia,IDN,Influenza,1164
2025-12-21,Indonesia,IDN,Influenza,1194
2025-12-28,Indonesia,IDN,Influenza,1502
2026-01-04,Indonesia,IDN,Influenza,1449
2026-01-11,Indonesia,IDN,Influenza,1362
2026-01-18,Indonesia,IDN,Influenza,1114
2026-01-25,Indonesia,IDN,Influenza,1494
2026-02-01,Indonesia,IDN,Influenza,1094
2026-02-08,Indonesia,IDN,Influenza,1575
2026-02-15,Indonesia,IDN,Influenza,1927
2026-02-22,Indonesia,IDN,Influenza,1442
2026-03-01,Indonesia,IDN,Influenza,1526
2026-03-08,Indonesia,IDN,Influenza,1359
2026-03-15,Indonesia,IDN,Influenza,1142
2026-03-22,Indonesia,IDN,Influenza,1560
2026-03-29,Indonesia,IDN,Influenza,1602
2026-04-05,Indonesia,IDN,Influenza,1705
2026-04-12,Indonesia,IDN,Influenza,3150
2026-04-19,Indonesia,IDN,Influenza,3013
2026-04-26,Indonesia,IDN,Influenza,3541
2026-05-03,Indonesia,IDN,Influenza,3685
2026-05-10,Indonesia,IDN,Influenza,4313
2026-05-17,Indonesia,IDN,Influenza,5756
2026-05-24,Indonesia,IDN,Influenza,5625
2026-05-31,Indonesia,IDN,Influenza,6783
2026-06-07,Indonesia,IDN,Influenza,6697
2026-06-14,Indonesia,IDN,Influenza,7101
2026-06-21,Indonesia,IDN,Influenza,6328
2026-06-28,Indonesia,IDN,Influenza,5968
2026-07-05,Indonesia,IDN,Influenza,8519
2026-07-12,Indonesia,IDN,Influenza,9226
2026-07-19,Indonesia,IDN,Influenza,7524
2026-07-26,Indonesia,IDN,Influenza,9332
2026-08-02,Indonesia,IDN,Influenza,9397
2026-08-09,Indonesia,IDN,Influenza,6190
2026-08-16,Indonesia,IDN,Influenza,7649
2026-08-23,Indonesia,IDN,Influenza,9004
2026-08-30,Indonesia,IDN,Influenza,8486
2026-09-06,Indonesia,IDN,Influenza,6190
2026-09-13,Indonesia,IDN,Influenza,7064
2026-09-20,Indonesia,IDN,Influenza,7246
2026-09-27,Indonesia,IDN,Influenza,6311
2026-10-04,Indonesia,IDN,Influenza,4957
2024-10-13,Indonesia,IDN,COVID-19,2991
2024-10-20,Indonesia,IDN,COVID-19,2914
2024-10-27,Indonesia,IDN,COVID-19,3445
2024-11-03,Indonesia,IDN,COVID-19,3317
2024-11-10,Indonesia,IDN,COVID-19,3533
2024-11-17,Indonesia,IDN,COVID-19,3301
2024-11-24,Indonesia,IDN,COVID-19,3653
2024-12-01,Indonesia,IDN,COVID-19,3327
2024-12-08,Indonesia,IDN,COVID-19,3715
2024-12-15,Indonesia,IDN,COVID-19,3833
2024-12-22,Indonesia,IDN,COVID-19,3070
2024-12-29,Indonesia,IDN,COVID-19,2653
2025-01-05,Indonesia,IDN,COVID-19,4742
2025-01-12,Indonesia,IDN,COVID-19,4298
2025-01-19,Indonesia,IDN,COVID-19,3359
2025-01-26,Indonesia,IDN,COVID-19,4477
2025-02-02,Indonesia,IDN,COVID-19,6273
2025-02-09,Indonesia,IDN,COVID-19,6082
2025-02-16,Indonesia,IDN,COVID-19,6631
2025-02-23,Indonesia,IDN,COVID-19,9804
2025-03-02,Indonesia,IDN,COVID-19,7644
2025-03-09,Indonesia,IDN,COVID-19,8833
2025-03-16,Indonesia,IDN,COVID-19,11289
2025-03-23,Indonesia,IDN,COVID-19,12418
2025-03-30,Indonesia,IDN,COVID-19,13262
2025-04-06,Indonesia,IDN,COVID-19,14472
2025-04-13,Indonesia,IDN,COVID-19,13248
2025-04-20,Indonesia,IDN,COVID-19,13666
2025-04-27,Indonesia,IDN,COVID-19,11863
2025-05-04,Indonesia,IDN,COVID-19,11841
2025-05-11,Indonesia,IDN,COVID-19,11119
2025-05-18,Indonesia,IDN,COVID-19,10358
2025-05-25,Indonesia,IDN,COVID-19,10119
2025-06-01,Indonesia,IDN,COVID-19,8777
2025-06-08,Indonesia,IDN,COVID-19,7231
2025-06-15,Indonesia,IDN,COVID-19,5580
2025-06-22,Indonesia,IDN,COVID-19,5682
2025-06-29,Indonesia,IDN,COVID-19,4998
2025-07-06,Indonesia,IDN,COVID-19,4663
2025-07-13,Indonesia,IDN,COVID-19,5532
2025-07-20,Indonesia,IDN,COVID-19,3574
2025-07-27,Indonesia,IDN,COVID-19,3920
2025-08-03,Indonesia,IDN,COVID-19,4137
2025-08-10,Indonesia,IDN,COVID-19,3558
2025-08-17,Indonesia,IDN,COVID-19,4729
2025-08-24,Indonesia,IDN,COVID-19,3347
2025-08-31,Indonesia,IDN,COVID-19,3825
2025-09-07,Indonesia,IDN,COVID-19,3350
2025-09-14,Indonesia,IDN,COVID-19,3820
2025-09-21,Indonesia,IDN,COVID-19,4500
2025-09-28,Indonesia,IDN,COVID-19,5335
2025-10-05,Indonesia,IDN,COVID-19,5483
2025-10-12,Indonesia,IDN,COVID-19,6946
2025-10-19,Indonesia,IDN,COVID-19,6475
2025-10-26,Indonesia,IDN,COVID-19,7042
2025-11-02,Indonesia,IDN,COVID-19,11748
2025-11-09,Indonesia,IDN,COVID-19,9948
2025-11-16,Indonesia,IDN,COVID-19,9353
2025-11-23,Indonesia,IDN,COVID-19,10390
2025-11-30,Indonesia,IDN,COVID-19,10892
2025-12-07,Indonesia,IDN,COVID-19,15623
2025-12-14,Indonesia,IDN,COVID-19,13788
2025-12-21,Indonesia,IDN,COVID-19,15591
2025-12-28,Indonesia,IDN,COVID-19,15646
2026-01-04,Indonesia,IDN,COVID-19,17812
2026-01-11,Indonesia,IDN,COVID-19,14008
2026-01-18,Indonesia,IDN,COVID-19,13235
2026-01-25,Indonesia,IDN,COVID-19,15788
2026-02-01,Indonesia,IDN,COVID-19,15865
2026-02-08,Indonesia,IDN,COVID-19,14341
2026-02-15,Indonesia,IDN,COVID-19,11108
2026-02-22,Indonesia,IDN,COVID-19,12727
2026-03-01,Indonesia,IDN,COVID-19,9276
2026-03-08,Indonesia,IDN,COVID-19,8618
2026-03-15,Indonesia,IDN,COVID-19,7141
2026-03-22,Indonesia,IDN,COVID-19,8814
2026-03-29,Indonesia,IDN,COVID-19,7158
2026-04-05,Indonesia,IDN,COVID-19,6343
2026-04-12,Indonesia,IDN,COVID-19,6183
2026-04-19,Indonesia,IDN,COVID-19,6703
2026-04-26,Indonesia,IDN,COVID-19,3213
2026-05-03,Indonesia,IDN,COVID-19,3575
2026-05-10,Indonesia,IDN,COVID-19,3449
2026-05-17,Indonesia,IDN,COVID-19,3191
2026-05-24,Indonesia,IDN,COVID-19,3012
2026-05-31,Indonesia,IDN,COVID-19,3456
2026-06-07,Indonesia,IDN,COVID-19,3074
2026-06-14,Indonesia,IDN,COVID-19,4256
2026-06-21,Indonesia,IDN,COVID-19,4570
2026-06-28,Indonesia,IDN,COVID-19,5616
2026-07-05,Indonesia,IDN,COVID-19,6636
2026-07-12,Indonesia,IDN,COVID-19,7940
2026-07-19,Indonesia,IDN,COVID-19,8013
2026-07-26,Indonesia,IDN,COVID-19,12712
2026-08-02,Indonesia,IDN,COVID-19,10952
2026-08-09,Indonesia,IDN,COVID-19,8029
2026-08-16,Indonesia,IDN,COVID-19,9543
2026-08-23,Indonesia,IDN,COVID-19,8003
2026-08-30,Indonesia,IDN,COVID-19,10038
2026-09-06,Indonesia,IDN,COVID-19,8751
2026-09-13,Indonesia,IDN,COVID-19,7162
2026-09-20,Indonesia,IDN,COVID-19,8508
2026-09-27,Indonesia,IDN,COVID-19,5979
2026-10-04,Indonesia,IDN,COVID-19,5237
2024-10-13,Philippines,PHL,Dengue,3268
2024-10-20,Philippines,PHL,Dengue,3530
2024-10-27,Philippines,PHL,Dengue,3234
2024-11-03,Philippines,PHL,Dengue,2007
2024-11-10,Philippines,PHL,Dengue,2350
2024-11-17,Philippines,PHL,Dengue,2067
2024-11-24,Philippines,PHL,Dengue,1681
2024-12-01,Philippines,PHL,Dengue,1268
2024-12-08,Philippines,PHL,Dengue,1095
2024-12-15,Philippines,PHL,Dengue,953
2024-12-22,Philippines,PHL,Dengue,820
2024-12-29,Philippines,PHL,Dengue,739
2025-01-05,Philippines,PHL,Dengue,675
2025-01-12,Philippines,PHL,Dengue,491
2025-01-19,Philippines,PHL,Dengue,437
2025-01-26,Philippines,PHL,Dengue,473
2025-02-02,Philippines,PHL,Dengue,469
2025-02-09,Philippines,PHL,Dengue,396
2025-02-16,Philippines,PHL,Dengue,472
2025-02-23,Philippines,PHL,Dengue,484
2025-03-02,Philippines,PHL,Dengue,504
2025-03-09,Philippines,PHL,Dengue,536
2025-03-16,Philippines,PHL,Dengue,369
2025-03-23,Philippines,PHL,Dengue,426
2025-03-30,Philippines,PHL,Dengue,427
2025-04-06,Philippines,PHL,Dengue,424
2025-04-13,Philippines,PHL,Dengue,395
2025-04-20,Philippines,PHL,Dengue,353
2025-04-27,Philippines,PHL,Dengue,489
2025-05-04,Philippines,PHL,Dengue,468
2025-05-11,Philippines,PHL,Dengue,609
2025-05-18,Philippines,PHL,Dengue,620
2025-05-25,Philippines,PHL,Dengue,705
2025-06-01,Philippines,PHL,Dengue,1062
2025-06-08,Philippines,PHL,Dengue,1281
2025-06-15,Philippines,PHL,Dengue,1657
2025-06-22,Philippines,PHL,Dengue,2443
2025-06-29,Philippines,PHL,Dengue,2285
2025-07-06,Philippines,PHL,Dengue,2765
2025-07-13,Philippines,PHL,Dengue,2499
2025-07-20,Philippines,PHL,Dengue,2736
2025-07-27,Philippines,PHL,Dengue,4691
2025-08-03,Philippines,PHL,Dengue,3590
2025-08-10,Philippines,PHL,Dengue,3798
2025-08-17,Philippines,PHL,Dengue,4756
2025-08-24,Philippines,PHL,Dengue,4930
2025-08-31,Philippines,PHL,Dengue,4439
2025-09-07,Philippines,PHL,Dengue,4949
2025-09-14,Philippines,PHL,Dengue,6103
2025-09-21,Philippines,PHL,Dengue,4426
2025-09-28,Philippines,PHL,Dengue,3826
2025-10-05,Philippines,PHL,Dengue,5215
2025-10-12,Philippines,PHL,Dengue,4557
2025-10-19,Philippines,PHL,Dengue,3514
2025-10-26,Philippines,PHL,Dengue,2653
2025-11-02,Philippines,PHL,Dengue,2727
2025-11-09,Philippines,PHL,Dengue,2642
2025-11-16,Philippines,PHL,Dengue,2673
2025-11-23,Philippines,PHL,Dengue,1618
2025-11-30,Philippines,PHL,Dengue,1573
2025-12-07,Philippines,PHL,Dengue,1446
2025-12-14,Philippines,PHL,Dengue,694
2025-12-21,Philippines,PHL,Dengue,1030
2025-12-28,Philippines,PHL,Dengue,614
2026-01-04,Philippines,PHL,Dengue,671
2026-01-11,Philippines,PHL,Dengue,586
2026-01-18,Philippines,PHL,Dengue,601
2026-01-25,Philippines,PHL,Dengue,529
2026-02-01,Philippines,PHL,Dengue,304
2026-02-08,Philippines,PHL,Dengue,411
2026-02-15,Philippines,PHL,Dengue,474
2026-02-22,Philippines,PHL,Dengue,451
2026-03-01,Philippines,PHL,Dengue,498
2026-03-08,Philippines,PHL,Dengue,521
2026-03-15,Philippines,PHL,Dengue,509
2026-03-22,Philippines,PHL,Dengue,452
2026-03-29,Philippines,PHL,Dengue,339
2026-04-05,Philippines,PHL,Dengue,441
2026-04-12,Philippines,PHL,Dengue,511
2026-04-19,Philippines,PHL,Dengue,417
2026-04-26,Philippines,PHL,Dengue,580
2026-05-03,Philippines,PHL,Dengue,661
2026-05-10,Philippines,PHL,Dengue,672
2026-05-17,Philippines,PHL,Dengue,418
2026-05-24,Philippines,PHL,Dengue,749
2026-05-31,Philippines,PHL,Dengue,1444
2026-06-07,Philippines,PHL,Dengue,1262
2026-06-14,Philippines,PHL,Dengue,1175
2026-06-21,Philippines,PHL,Dengue,2392
2026-06-28,Philippines,PHL,Dengue,2411
2026-07-05,Philippines,PHL,Dengue,3296
2026-07-12,Philippines,PHL,Dengue,3405
2026-07-19,Philippines,PHL,Dengue,3973
2026-07-26,Philippines,PHL,Dengue,4382
2026-08-02,Philippines,PHL,Dengue,5045
2026-08-09,Philippines,PHL,Dengue,6620
2026-08-16,Philippines,PHL,Dengue,6005
2026-08-23,Philippines,PHL,Dengue,4177
2026-08-30,Philippines,PHL,Dengue,5999
2026-09-06,Philippines,PHL,Dengue,6652
2026-09-13,Philippines,PHL,Dengue,6659
2026-09-20,Philippines,PHL,Dengue,5158
2026-09-27,Philippines,PHL,Dengue,6219
2026-10-04,Philippines,PHL,Dengue,5696
2024-10-13,Philippines,PHL,Influenza,1550
2024-10-20,Philippines,PHL,Influenza,867
2024-10-27,Philippines,PHL,Influenza,782
2024-11-03,Philippines,PHL,Influenza,698
2024-11-10,Philippines,PHL,Influenza,586
2024-11-17,Philippines,PHL,Influenza,477
2024-11-24,Philippines,PHL,Influenza,284
2024-12-01,Philippines,PHL,Influenza,405
2024-12-08,Philippines,PHL,Influenza,418
2024-12-15,Philippines,PHL,Influenza,343
2024-12-22,Philippines,PHL,Influenza,457
2024-12-29,Philippines,PHL,Influenza,346
2025-01-05,Philippines,PHL,Influenza,407
2025-01-12,Philippines,PHL,Influenza,352
2025-01-19,Philippines,PHL,Influenza,381
2025-01-26,Philippines,PHL,Influenza,353
2025-02-02,Philippines,PHL,Influenza,408
2025-02-09,Philippines,PHL,Influenza,342
2025-02-16,Philippines,PHL,Influenza,366
2025-02-23,Philippines,PHL,Influenza,364
2025-03-02,Philippines,PHL,Influenza,339
2025-03-09,Philippines,PHL,Influenza,393
2025-03-16,Philippines,PHL,Influenza,529
2025-03-23,Philippines,PHL,Influenza,416
2025-03-30,Philippines,PHL,Influenza,515
2025-04-06,Philippines,PHL,Influenza,654
2025-04-13,Philippines,PHL,Influenza,741
2025-04-20,Philippines,PHL,Influenza,733
2025-04-27,Philippines,PHL,Influenza,544
2025-05-04,Philippines,PHL,Influenza,1052
2025-05-11,Philippines,PHL,Influenza,746
2025-05-18,Philippines,PHL,Influenza,1551
2025-05-25,Philippines,PHL,Influenza,1465
2025-06-01,Philippines,PHL,Influenza,1826
2025-06-08,Philippines,PHL,Influenza,1508
2025-06-15,Philippines,PHL,Influenza,1451
2025-06-22,Philippines,PHL,Influenza,2106
2025-06-29,Philippines,PHL,Influenza,2133
2025-07-06,Philippines,PHL,Influenza,2075
2025-07-13,Philippines,PHL,Influenza,2341
2025-07-20,Philippines,PHL,Influenza,3333
2025-07-27,Philippines,PHL,Influenza,2667
2025-08-03,Philippines,PHL,Influenza,2726
2025-08-10,Philippines,PHL,Influenza,2604
2025-08-17,Philippines,PHL,Influenza,2738
2025-08-24,Philippines,PHL,Influenza,2083
2025-08-31,Philippines,PHL,Influenza,1402
2025-09-07,Philippines,PHL,Influenza,1838
2025-09-14,Philippines,PHL,Influenza,1956
2025-09-21,Philippines,PHL,Influenza,1357
2025-09-28,Philippines,PHL,Influenza,1391
2025-10-05,Philippines,PHL,Influenza,1139
2025-10-12,Philippines,PHL,Influenza,1371
2025-10-19,Philippines,PHL,Influenza,1086
2025-10-26,Philippines,PHL,Influenza,929
2025-11-02,Philippines,PHL,Influenza,800
2025-11-09,Philippines,PHL,Influenza,629
2025-11-16,Philippines,PHL,Influenza,566
2025-11-23,Philippines,PHL,Influenza,398
2025-11-30,Philippines,PHL,Influenza,291
2025-12-07,Philippines,PHL,Influenza,405
2025-12-14,Philippines,PHL,Influenza,389
2025-12-21,Philippines,PHL,Influenza,419
2025-12-28,Philippines,PHL,Influenza,427
2026-01-04,Philippines,PHL,Influenza,421
2026-01-11,Philippines,PHL,Influenza,288
2026-01-18,Philippines,PHL,Influenza,321
2026-01-25,Philippines,PHL,Influenza,363
2026-02-01,Philippines,PHL,Influenza,467
2026-02-08,Philippines,PHL,Influenza,414
2026-02-15,Philippines,PHL,Influenza,398
2026-02-22,Philippines,PHL,Influenza,325
2026-03-01,Philippines,PHL,Influenza,308
2026-03-08,Philippines,PHL,Influenza,415
2026-03-15,Philippines,PHL,Influenza,331
2026-03-22,Philippines,PHL,Influenza,418
2026-03-29,Philippines,PHL,Influenza,476
2026-04-05,Philippines,PHL,Influenza,682
2026-04-12,Philippines,PHL,Influenza,599
2026-04-19,Philippines,PHL,Influenza,464
2026-04-26,Philippines,PHL,Influenza,911
2026-05-03,Philippines,PHL,Influenza,874
2026-05-10,Philippines,PHL,Influenza,1126
2026-05-17,Philippines,PHL,Influenza,1254
2026-05-24,Philippines,PHL,Influenza,1370
2026-05-31,Philippines,PHL,Influenza,1776
2026-06-07,Philippines,PHL,Influenza,1343
2026-06-14,Philippines,PHL,Influenza,1745
2026-06-21,Philippines,PHL,Influenza,2234
2026-06-28,Philippines,PHL,Influenza,1947
2026-07-05,Philippines,PHL,Influenza,1700
2026-07-12,Philippines,PHL,Influenza,2543
2026-07-19,Philippines,PHL,Influenza,2752
2026-07-26,Philippines,PHL,Influenza,2354
2026-08-02,Philippines,PHL,Influenza,1663
2026-08-09,Philippines,PHL,Influenza,2556
2026-08-16,Philippines,PHL,Influenza,1683
2026-08-23,Philippines,PHL,Influenza,2244
2026-08-30,Philippines,PHL,Influenza,1757
2026-09-06,Philippines,PHL,Influenza,1562
2026-09-13,Philippines,PHL,Influenza,1628
2026-09-20,Philippines,PHL,Influenza,1544
2026-09-27,Philippines,PHL,Influenza,1290
2026-10-04,Philippines,PHL,Influenza,1383
2024-10-13,Philippines,PHL,COVID-19,758
2024-10-20,Philippines,PHL,COVID-19,933
2024-10-27,Philippines,PHL,COVID-19,848
2024-11-03,Philippines,PHL,COVID-19,729
2024-11-10,Philippines,PHL,COVID-19,710
2024-11-17,Philippines,PHL,COVID-19,616
2024-11-24,Philippines,PHL,COVID-19,858
2024-12-01,Philippines,PHL,COVID-19,785
2024-12-08,Philippines,PHL,COVID-19,541
2024-12-15,Philippines,PHL,COVID-19,788
2024-12-22,Philippines,PHL,COVID-19,763
2024-12-29,Philippines,PHL,COVID-19,1137
2025-01-05,Philippines,PHL,COVID-19,724
2025-01-12,Philippines,PHL,COVID-19,820
2025-01-19,Philippines,PHL,COVID-19,1333
2025-01-26,Philippines,PHL,COVID-19,1525
2025-02-02,Philippines,PHL,COVID-19,1262
2025-02-09,Philippines,PHL,COVID-19,1452
2025-02-16,Philippines,PHL,COVID-19,1983
2025-02-23,Philippines,PHL,COVID-19,1333
2025-03-02,Philippines,PHL,COVID-19,1652
2025-03-09,Philippines,PHL,COVID-19,2429
2025-03-16,Philippines,PHL,COVID-19,3408
2025-03-23,Philippines,PHL,COVID-19,2770
2025-03-30,Philippines,PHL,COVID-19,3166
2025-04-06,Philippines,PHL,COVID-19,3764
2025-04-13,Philippines,PHL,COVID-19,4278
2025-04-20,Philippines,PHL,COVID-19,2939
2025-04-27,Philippines,PHL,COVID-19,3111
2025-05-04,Philippines,PHL,COVID-19,3774
2025-05-11,Philippines,PHL,COVID-19,2134
2025-05-18,Philippines,PHL,COVID-19,2926
2025-05-25,Philippines,PHL,COVID-19,1941
2025-06-01,Philippines,PHL,COVID-19,2079
2025-06-08,Philippines,PHL,COVID-19,1749
2025-06-15,Philippines,PHL,COVID-19,1374
2025-06-22,Philippines,PHL,COVID-19,1212
2025-06-29,Philippines,PHL,COVID-19,1321
2025-07-06,Philippines,PHL,COVID-19,1316
2025-07-13,Philippines,PHL,COVID-19,1030
2025-07-20,Philippines,PHL,COVID-19,990
2025-07-27,Philippines,PHL,COVID-19,1011
2025-08-03,Philippines,PHL,COVID-19,770
2025-08-10,Philippines,PHL,COVID-19,984
2025-08-17,Philippines,PHL,COVID-19,993
2025-08-24,Philippines,PHL,COVID-19,1247
2025-08-31,Philippines,PHL,COVID-19,870
2025-09-07,Philippines,PHL,COVID-19,896
2025-09-14,Philippines,PHL,COVID-19,1137
2025-09-21,Philippines,PHL,COVID-19,1231
2025-09-28,Philippines,PHL,COVID-19,1100
2025-10-05,Philippines,PHL,COVID-19,1242
2025-10-12,Philippines,PHL,COVID-19,1596
2025-10-19,Philippines,PHL,COVID-19,1454
2025-10-26,Philippines,PHL,COVID-19,1757
2025-11-02,Philippines,PHL,COVID-19,2140
2025-11-09,Philippines,PHL,COVID-19,2728
2025-11-16,Philippines,PHL,COVID-19,2409
2025-11-23,Philippines,PHL,COVID-19,2121
2025-11-30,Philippines,PHL,COVID-19,2284
2025-12-07,Philippines,PHL,COVID-19,2807
2025-12-14,Philippines,PHL,COVID-19,2960
2025-12-21,Philippines,PHL,COVID-19,3776
2025-12-28,Philippines,PHL,COVID-19,3280
2026-01-04,Philippines,PHL,COVID-19,3628
2026-01-11,Philippines,PHL,COVID-19,3584
2026-01-18,Philippines,PHL,COVID-19,3724
2026-01-25,Philippines,PHL,COVID-19,4625
2026-02-01,Philippines,PHL,COVID-19,4042
2026-02-08,Philippines,PHL,COVID-19,3460
2026-02-15,Philippines,PHL,COVID-19,2974
2026-02-22,Philippines,PHL,COVID-19,2730
2026-03-01,Philippines,PHL,COVID-19,2768
2026-03-08,Philippines,PHL,COVID-19,2569
2026-03-15,Philippines,PHL,COVID-19,1816
2026-03-22,Philippines,PHL,COVID-19,1874
2026-03-29,Philippines,PHL,COVID-19,1148
2026-04-05,Philippines,PHL,COVID-19,1516
2026-04-12,Philippines,PHL,COVID-19,1467
2026-04-19,Philippines,PHL,COVID-19,1141
2026-04-26,Philippines,PHL,COVID-19,1389
2026-05-03,Philippines,PHL,COVID-19,882
2026-05-10,Philippines,PHL,COVID-19,992
2026-05-17,Philippines,PHL,COVID-19,919
2026-05-24,Philippines,PHL,COVID-19,894
2026-05-31,Philippines,PHL,COVID-19,899
2026-06-07,Philippines,PHL,COVID-19,965
2026-06-14,Philippines,PHL,COVID-19,1154
2026-06-21,Philippines,PHL,COVID-19,1383
2026-06-28,Philippines,PHL,COVID-19,1323
2026-07-05,Philippines,PHL,COVID-19,1749
2026-07-12,Philippines,PHL,COVID-19,1646
2026-07-19,Philippines,PHL,COVID-19,2391
2026-07-26,Philippines,PHL,COVID-19,2158
2026-08-02,Philippines,PHL,COVID-19,3111
2026-08-09,Philippines,PHL,COVID-19,3749
2026-08-16,Philippines,PHL,COVID-19,2786
2026-08-23,Philippines,PHL,COVID-19,1837
2026-08-30,Philippines,PHL,COVID-19,2322
2026-09-06,Philippines,PHL,COVID-19,2669
2026-09-13,Philippines,PHL,COVID-19,2108
2026-09-20,Philippines,PHL,COVID-19,1713
2026-09-27,Philippines,PHL,COVID-19,1607
2026-10-04,Philippines,PHL,COVID-19,1280
2024-10-13,Malaysia,MYS,Dengue,2862
2024-10-20,Malaysia,MYS,Dengue,2821
2024-10-27,Malaysia,MYS,Dengue,2173
2024-11-03,Malaysia,MYS,Dengue,2067
2024-11-10,Malaysia,MYS,Dengue,1507
2024-11-17,Malaysia,MYS,Dengue,1228
2024-11-24,Malaysia,MYS,Dengue,1427
2024-12-01,Malaysia,MYS,Dengue,976
2024-12-08,Malaysia,MYS,Dengue,873
2024-12-15,Malaysia,MYS,Dengue,653
2024-12-22,Malaysia,MYS,Dengue,483
2024-12-29,Malaysia,MYS,Dengue,444
2025-01-05,Malaysia,MYS,Dengue,462
2025-01-12,Malaysia,MYS,Dengue,364
2025-01-19,Malaysia,MYS,Dengue,228
2025-01-26,Malaysia,MYS,Dengue,281
2025-02-02,Malaysia,MYS,Dengue,356
2025-02-09,Malaysia,MYS,Dengue,268
2025-02-16,Malaysia,MYS,Dengue,201
2025-02-23,Malaysia,MYS,Dengue,354
2025-03-02,Malaysia,MYS,Dengue,305
2025-03-09,Malaysia,MYS,Dengue,274
2025-03-16,Malaysia,MYS,Dengue,262
2025-03-23,Malaysia,MYS,Dengue,323
2025-03-30,Malaysia,MYS,Dengue,256
2025-04-06,Malaysia,MYS,Dengue,330
2025-04-13,Malaysia,MYS,Dengue,310
2025-04-20,Malaysia,MYS,Dengue,308
2025-04-27,Malaysia,MYS,Dengue,322
2025-05-04,Malaysia,MYS,Dengue,337
2025-05-11,Malaysia,MYS,Dengue,455
2025-05-18,Malaysia,MYS,Dengue,401
2025-05-25,Malaysia,MYS,Dengue,418
2025-06-01,Malaysia,MYS,Dengue,733
2025-06-08,Malaysia,MYS,Dengue,897
2025-06-15,Malaysia,MYS,Dengue,1069
2025-06-22,Malaysia,MYS,Dengue,1277
2025-06-29,Malaysia,MYS,Dengue,1366
2025-07-06,Malaysia,MYS,Dengue,1885
2025-07-13,Malaysia,MYS,Dengue,1937
2025-07-20,Malaysia,MYS,Dengue,2056
2025-07-27,Malaysia,MYS,Dengue,2364
2025-08-03,Malaysia,MYS,Dengue,3552
2025-08-10,Malaysia,MYS,Dengue,2179
2025-08-17,Malaysia,MYS,Dengue,3364
2025-08-24,Malaysia,MYS,Dengue,2446
2025-08-31,Malaysia,MYS,Dengue,3304
2025-09-07,Malaysia,MYS,Dengue,3172
2025-09-14,Malaysia,MYS,Dengue,2316
2025-09-21,Malaysia,MYS,Dengue,3485
2025-09-28,Malaysia,MYS,Dengue,2984
2025-10-05,Malaysia,MYS,Dengue,2048
2025-10-12,Malaysia,MYS,Dengue,3126
2025-10-19,Malaysia,MYS,Dengue,3081
2025-10-26,Malaysia,MYS,Dengue,2784
2025-11-02,Malaysia,MYS,Dengue,2116
2025-11-09,Malaysia,MYS,Dengue,1755
2025-11-16,Malaysia,MYS,Dengue,1785
2025-11-23,Malaysia,MYS,Dengue,1569
2025-11-30,Malaysia,MYS,Dengue,1219
2025-12-07,Malaysia,MYS,Dengue,738
2025-12-14,Malaysia,MYS,Dengue,727
2025-12-21,Malaysia,MYS,Dengue,622
2025-12-28,Malaysia,MYS,Dengue,356
2026-01-04,Malaysia,MYS,Dengue,448
2026-01-11,Malaysia,MYS,Dengue,496
2026-01-18,Malaysia,MYS,Dengue,371
2026-01-25,Malaysia,MYS,Dengue,390
2026-02-01,Malaysia,MYS,Dengue,318
2026-02-08,Malaysia,MYS,Dengue,302
2026-02-15,Malaysia,MYS,Dengue,321
2026-02-22,Malaysia,MYS,Dengue,266
2026-03-01,Malaysia,MYS,Dengue,260
2026-03-08,Malaysia,MYS,Dengue,362
2026-03-15,Malaysia,MYS,Dengue,368
2026-03-22,Malaysia,MYS,Dengue,260
2026-03-29,Malaysia,MYS,Dengue,351
2026-04-05,Malaysia,MYS,Dengue,305
2026-04-12,Malaysia,MYS,Dengue,331
2026-04-19,Malaysia,MYS,Dengue,349
2026-04-26,Malaysia,MYS,Dengue,398
2026-05-03,Malaysia,MYS,Dengue,385
2026-05-10,Malaysia,MYS,Dengue,523
2026-05-17,Malaysia,MYS,Dengue,529
2026-05-24,Malaysia,MYS,Dengue,663
2026-05-31,Malaysia,MYS,Dengue,644
2026-06-07,Malaysia,MYS,Dengue,1190
2026-06-14,Malaysia,MYS,Dengue,1171
2026-06-21,Malaysia,MYS,Dengue,1462
2026-06-28,Malaysia,MYS,Dengue,1194
2026-07-05,Malaysia,MYS,Dengue,1621
2026-07-12,Malaysia,MYS,Dengue,2535
2026-07-19,Malaysia,MYS,Dengue,2536
2026-07-26,Malaysia,MYS,Dengue,1938
2026-08-02,Malaysia,MYS,Dengue,3453
2026-08-09,Malaysia,MYS,Dengue,2964
2026-08-16,Malaysia,MYS,Dengue,4154
2026-08-23,Malaysia,MYS,Dengue,3534
2026-08-30,Malaysia,MYS,Dengue,3791
2026-09-06,Malaysia,MYS,Dengue,4372
2026-09-13,Malaysia,MYS,Dengue,3194
2026-09-20,Malaysia,MYS,Dengue,3068
2026-09-27,Malaysia,MYS,Dengue,3361
2026-10-04,Malaysia,MYS,Dengue,3677
2024-10-13,Malaysia,MYS,Influenza,586
2024-10-20,Malaysia,MYS,Influenza,479
2024-10-27,Malaysia,MYS,Influenza,622
2024-11-03,Malaysia,MYS,Influenza,435
2024-11-10,Malaysia,MYS,Influenza,389
2024-11-17,Malaysia,MYS,Influenza,260
2024-11-24,Malaysia,MYS,Influenza,284
2024-12-01,Malaysia,MYS,Influenza,283
2024-12-08,Malaysia,MYS,Influenza,295
2024-12-15,Malaysia,MYS,Influenza,214
2024-12-22,Malaysia,MYS,Influenza,290
2024-12-29,Malaysia,MYS,Influenza,203
2025-01-05,Malaysia,MYS,Influenza,200
2025-01-12,Malaysia,MYS,Influenza,273
2025-01-19,Malaysia,MYS,Influenza,229
2025-01-26,Malaysia,MYS,Influenza,203
2025-02-02,Malaysia,MYS,Influenza,216
2025-02-09,Malaysia,MYS,Influenza,267
2025-02-16,Malaysia,MYS,Influenza,272
2025-02-23,Malaysia,MYS,Influenza,198
2025-03-02,Malaysia,MYS,Influenza,230
2025-03-09,Malaysia,MYS,Influenza,246
2025-03-16,Malaysia,MYS,Influenza,221
2025-03-23,Malaysia,MYS,Influenza,281
2025-03-30,Malaysia,MYS,Influenza,317
2025-04-06,Malaysia,MYS,Influenza,421
2025-04-13,Malaysia,MYS,Influenza,489
2025-04-20,Malaysia,MYS,Influenza,455
2025-04-27,Malaysia,MYS,Influenza,536
2025-05-04,Malaysia,MYS,Influenza,702
2025-05-11,Malaysia,MYS,Influenza,668
2025-05-18,Malaysia,MYS,Influenza,905
2025-05-25,Malaysia,MYS,Influenza,922
2025-06-01,Malaysia,MYS,Influenza,887
2025-06-08,Malaysia,MYS,Influenza,977
2025-06-15,Malaysia,MYS,Influenza,1506
2025-06-22,Malaysia,MYS,Influenza,1295
2025-06-29,Malaysia,MYS,Influenza,1748
2025-07-06,Malaysia,MYS,Influenza,1353
2025-07-13,Malaysia,MYS,Influenza,1578
2025-07-20,Malaysia,MYS,Influenza,2094
2025-07-27,Malaysia,MYS,Influenza,1305
2025-08-03,Malaysia,MYS,Influenza,1102
2025-08-10,Malaysia,MYS,Influenza,1804
2025-08-17,Malaysia,MYS,Influenza,1284
2025-08-24,Malaysia,MYS,Influenza,1398
2025-08-31,Malaysia,MYS,Influenza,1209
2025-09-07,Malaysia,MYS,Influenza,1287
2025-09-14,Malaysia,MYS,Influenza,978
2025-09-21,Malaysia,MYS,Influenza,1010
2025-09-28,Malaysia,MYS,Influenza,997
2025-10-05,Malaysia,MYS,Influenza,705
2025-10-12,Malaysia,MYS,Influenza,655
2025-10-19,Malaysia,MYS,Influenza,605
2025-10-26,Malaysia,MYS,Influenza,435
2025-11-02,Malaysia,MYS,Influenza,448
2025-11-09,Malaysia,MYS,Influenza,421
2025-11-16,Malaysia,MYS,Influenza,338
2025-11-23,Malaysia,MYS,Influenza,304
2025-11-30,Malaysia,MYS,Influenza,283
2025-12-07,Malaysia,MYS,Influenza,234
2025-12-14,Malaysia,MYS,Influenza,268
2025-12-21,Malaysia,MYS,Influenza,282
2025-12-28,Malaysia,MYS,Influenza,210
2026-01-04,Malaysia,MYS,Influenza,239
2026-01-11,Malaysia,MYS,Influenza,214
2026-01-18,Malaysia,MYS,Influenza,234
2026-01-25,Malaysia,MYS,Influenza,274
2026-02-01,Malaysia,MYS,Influenza,238
2026-02-08,Malaysia,MYS,Influenza,163
2026-02-15,Malaysia,MYS,Influenza,238
2026-02-22,Malaysia,MYS,Influenza,268
2026-03-01,Malaysia,MYS,Influenza,224
2026-03-08,Malaysia,MYS,Influenza,279
2026-03-15,Malaysia,MYS,Influenza,232
2026-03-22,Malaysia,MYS,Influenza,220
2026-03-29,Malaysia,MYS,Influenza,323
2026-04-05,Malaysia,MYS,Influenza,265
2026-04-12,Malaysia,MYS,Influenza,399
2026-04-19,Malaysia,MYS,Influenza,571
2026-04-26,Malaysia,MYS,Influenza,395
2026-05-03,Malaysia,MYS,Influenza,516
2026-05-10,Malaysia,MYS,Influenza,619
2026-05-17,Malaysia,MYS,Influenza,823
2026-05-24,Malaysia,MYS,Influenza,883
2026-05-31,Malaysia,MYS,Influenza,1256
2026-06-07,Malaysia,MYS,Influenza,1304
2026-06-14,Malaysia,MYS,Influenza,1329
2026-06-21,Malaysia,MYS,Influenza,1355
2026-06-28,Malaysia,MYS,Influenza,1485
2026-07-05,Malaysia,MYS,Influenza,1276
2026-07-12,Malaysia,MYS,Influenza,1707
2026-07-19,Malaysia,MYS,Influenza,1284
2026-07-26,Malaysia,MYS,Influenza,1745
2026-08-02,Malaysia,MYS,Influenza,1815
2026-08-09,Malaysia,MYS,Influenza,1560
2026-08-16,Malaysia,MYS,Influenza,1427
2026-08-23,Malaysia,MYS,Influenza,1487
2026-08-30,Malaysia,MYS,Influenza,757
2026-09-06,Malaysia,MYS,Influenza,1293
2026-09-13,Malaysia,MYS,Influenza,1121
2026-09-20,Malaysia,MYS,Influenza,1031
2026-09-27,Malaysia,MYS,Influenza,1033
2026-10-04,Malaysia,MYS,Influenza,822
2024-10-13,Malaysia,MYS,COVID-19,441
2024-10-20,Malaysia,MYS,COVID-19,521
2024-10-27,Malaysia,MYS,COVID-19,538
2024-11-03,Malaysia,MYS,COVID-19,542
2024-11-10,Malaysia,MYS,COVID-19,546
2024-11-17,Malaysia,MYS,COVID-19,619
2024-11-24,Malaysia,MYS,COVID-19,450
2024-12-01,Malaysia,MYS,COVID-19,556
2024-12-08,Malaysia,MYS,COVID-19,656
2024-12-15,Malaysia,MYS,COVID-19,415
2024-12-22,Malaysia,MYS,COVID-19,593
2024-12-29,Malaysia,MYS,COVID-19,549
2025-01-05,Malaysia,MYS,COVID-19,601
2025-01-12,Malaysia,MYS,COVID-19,591
2025-01-19,Malaysia,MYS,COVID-19,728
2025-01-26,Malaysia,MYS,COVID-19,1058
2025-02-02,Malaysia,MYS,COVID-19,753
2025-02-09,Malaysia,MYS,COVID-19,865
2025-02-16,Malaysia,MYS,COVID-19,955
2025-02-23,Malaysia,MYS,COVID-19,1686
2025-03-02,Malaysia,MYS,COVID-19,1395
2025-03-09,Malaysia,MYS,COVID-19,1652
2025-03-16,Malaysia,MYS,COVID-19,1699
2025-03-23,Malaysia,MYS,COVID-19,1664
2025-03-30,Malaysia,MYS,COVID-19,1968
2025-04-06,Malaysia,MYS,COVID-19,2880
2025-04-13,Malaysia,MYS,COVID-19,2570
2025-04-20,Malaysia,MYS,COVID-19,1835
2025-04-27,Malaysia,MYS,COVID-19,2238
2025-05-04,Malaysia,MYS,COVID-19,1697
2025-05-11,Malaysia,MYS,COVID-19,1327
2025-05-18,Malaysia,MYS,COVID-19,1912
2025-05-25,Malaysia,MYS,COVID-19,1760
2025-06-01,Malaysia,MYS,COVID-19,1549
2025-06-08,Malaysia,MYS,COVID-19,1104
2025-06-15,Malaysia,MYS,COVID-19,1023
2025-06-22,Malaysia,MYS,COVID-19,1034
2025-06-29,Malaysia,MYS,COVID-19,878
2025-07-06,Malaysia,MYS,COVID-19,705
2025-07-13,Malaysia,MYS,COVID-19,520
2025-07-20,Malaysia,MYS,COVID-19,652
2025-07-27,Malaysia,MYS,COVID-19,708
2025-08-03,Malaysia,MYS,COVID-19,484
2025-08-10,Malaysia,MYS,COVID-19,635
2025-08-17,Malaysia,MYS,COVID-19,608
2025-08-24,Malaysia,MYS,COVID-19,652
2025-08-31,Malaysia,MYS,COVID-19,682
2025-09-07,Malaysia,MYS,COVID-19,564
2025-09-14,Malaysia,MYS,COVID-19,505
2025-09-21,Malaysia,MYS,COVID-19,660
2025-09-28,Malaysia,MYS,COVID-19,887
2025-10-05,Malaysia,MYS,COVID-19,795
2025-10-12,Malaysia,MYS,COVID-19,865
2025-10-19,Malaysia,MYS,COVID-19,789
2025-10-26,Malaysia,MYS,COVID-19,1547
2025-11-02,Malaysia,MYS,COVID-19,1553
2025-11-09,Malaysia,MYS,COVID-19,1732
2025-11-16,Malaysia,MYS,COVID-19,1985
2025-11-23,Malaysia,MYS,COVID-19,2083
2025-11-30,Malaysia,MYS,COVID-19,2020
2025-12-07,Malaysia,MYS,COVID-19,2209
2025-12-14,Malaysia,MYS,COVID-19,2256
2025-12-21,Malaysia,MYS,COVID-19,3528
2025-12-28,Malaysia,MYS,COVID-19,2829
2026-01-04,Malaysia,MYS,COVID-19,2468
2026-01-11,Malaysia,MYS,COVID-19,2837
2026-01-18,Malaysia,MYS,COVID-19,2213
2026-01-25,Malaysia,MYS,COVID-19,3094
2026-02-01,Malaysia,MYS,COVID-19,2167
2026-02-08,Malaysia,MYS,COVID-19,2428
2026-02-15,Malaysia,MYS,COVID-19,2424
2026-02-22,Malaysia,MYS,COVID-19,2020
2026-03-01,Malaysia,MYS,COVID-19,1750
2026-03-08,Malaysia,MYS,COVID-19,1548
2026-03-15,Malaysia,MYS,COVID-19,1363
2026-03-22,Malaysia,MYS,COVID-19,1114
2026-03-29,Malaysia,MYS,COVID-19,1008
2026-04-05,Malaysia,MYS,COVID-19,1174
2026-04-12,Malaysia,MYS,COVID-19,847
2026-04-19,Malaysia,MYS,COVID-19,687
2026-04-26,Malaysia,MYS,COVID-19,659
2026-05-03,Malaysia,MYS,COVID-19,774
2026-05-10,Malaysia,MYS,COVID-19,692
2026-05-17,Malaysia,MYS,COVID-19,655
2026-05-24,Malaysia,MYS,COVID-19,571
2026-05-31,Malaysia,MYS,COVID-19,650
2026-06-07,Malaysia,MYS,COVID-19,562
2026-06-14,Malaysia,MYS,COVID-19,644
2026-06-21,Malaysia,MYS,COVID-19,859
2026-06-28,Malaysia,MYS,COVID-19,979
2026-07-05,Malaysia,MYS,COVID-19,869
2026-07-12,Malaysia,MYS,COVID-19,1049
2026-07-19,Malaysia,MYS,COVID-19,1426
2026-07-26,Malaysia,MYS,COVID-19,2007
2026-08-02,Malaysia,MYS,COVID-19,1246
2026-08-09,Malaysia,MYS,COVID-19,1919
2026-08-16,Malaysia,MYS,COVID-19,1473
2026-08-23,Malaysia,MYS,COVID-19,1620
2026-08-30,Malaysia,MYS,COVID-19,1564
2026-09-06,Malaysia,MYS,COVID-19,1380
2026-09-13,Malaysia,MYS,COVID-19,1171
2026-09-20,Malaysia,MYS,COVID-19,1082
2026-09-27,Malaysia,MYS,COVID-19,840
2026-10-04,Malaysia,MYS,COVID-19,609
2024-10-13,Singapore,SGP,Dengue,453
2024-10-20,Singapore,SGP,Dengue,418
2024-10-27,Singapore,SGP,Dengue,256
2024-11-03,Singapore,SGP,Dengue,308
2024-11-10,Singapore,SGP,Dengue,281
2024-11-17,Singapore,SGP,Dengue,185
2024-11-24,Singapore,SGP,Dengue,184
2024-12-01,Singapore,SGP,Dengue,150
2024-12-08,Singapore,SGP,Dengue,161
2024-12-15,Singapore,SGP,Dengue,134
2024-12-22,Singapore,SGP,Dengue,64
2024-12-29,Singapore,SGP,Dengue,98
2025-01-05,Singapore,SGP,Dengue,53
2025-01-12,Singapore,SGP,Dengue,62
2025-01-19,Singapore,SGP,Dengue,57
2025-01-26,Singapore,SGP,Dengue,40
2025-02-02,Singapore,SGP,Dengue,49
2025-02-09,Singapore,SGP,Dengue,44
2025-02-16,Singapore,SGP,Dengue,48
2025-02-23,Singapore,SGP,Dengue,46
2025-03-02,Singapore,SGP,Dengue,53
2025-03-09,Singapore,SGP,Dengue,45
2025-03-16,Singapore,SGP,Dengue,44
2025-03-23,Singapore,SGP,Dengue,52
2025-03-30,Singapore,SGP,Dengue,49
2025-04-06,Singapore,SGP,Dengue,51
2025-04-13,Singapore,SGP,Dengue,42
2025-04-20,Singapore,SGP,Dengue,40
2025-04-27,Singapore,SGP,Dengue,47
2025-05-04,Singapore,SGP,Dengue,51
2025-05-11,Singapore,SGP,Dengue,71
2025-05-18,Singapore,SGP,Dengue,85
2025-05-25,Singapore,SGP,Dengue,87
2025-06-01,Singapore,SGP,Dengue,132
2025-06-08,Singapore,SGP,Dengue,160
2025-06-15,Singapore,SGP,Dengue,167
2025-06-22,Singapore,SGP,Dengue,171
2025-06-29,Singapore,SGP,Dengue,287
2025-07-06,Singapore,SGP,Dengue,270
2025-07-13,Singapore,SGP,Dengue,321
2025-07-20,Singapore,SGP,Dengue,340
2025-07-27,Singapore,SGP,Dengue,348
2025-08-03,Singapore,SGP,Dengue,344
2025-08-10,Singapore,SGP,Dengue,522
2025-08-17,Singapore,SGP,Dengue,447
2025-08-24,Singapore,SGP,Dengue,771
2025-08-31,Singapore,SGP,Dengue,455
2025-09-07,Singapore,SGP,Dengue,445
2025-09-14,Singapore,SGP,Dengue,587
2025-09-21,Singapore,SGP,Dengue,655
2025-09-28,Singapore,SGP,Dengue,517
2025-10-05,Singapore,SGP,Dengue,525
2025-10-12,Singapore,SGP,Dengue,325
2025-10-19,Singapore,SGP,Dengue,368
2025-10-26,Singapore,SGP,Dengue,309
2025-11-02,Singapore,SGP,Dengue,232
2025-11-09,Singapore,SGP,Dengue,287
2025-11-16,Singapore,SGP,Dengue,160
2025-11-23,Singapore,SGP,Dengue,162
2025-11-30,Singapore,SGP,Dengue,155
2025-12-07,Singapore,SGP,Dengue,122
2025-12-14,Singapore,SGP,Dengue,121
2025-12-21,Singapore,SGP,Dengue,99
2025-12-28,Singapore,SGP,Dengue,90
2026-01-04,Singapore,SGP,Dengue,75
2026-01-11,Singapore,SGP,Dengue,70
2026-01-18,Singapore,SGP,Dengue,55
2026-01-25,Singapore,SGP,Dengue,54
2026-02-01,Singapore,SGP,Dengue,54
2026-02-08,Singapore,SGP,Dengue,50
2026-02-15,Singapore,SGP,Dengue,46
2026-02-22,Singapore,SGP,Dengue,47
2026-03-01,Singapore,SGP,Dengue,43
2026-03-08,Singapore,SGP,Dengue,52
2026-03-15,Singapore,SGP,Dengue,49
2026-03-22,Singapore,SGP,Dengue,45
2026-03-29,Singapore,SGP,Dengue,45
2026-04-05,Singapore,SGP,Dengue,41
2026-04-12,Singapore,SGP,Dengue,58
2026-04-19,Singapore,SGP,Dengue,53
2026-04-26,Singapore,SGP,Dengue,49
2026-05-03,Singapore,SGP,Dengue,69
2026-05-10,Singapore,SGP,Dengue,64
2026-05-17,Singapore,SGP,Dengue,65
2026-05-24,Singapore,SGP,Dengue,113
2026-05-31,Singapore,SGP,Dengue,110
2026-06-07,Singapore,SGP,Dengue,136
2026-06-14,Singapore,SGP,Dengue,178
2026-06-21,Singapore,SGP,Dengue,250
2026-06-28,Singapore,SGP,Dengue,255
2026-07-05,Singapore,SGP,Dengue,245
2026-07-12,Singapore,SGP,Dengue,374
2026-07-19,Singapore,SGP,Dengue,365
2026-07-26,Singapore,SGP,Dengue,564
2026-08-02,Singapore,SGP,Dengue,483
2026-08-09,Singapore,SGP,Dengue,347
2026-08-16,Singapore,SGP,Dengue,584
2026-08-23,Singapore,SGP,Dengue,748
2026-08-30,Singapore,SGP,Dengue,736
2026-09-06,Singapore,SGP,Dengue,766
2026-09-13,Singapore,SGP,Dengue,506
2026-09-20,Singapore,SGP,Dengue,663
2026-09-27,Singapore,SGP,Dengue,500
2026-10-04,Singapore,SGP,Dengue,547
2024-10-13,Singapore,SGP,Influenza,96
2024-10-20,Singapore,SGP,Influenza,93
2024-10-27,Singapore,SGP,Influenza,80
2024-11-03,Singapore,SGP,Influenza,88
2024-11-10,Singapore,SGP,Influenza,75
2024-11-17,Singapore,SGP,Influenza,61
2024-11-24,Singapore,SGP,Influenza,41
2024-12-01,Singapore,SGP,Influenza,44
2024-12-08,Singapore,SGP,Influenza,37
2024-12-15,Singapore,SGP,Influenza,44
2024-12-22,Singapore,SGP,Influenza,44
2024-12-29,Singapore,SGP,Influenza,42
2025-01-05,Singapore,SGP,Influenza,32
2025-01-12,Singapore,SGP,Influenza,21
2025-01-19,Singapore,SGP,Influenza,26
2025-01-26,Singapore,SGP,Influenza,43
2025-02-02,Singapore,SGP,Influenza,34
2025-02-09,Singapore,SGP,Influenza,32
2025-02-16,Singapore,SGP,Influenza,45
2025-02-23,Singapore,SGP,Influenza,43
2025-03-02,Singapore,SGP,Influenza,38
2025-03-09,Singapore,SGP,Influenza,38
2025-03-16,Singapore,SGP,Influenza,41
2025-03-23,Singapore,SGP,Influenza,47
2025-03-30,Singapore,SGP,Influenza,64
2025-04-06,Singapore,SGP,Influenza,62
2025-04-13,Singapore,SGP,Influenza,74
2025-04-20,Singapore,SGP,Influenza,91
2025-04-27,Singapore,SGP,Influenza,74
2025-05-04,Singapore,SGP,Influenza,115
2025-05-11,Singapore,SGP,Influenza,113
2025-05-18,Singapore,SGP,Influenza,84
2025-05-25,Singapore,SGP,Influenza,103
2025-06-01,Singapore,SGP,Influenza,142
2025-06-08,Singapore,SGP,Influenza,199
2025-06-15,Singapore,SGP,Influenza,204
2025-06-22,Singapore,SGP,Influenza,220
2025-06-29,Singapore,SGP,Influenza,293
2025-07-06,Singapore,SGP,Influenza,192
2025-07-13,Singapore,SGP,Influenza,244
2025-07-20,Singapore,SGP,Influenza,261
2025-07-27,Singapore,SGP,Influenza,223
2025-08-03,Singapore,SGP,Influenza,250
2025-08-10,Singapore,SGP,Influenza,186
2025-08-17,Singapore,SGP,Influenza,287
2025-08-24,Singapore,SGP,Influenza,204
2025-08-31,Singapore,SGP,Influenza,280
2025-09-07,Singapore,SGP,Influenza,199
2025-09-14,Singapore,SGP,Influenza,213
2025-09-21,Singapore,SGP,Influenza,167
2025-09-28,Singapore,SGP,Influenza,150
2025-10-05,Singapore,SGP,Influenza,123
2025-10-12,Singapore,SGP,Influenza,120
2025-10-19,Singapore,SGP,Influenza,108
2025-10-26,Singapore,SGP,Influenza,79
2025-11-02,Singapore,SGP,Influenza,76
2025-11-09,Singapore,SGP,Influenza,61
2025-11-16,Singapore,SGP,Influenza,78
2025-11-23,Singapore,SGP,Influenza,51
2025-11-30,Singapore,SGP,Influenza,56
2025-12-07,Singapore,SGP,Influenza,41
2025-12-14,Singapore,SGP,Influenza,41
2025-12-21,Singapore,SGP,Influenza,30
2025-12-28,Singapore,SGP,Influenza,34
2026-01-04,Singapore,SGP,Influenza,37
2026-01-11,Singapore,SGP,Influenza,44
2026-01-18,Singapore,SGP,Influenza,37
2026-01-25,Singapore,SGP,Influenza,43
2026-02-01,Singapore,SGP,Influenza,39
2026-02-08,Singapore,SGP,Influenza,45
2026-02-15,Singapore,SGP,Influenza,36
2026-02-22,Singapore,SGP,Influenza,50
2026-03-01,Singapore,SGP,Influenza,35
2026-03-08,Singapore,SGP,Influenza,35
2026-03-15,Singapore,SGP,Influenza,34
2026-03-22,Singapore,SGP,Influenza,62
2026-03-29,Singapore,SGP,Influenza,58
2026-04-05,Singapore,SGP,Influenza,55
2026-04-12,Singapore,SGP,Influenza,79
2026-04-19,Singapore,SGP,Influenza,85
2026-04-26,Singapore,SGP,Influenza,116
2026-05-03,Singapore,SGP,Influenza,79
2026-05-10,Singapore,SGP,Influenza,114
2026-05-17,Singapore,SGP,Influenza,125
2026-05-24,Singapore,SGP,Influenza,106
2026-05-31,Singapore,SGP,Influenza,195
2026-06-07,Singapore,SGP,Influenza,177
2026-06-14,Singapore,SGP,Influenza,222
2026-06-21,Singapore,SGP,Influenza,290
2026-06-28,Singapore,SGP,Influenza,215
2026-07-05,Singapore,SGP,Influenza,222
2026-07-12,Singapore,SGP,Influenza,249
2026-07-19,Singapore,SGP,Influenza,286
2026-07-26,Singapore,SGP,Influenza,229
2026-08-02,Singapore,SGP,Influenza,226
2026-08-09,Singapore,SGP,Influenza,283
2026-08-16,Singapore,SGP,Influenza,251
2026-08-23,Singapore,SGP,Influenza,157
2026-08-30,Singapore,SGP,Influenza,175
2026-09-06,Singapore,SGP,Influenza,245
2026-09-13,Singapore,SGP,Influenza,196
2026-09-20,Singapore,SGP,Influenza,149
2026-09-27,Singapore,SGP,Influenza,147
2026-10-04,Singapore,SGP,Influenza,135
2024-10-13,Singapore,SGP,COVID-19,96
2024-10-20,Singapore,SGP,COVID-19,69
2024-10-27,Singapore,SGP,COVID-19,75
2024-11-03,Singapore,SGP,COVID-19,90
2024-11-10,Singapore,SGP,COVID-19,85
2024-11-17,Singapore,SGP,COVID-19,94
2024-11-24,Singapore,SGP,COVID-19,71
2024-12-01,Singapore,SGP,COVID-19,92
2024-12-08,Singapore,SGP,COVID-19,103
2024-12-15,Singapore,SGP,COVID-19,97
2024-12-22,Singapore,SGP,COVID-19,95
2024-12-29,Singapore,SGP,COVID-19,96
2025-01-05,Singapore,SGP,COVID-19,90
2025-01-12,Singapore,SGP,COVID-19,109
2025-01-19,Singapore,SGP,COVID-19,144
2025-01-26,Singapore,SGP,COVID-19,132
2025-02-02,Singapore,SGP,COVID-19,130
2025-02-09,Singapore,SGP,COVID-19,157
2025-02-16,Singapore,SGP,COVID-19,198
2025-02-23,Singapore,SGP,COVID-19,204
2025-03-02,Singapore,SGP,COVID-19,260
2025-03-09,Singapore,SGP,COVID-19,289
2025-03-16,Singapore,SGP,COVID-19,332
2025-03-23,Singapore,SGP,COVID-19,381
2025-03-30,Singapore,SGP,COVID-19,379
2025-04-06,Singapore,SGP,COVID-19,293
2025-04-13,Singapore,SGP,COVID-19,297
2025-04-20,Singapore,SGP,COVID-19,337
2025-04-27,Singapore,SGP,COVID-19,308
2025-05-04,Singapore,SGP,COVID-19,260
2025-05-11,Singapore,SGP,COVID-19,273
2025-05-18,Singapore,SGP,COVID-19,249
2025-05-25,Singapore,SGP,COVID-19,218
2025-06-01,Singapore,SGP,COVID-19,206
2025-06-08,Singapore,SGP,COVID-19,226
2025-06-15,Singapore,SGP,COVID-19,175
2025-06-22,Singapore,SGP,COVID-19,206
2025-06-29,Singapore,SGP,COVID-19,138
2025-07-06,Singapore,SGP,COVID-19,116
2025-07-13,Singapore,SGP,COVID-19,111
2025-07-20,Singapore,SGP,COVID-19,108
2025-07-27,Singapore,SGP,COVID-19,105
2025-08-03,Singapore,SGP,COVID-19,125
2025-08-10,Singapore,SGP,COVID-19,82
2025-08-17,Singapore,SGP,COVID-19,106
2025-08-24,Singapore,SGP,COVID-19,98
2025-08-31,Singapore,SGP,COVID-19,75
2025-09-07,Singapore,SGP,COVID-19,114
2025-09-14,Singapore,SGP,COVID-19,128
2025-09-21,Singapore,SGP,COVID-19,101
2025-09-28,Singapore,SGP,COVID-19,126
2025-10-05,Singapore,SGP,COVID-19,104
2025-10-12,Singapore,SGP,COVID-19,127
2025-10-19,Singapore,SGP,COVID-19,203
2025-10-26,Singapore,SGP,COVID-19,184
2025-11-02,Singapore,SGP,COVID-19,186
2025-11-09,Singapore,SGP,COVID-19,260
2025-11-16,Singapore,SGP,COVID-19,258
2025-11-23,Singapore,SGP,COVID-19,288
2025-11-30,Singapore,SGP,COVID-19,377
2025-12-07,Singapore,SGP,COVID-19,302
2025-12-14,Singapore,SGP,COVID-19,337
2025-12-21,Singapore,SGP,COVID-19,418
2025-12-28,Singapore,SGP,COVID-19,484
2026-01-04,Singapore,SGP,COVID-19,509
2026-01-11,Singapore,SGP,COVID-19,386
2026-01-18,Singapore,SGP,COVID-19,481
2026-01-25,Singapore,SGP,COVID-19,360
2026-02-01,Singapore,SGP,COVID-19,496
2026-02-08,Singapore,SGP,COVID-19,303
2026-02-15,Singapore,SGP,COVID-19,405
2026-02-22,Singapore,SGP,COVID-19,278
2026-03-01,Singapore,SGP,COVID-19,363
2026-03-08,Singapore,SGP,COVID-19,272
2026-03-15,Singapore,SGP,COVID-19,189
2026-03-22,Singapore,SGP,COVID-19,182
2026-03-29,Singapore,SGP,COVID-19,195
2026-04-05,Singapore,SGP,COVID-19,180
2026-04-12,Singapore,SGP,COVID-19,138
2026-04-19,Singapore,SGP,COVID-19,127
2026-04-26,Singapore,SGP,COVID-19,129
2026-05-03,Singapore,SGP,COVID-19,110
2026-05-10,Singapore,SGP,COVID-19,82
2026-05-17,Singapore,SGP,COVID-19,86
2026-05-24,Singapore,SGP,COVID-19,99
2026-05-31,Singapore,SGP,COVID-19,114
2026-06-07,Singapore,SGP,COVID-19,125
2026-06-14,Singapore,SGP,COVID-19,121
2026-06-21,Singapore,SGP,COVID-19,126
2026-06-28,Singapore,SGP,COVID-19,156
2026-07-05,Singapore,SGP,COVID-19,148
2026-07-12,Singapore,SGP,COVID-19,190
2026-07-19,Singapore,SGP,COVID-19,199
2026-07-26,Singapore,SGP,COVID-19,210
2026-08-02,Singapore,SGP,COVID-19,297
2026-08-09,Singapore,SGP,COVID-19,306
2026-08-16,Singapore,SGP,COVID-19,331
2026-08-23,Singapore,SGP,COVID-19,313
2026-08-30,Singapore,SGP,COVID-19,277
2026-09-06,Singapore,SGP,COVID-19,258
2026-09-13,Singapore,SGP,COVID-19,205
2026-09-20,Singapore,SGP,COVID-19,186
2026-09-27,Singapore,SGP,COVID-19,132
2026-10-04,Singapore,SGP,COVID-19,133
2024-10-13,China,CHN,Dengue,577
2024-10-20,China,CHN,Dengue,615
2024-10-27,China,CHN,Dengue,523
2024-11-03,China,CHN,Dengue,498
2024-11-10,China,CHN,Dengue,419
2024-11-17,China,CHN,Dengue,555
2024-11-24,China,CHN,Dengue,500
2024-12-01,China,CHN,Dengue,430
2024-12-08,China,CHN,Dengue,476
2024-12-15,China,CHN,Dengue,331
2024-12-22,China,CHN,Dengue,461
2024-12-29,China,CHN,Dengue,287
2025-01-05,China,CHN,Dengue,293
2025-01-12,China,CHN,Dengue,254
2025-01-19,China,CHN,Dengue,276
2025-01-26,China,CHN,Dengue,288
2025-02-02,China,CHN,Dengue,248
2025-02-09,China,CHN,Dengue,318
2025-02-16,China,CHN,Dengue,259
2025-02-23,China,CHN,Dengue,260
2025-03-02,China,CHN,Dengue,216
2025-03-09,China,CHN,Dengue,267
2025-03-16,China,CHN,Dengue,247
2025-03-23,China,CHN,Dengue,229
2025-03-30,China,CHN,Dengue,224
2025-04-06,China,CHN,Dengue,357
2025-04-13,China,CHN,Dengue,247
2025-04-20,China,CHN,Dengue,205
2025-04-27,China,CHN,Dengue,241
2025-05-04,China,CHN,Dengue,277
2025-05-11,China,CHN,Dengue,316
2025-05-18,China,CHN,Dengue,335
2025-05-25,China,CHN,Dengue,364
2025-06-01,China,CHN,Dengue,322
2025-06-08,China,CHN,Dengue,406
2025-06-15,China,CHN,Dengue,365
2025-06-22,China,CHN,Dengue,414
2025-06-29,China,CHN,Dengue,428
2025-07-06,China,CHN,Dengue,442
2025-07-13,China,CHN,Dengue,672
2025-07-20,China,CHN,Dengue,684
2025-07-27,China,CHN,Dengue,756
2025-08-03,China,CHN,Dengue,699
2025-08-10,China,CHN,Dengue,812
2025-08-17,China,CHN,Dengue,554
2025-08-24,China,CHN,Dengue,873
2025-08-31,China,CHN,Dengue,807
2025-09-07,China,CHN,Dengue,865
2025-09-14,China,CHN,Dengue,833
2025-09-21,China,CHN,Dengue,663
2025-09-28,China,CHN,Dengue,590
2025-10-05,China,CHN,Dengue,659
2025-10-12,China,CHN,Dengue,768
2025-10-19,China,CHN,Dengue,744
2025-10-26,China,CHN,Dengue,506
2025-11-02,China,CHN,Dengue,509
2025-11-09,China,CHN,Dengue,495
2025-11-16,China,CHN,Dengue,487
2025-11-23,China,CHN,Dengue,378
2025-11-30,China,CHN,Dengue,345
2025-12-07,China,CHN,Dengue,355
2025-12-14,China,CHN,Dengue,380
2025-12-21,China,CHN,Dengue,287
2025-12-28,China,CHN,Dengue,322
2026-01-04,China,CHN,Dengue,360
2026-01-11,China,CHN,Dengue,240
2026-01-18,China,CHN,Dengue,279
2026-01-25,China,CHN,Dengue,325
2026-02-01,China,CHN,Dengue,261
2026-02-08,China,CHN,Dengue,252
2026-02-15,China,CHN,Dengue,323
2026-02-22,China,CHN,Dengue,263
2026-03-01,China,CHN,Dengue,321
2026-03-08,China,CHN,Dengue,294
2026-03-15,China,CHN,Dengue,262
2026-03-22,China,CHN,Dengue,297
2026-03-29,China,CHN,Dengue,292
2026-04-05,China,CHN,Dengue,323
2026-04-12,China,CHN,Dengue,260
2026-04-19,China,CHN,Dengue,290
2026-04-26,China,CHN,Dengue,293
2026-05-03,China,CHN,Dengue,338
2026-05-10,China,CHN,Dengue,271
2026-05-17,China,CHN,Dengue,391
2026-05-24,China,CHN,Dengue,388
2026-05-31,China,CHN,Dengue,314
2026-06-07,China,CHN,Dengue,500
2026-06-14,China,CHN,Dengue,615
2026-06-21,China,CHN,Dengue,576
2026-06-28,China,CHN,Dengue,661
2026-07-05,China,CHN,Dengue,597
2026-07-12,China,CHN,Dengue,477
2026-07-19,China,CHN,Dengue,492
2026-07-26,China,CHN,Dengue,750
2026-08-02,China,CHN,Dengue,694
2026-08-09,China,CHN,Dengue,687
2026-08-16,China,CHN,Dengue,817
2026-08-23,China,CHN,Dengue,925
2026-08-30,China,CHN,Dengue,673
2026-09-06,China,CHN,Dengue,808
2026-09-13,China,CHN,Dengue,1059
2026-09-20,China,CHN,Dengue,715
2026-09-27,China,CHN,Dengue,942
2026-10-04,China,CHN,Dengue,749
2024-10-13,China,CHN,Influenza,101692
2024-10-20,China,CHN,Influenza,133311
2024-10-27,China,CHN,Influenza,152864
2024-11-03,China,CHN,Influenza,185114
2024-11-10,China,CHN,Influenza,157117
2024-11-17,China,CHN,Influenza,254394
2024-11-24,China,CHN,Influenza,214800
2024-12-01,China,CHN,Influenza,284730
2024-12-08,China,CHN,Influenza,312023
2024-12-15,China,CHN,Influenza,348031
2024-12-22,China,CHN,Influenza,362816
2024-12-29,China,CHN,Influenza,316593
2025-01-05,China,CHN,Influenza,299191
2025-01-12,China,CHN,Influenza,433059
2025-01-19,China,CHN,Influenza,396328
2025-01-26,China,CHN,Influenza,448972
2025-02-02,China,CHN,Influenza,372635
2025-02-09,China,CHN,Influenza,286071
2025-02-16,China,CHN,Influenza,395410
2025-02-23,China,CHN,Influenza,306400
2025-03-02,China,CHN,Influenza,315797
2025-03-09,China,CHN,Influenza,247444
2025-03-16,China,CHN,Influenza,307053
2025-03-23,China,CHN,Influenza,189319
2025-03-30,China,CHN,Influenza,180311
2025-04-06,China,CHN,Influenza,165524
2025-04-13,China,CHN,Influenza,115031
2025-04-20,China,CHN,Influenza,120144
2025-04-27,China,CHN,Influenza,116723
2025-05-04,China,CHN,Influenza,70771
2025-05-11,China,CHN,Influenza,65401
2025-05-18,China,CHN,Influenza,29374
2025-05-25,China,CHN,Influenza,40720
2025-06-01,China,CHN,Influenza,32741
2025-06-08,China,CHN,Influenza,26154
2025-06-15,China,CHN,Influenza,31299
2025-06-22,China,CHN,Influenza,24047
2025-06-29,China,CHN,Influenza,23829
2025-07-06,China,CHN,Influenza,22807
2025-07-13,China,CHN,Influenza,17173
2025-07-20,China,CHN,Influenza,20007
2025-07-27,China,CHN,Influenza,27578
2025-08-03,China,CHN,Influenza,16524
2025-08-10,China,CHN,Influenza,21666
2025-08-17,China,CHN,Influenza,23768
2025-08-24,China,CHN,Influenza,33974
2025-08-31,China,CHN,Influenza,33252
2025-09-07,China,CHN,Influenza,31483
2025-09-14,China,CHN,Influenza,48974
2025-09-21,China,CHN,Influenza,44439
2025-09-28,China,CHN,Influenza,71087
2025-10-05,China,CHN,Influenza,60820
2025-10-12,China,CHN,Influenza,109129
2025-10-19,China,CHN,Influenza,107496
2025-10-26,China,CHN,Influenza,116345
2025-11-02,China,CHN,Influenza,157593
2025-11-09,China,CHN,Influenza,197825
2025-11-16,China,CHN,Influenza,201804
2025-11-23,China,CHN,Influenza,266770
2025-11-30,China,CHN,Influenza,250095
2025-12-07,China,CHN,Influenza,328340
2025-12-14,China,CHN,Influenza,345944
2025-12-21,China,CHN,Influenza,342204
2025-12-28,China,CHN,Influenza,338473
2026-01-04,China,CHN,Influenza,383680
2026-01-11,China,CHN,Influenza,414557
2026-01-18,China,CHN,Influenza,504828
2026-01-25,China,CHN,Influenza,436912
2026-02-01,China,CHN,Influenza,430074
2026-02-08,China,CHN,Influenza,530396
2026-02-15,China,CHN,Influenza,372089
2026-02-22,China,CHN,Influenza,348008
2026-03-01,China,CHN,Influenza,332109
2026-03-08,China,CHN,Influenza,232583
2026-03-15,China,CHN,Influenza,229904
2026-03-22,China,CHN,Influenza,201430
2026-03-29,China,CHN,Influenza,208374
2026-04-05,China,CHN,Influenza,158643
2026-04-12,China,CHN,Influenza,140420
2026-04-19,China,CHN,Influenza,133141
2026-04-26,China,CHN,Influenza,106166
2026-05-03,China,CHN,Influenza,74538
2026-05-10,China,CHN,Influenza,55536
2026-05-17,China,CHN,Influenza,58505
2026-05-24,China,CHN,Influenza,45714
2026-05-31,China,CHN,Influenza,26077
2026-06-07,China,CHN,Influenza,28414
2026-06-14,China,CHN,Influenza,27599
2026-06-21,China,CHN,Influenza,28238
2026-06-28,China,CHN,Influenza,27822
2026-07-05,China,CHN,Influenza,25205
2026-07-12,China,CHN,Influenza,26220
2026-07-19,China,CHN,Influenza,24331
2026-07-26,China,CHN,Influenza,21667
2026-08-02,China,CHN,Influenza,23228
2026-08-09,China,CHN,Influenza,24550
2026-08-16,China,CHN,Influenza,25153
2026-08-23,China,CHN,Influenza,19314
2026-08-30,China,CHN,Influenza,28037
2026-09-06,China,CHN,Influenza,34644
2026-09-13,China,CHN,Influenza,39230
2026-09-20,China,CHN,Influenza,48141
2026-09-27,China,CHN,Influenza,66261
2026-10-04,China,CHN,Influenza,64027
2024-10-13,China,CHN,COVID-19,21862
2024-10-20,China,CHN,COVID-19,27422
2024-10-27,China,CHN,COVID-19,32265
2024-11-03,China,CHN,COVID-19,36309
2024-11-10,China,CHN,COVID-19,32428
2024-11-17,China,CHN,COVID-19,22697
2024-11-24,China,CHN,COVID-19,28234
2024-12-01,China,CHN,COVID-19,30630
2024-12-08,China,CHN,COVID-19,30678
2024-12-15,China,CHN,COVID-19,32952
2024-12-22,China,CHN,COVID-19,27078
2024-12-29,China,CHN,COVID-19,33049
2025-01-05,China,CHN,COVID-19,36804
2025-01-12,China,CHN,COVID-19,41824
2025-01-19,China,CHN,COVID-19,35746
2025-01-26,China,CHN,COVID-19,42745
2025-02-02,China,CHN,COVID-19,30049
2025-02-09,China,CHN,COVID-19,51763
2025-02-16,China,CHN,COVID-19,59504
2025-02-23,China,CHN,COVID-19,61705
2025-03-02,China,CHN,COVID-19,83564
2025-03-09,China,CHN,COVID-19,89467
2025-03-16,China,CHN,COVID-19,65045
2025-03-23,China,CHN,COVID-19,108890
2025-03-30,China,CHN,COVID-19,95531
2025-04-06,China,CHN,COVID-19,122817
2025-04-13,China,CHN,COVID-19,93432
2025-04-20,China,CHN,COVID-19,114993
2025-04-27,China,CHN,COVID-19,106272
2025-05-04,China,CHN,COVID-19,110276
2025-05-11,China,CHN,COVID-19,100228
2025-05-18,China,CHN,COVID-19,86772
2025-05-25,China,CHN,COVID-19,62750
2025-06-01,China,CHN,COVID-19,56708
2025-06-08,China,CHN,COVID-19,58936
2025-06-15,China,CHN,COVID-19,57029
2025-06-22,China,CHN,COVID-19,45966
2025-06-29,China,CHN,COVID-19,49363
2025-07-06,China,CHN,COVID-19,39043
2025-07-13,China,CHN,COVID-19,31960
2025-07-20,China,CHN,COVID-19,33422
2025-07-27,China,CHN,COVID-19,34270
2025-08-03,China,CHN,COVID-19,33626
2025-08-10,China,CHN,COVID-19,40413
2025-08-17,China,CHN,COVID-19,28325
2025-08-24,China,CHN,COVID-19,31551
2025-08-31,China,CHN,COVID-19,34897
2025-09-07,China,CHN,COVID-19,34107
2025-09-14,China,CHN,COVID-19,33539
2025-09-21,China,CHN,COVID-19,29940
2025-09-28,China,CHN,COVID-19,39303
2025-10-05,China,CHN,COVID-19,39469
2025-10-12,China,CHN,COVID-19,38926
2025-10-19,China,CHN,COVID-19,52016
2025-10-26,China,CHN,COVID-19,56169
2025-11-02,China,CHN,COVID-19,81735
2025-11-09,China,CHN,COVID-19,92067
2025-11-16,China,CHN,COVID-19,81493
2025-11-23,China,CHN,COVID-19,100210
2025-11-30,China,CHN,COVID-19,82269
2025-12-07,China,CHN,COVID-19,114038
2025-12-14,China,CHN,COVID-19,138995
2025-12-21,China,CHN,COVID-19,154577
2025-12-28,China,CHN,COVID-19,126844
2026-01-04,China,CHN,COVID-19,167092
2026-01-11,China,CHN,COVID-19,111473
2026-01-18,China,CHN,COVID-19,115342
2026-01-25,China,CHN,COVID-19,151954
2026-02-01,China,CHN,COVID-19,163655
2026-02-08,China,CHN,COVID-19,131916
2026-02-15,China,CHN,COVID-19,112993
2026-02-22,China,CHN,COVID-19,69676
2026-03-01,China,CHN,COVID-19,65397
2026-03-08,China,CHN,COVID-19,85700
2026-03-15,China,CHN,COVID-19,70779
2026-03-22,China,CHN,COVID-19,55312
2026-03-29,China,CHN,COVID-19,59359
2026-04-05,China,CHN,COVID-19,53189
2026-04-12,China,CHN,COVID-19,53471
2026-04-19,China,CHN,COVID-19,43255
2026-04-26,China,CHN,COVID-19,46015
2026-05-03,China,CHN,COVID-19,36190
2026-05-10,China,CHN,COVID-19,33582
2026-05-17,China,CHN,COVID-19,38138
2026-05-24,China,CHN,COVID-19,27564
2026-05-31,China,CHN,COVID-19,46278
2026-06-07,China,CHN,COVID-19,35715
2026-06-14,China,CHN,COVID-19,38518
2026-06-21,China,CHN,COVID-19,43984
2026-06-28,China,CHN,COVID-19,60357
2026-07-05,China,CHN,COVID-19,62039
2026-07-12,China,CHN,COVID-19,49708
2026-07-19,China,CHN,COVID-19,92387
2026-07-26,China,CHN,COVID-19,82275
2026-08-02,China,CHN,COVID-19,96656
2026-08-09,China,CHN,COVID-19,80962
2026-08-16,China,CHN,COVID-19,108959
2026-08-23,China,CHN,COVID-19,87871
2026-08-30,China,CHN,COVID-19,91376
2026-09-06,China,CHN,COVID-19,76733
2026-09-13,China,CHN,COVID-19,89269
2026-09-20,China,CHN,COVID-19,76248
2026-09-27,China,CHN,COVID-19,50016
2026-10-04,China,CHN,COVID-19,42875
2024-10-13,Japan,JPN,Dengue,41
2024-10-20,Japan,JPN,Dengue,32
2024-10-27,Japan,JPN,Dengue,30
2024-11-03,Japan,JPN,Dengue,34
2024-11-10,Japan,JPN,Dengue,25
2024-11-17,Japan,JPN,Dengue,25
2024-11-24,Japan,JPN,Dengue,18
2024-12-01,Japan,JPN,Dengue,24
2024-12-08,Japan,JPN,Dengue,26
2024-12-15,Japan,JPN,Dengue,21
2024-12-22,Japan,JPN,Dengue,21
2024-12-29,Japan,JPN,Dengue,14
2025-01-05,Japan,JPN,Dengue,16
2025-01-12,Japan,JPN,Dengue,13
2025-01-19,Japan,JPN,Dengue,14
2025-01-26,Japan,JPN,Dengue,16
2025-02-02,Japan,JPN,Dengue,14
2025-02-09,Japan,JPN,Dengue,11
2025-02-16,Japan,JPN,Dengue,11
2025-02-23,Japan,JPN,Dengue,11
2025-03-02,Japan,JPN,Dengue,15
2025-03-09,Japan,JPN,Dengue,18
2025-03-16,Japan,JPN,Dengue,17
2025-03-23,Japan,JPN,Dengue,10
2025-03-30,Japan,JPN,Dengue,17
2025-04-06,Japan,JPN,Dengue,16
2025-04-13,Japan,JPN,Dengue,11
2025-04-20,Japan,JPN,Dengue,14
2025-04-27,Japan,JPN,Dengue,17
2025-05-04,Japan,JPN,Dengue,16
2025-05-11,Japan,JPN,Dengue,13
2025-05-18,Japan,JPN,Dengue,18
2025-05-25,Japan,JPN,Dengue,12
2025-06-01,Japan,JPN,Dengue,19
2025-06-08,Japan,JPN,Dengue,25
2025-06-15,Japan,JPN,Dengue,23
2025-06-22,Japan,JPN,Dengue,23
2025-06-29,Japan,JPN,Dengue,31
2025-07-06,Japan,JPN,Dengue,34
2025-07-13,Japan,JPN,Dengue,38
2025-07-20,Japan,JPN,Dengue,38
2025-07-27,Japan,JPN,Dengue,42
2025-08-03,Japan,JPN,Dengue,42
2025-08-10,Japan,JPN,Dengue,41
2025-08-17,Japan,JPN,Dengue,42
2025-08-24,Japan,JPN,Dengue,41
2025-08-31,Japan,JPN,Dengue,35
2025-09-07,Japan,JPN,Dengue,37
2025-09-14,Japan,JPN,Dengue,41
2025-09-21,Japan,JPN,Dengue,44
2025-09-28,Japan,JPN,Dengue,51
2025-10-05,Japan,JPN,Dengue,40
2025-10-12,Japan,JPN,Dengue,45
2025-10-19,Japan,JPN,Dengue,43
2025-10-26,Japan,JPN,Dengue,34
2025-11-02,Japan,JPN,Dengue,35
2025-11-09,Japan,JPN,Dengue,29
2025-11-16,Japan,JPN,Dengue,34
2025-11-23,Japan,JPN,Dengue,28
2025-11-30,Japan,JPN,Dengue,20
2025-12-07,Japan,JPN,Dengue,23
2025-12-14,Japan,JPN,Dengue,26
2025-12-21,Japan,JPN,Dengue,19
2025-12-28,Japan,JPN,Dengue,19
2026-01-04,Japan,JPN,Dengue,18
2026-01-11,Japan,JPN,Dengue,14
2026-01-18,Japan,JPN,Dengue,17
2026-01-25,Japan,JPN,Dengue,12
2026-02-01,Japan,JPN,Dengue,14
2026-02-08,Japan,JPN,Dengue,18
2026-02-15,Japan,JPN,Dengue,16
2026-02-22,Japan,JPN,Dengue,14
2026-03-01,Japan,JPN,Dengue,16
2026-03-08,Japan,JPN,Dengue,15
2026-03-15,Japan,JPN,Dengue,15
2026-03-22,Japan,JPN,Dengue,17
2026-03-29,Japan,JPN,Dengue,14
2026-04-05,Japan,JPN,Dengue,15
2026-04-12,Japan,JPN,Dengue,15
2026-04-19,Japan,JPN,Dengue,12
2026-04-26,Japan,JPN,Dengue,14
2026-05-03,Japan,JPN,Dengue,21
2026-05-10,Japan,JPN,Dengue,19
2026-05-17,Japan,JPN,Dengue,15
2026-05-24,Japan,JPN,Dengue,15
2026-05-31,Japan,JPN,Dengue,21
2026-06-07,Japan,JPN,Dengue,29
2026-06-14,Japan,JPN,Dengue,24
2026-06-21,Japan,JPN,Dengue,33
2026-06-28,Japan,JPN,Dengue,31
2026-07-05,Japan,JPN,Dengue,34
2026-07-12,Japan,JPN,Dengue,28
2026-07-19,Japan,JPN,Dengue,42
2026-07-26,Japan,JPN,Dengue,38
2026-08-02,Japan,JPN,Dengue,47
2026-08-09,Japan,JPN,Dengue,38
2026-08-16,Japan,JPN,Dengue,46
2026-08-23,Japan,JPN,Dengue,49
2026-08-30,Japan,JPN,Dengue,46
2026-09-06,Japan,JPN,Dengue,50
2026-09-13,Japan,JPN,Dengue,45
2026-09-20,Japan,JPN,Dengue,42
2026-09-27,Japan,JPN,Dengue,57
2026-10-04,Japan,JPN,Dengue,51
2024-10-13,Japan,JPN,Influenza,4550
2024-10-20,Japan,JPN,Influenza,6789
2024-10-27,Japan,JPN,Influenza,6680
2024-11-03,Japan,JPN,Influenza,7320
2024-11-10,Japan,JPN,Influenza,11988
2024-11-17,Japan,JPN,Influenza,8867
2024-11-24,Japan,JPN,Influenza,15331
2024-12-01,Japan,JPN,Influenza,14409
2024-12-08,Japan,JPN,Influenza,15894
2024-12-15,Japan,JPN,Influenza,18818
2024-12-22,Japan,JPN,Influenza,20518
2024-12-29,Japan,JPN,Influenza,17353
2025-01-05,Japan,JPN,Influenza,22708
2025-01-12,Japan,JPN,Influenza,21283
2025-01-19,Japan,JPN,Influenza,17101
2025-01-26,Japan,JPN,Influenza,20394
2025-02-02,Japan,JPN,Influenza,24748
2025-02-09,Japan,JPN,Influenza,24789
2025-02-16,Japan,JPN,Influenza,20903
2025-02-23,Japan,JPN,Influenza,14563
2025-03-02,Japan,JPN,Influenza,17623
2025-03-09,Japan,JPN,Influenza,16888
2025-03-16,Japan,JPN,Influenza,14925
2025-03-23,Japan,JPN,Influenza,13314
2025-03-30,Japan,JPN,Influenza,10944
2025-04-06,Japan,JPN,Influenza,8805
2025-04-13,Japan,JPN,Influenza,6832
2025-04-20,Japan,JPN,Influenza,4474
2025-04-27,Japan,JPN,Influenza,5398
2025-05-04,Japan,JPN,Influenza,4291
2025-05-11,Japan,JPN,Influenza,3656
2025-05-18,Japan,JPN,Influenza,2184
2025-05-25,Japan,JPN,Influenza,2455
2025-06-01,Japan,JPN,Influenza,2456
2025-06-08,Japan,JPN,Influenza,1648
2025-06-15,Japan,JPN,Influenza,1458
2025-06-22,Japan,JPN,Influenza,1446
2025-06-29,Japan,JPN,Influenza,1746
2025-07-06,Japan,JPN,Influenza,1118
2025-07-13,Japan,JPN,Influenza,1357
2025-07-20,Japan,JPN,Influenza,1159
2025-07-27,Japan,JPN,Influenza,1209
2025-08-03,Japan,JPN,Influenza,1311
2025-08-10,Japan,JPN,Influenza,1608
2025-08-17,Japan,JPN,Influenza,1755
2025-08-24,Japan,JPN,Influenza,1571
2025-08-31,Japan,JPN,Influenza,1537
2025-09-07,Japan,JPN,Influenza,2579
2025-09-14,Japan,JPN,Influenza,2095
2025-09-21,Japan,JPN,Influenza,2498
2025-09-28,Japan,JPN,Influenza,2476
2025-10-05,Japan,JPN,Influenza,5049
2025-10-12,Japan,JPN,Influenza,5883
2025-10-19,Japan,JPN,Influenza,8524
2025-10-26,Japan,JPN,Influenza,5951
2025-11-02,Japan,JPN,Influenza,10849
2025-11-09,Japan,JPN,Influenza,10488
2025-11-16,Japan,JPN,Influenza,13352
2025-11-23,Japan,JPN,Influenza,10133
2025-11-30,Japan,JPN,Influenza,18274
2025-12-07,Japan,JPN,Influenza,18352
2025-12-14,Japan,JPN,Influenza,17625
2025-12-21,Japan,JPN,Influenza,20699
2025-12-28,Japan,JPN,Influenza,17533
2026-01-04,Japan,JPN,Influenza,18719
2026-01-11,Japan,JPN,Influenza,19472
2026-01-18,Japan,JPN,Influenza,15215
2026-01-25,Japan,JPN,Influenza,23632
2026-02-01,Japan,JPN,Influenza,24165
2026-02-08,Japan,JPN,Influenza,17724
2026-02-15,Japan,JPN,Influenza,19858
2026-02-22,Japan,JPN,Influenza,17022
2026-03-01,Japan,JPN,Influenza,17223
2026-03-08,Japan,JPN,Influenza,13567
2026-03-15,Japan,JPN,Influenza,11676
2026-03-22,Japan,JPN,Influenza,13792
2026-03-29,Japan,JPN,Influenza,10279
2026-04-05,Japan,JPN,Influenza,11602
2026-04-12,Japan,JPN,Influenza,7570
2026-04-19,Japan,JPN,Influenza,5386
2026-04-26,Japan,JPN,Influenza,6082
2026-05-03,Japan,JPN,Influenza,4569
2026-05-10,Japan,JPN,Influenza,3742
2026-05-17,Japan,JPN,Influenza,3220
2026-05-24,Japan,JPN,Influenza,2019
2026-05-31,Japan,JPN,Influenza,1842
2026-06-07,Japan,JPN,Influenza,1587
2026-06-14,Japan,JPN,Influenza,1187
2026-06-21,Japan,JPN,Influenza,1327
2026-06-28,Japan,JPN,Influenza,1606
2026-07-05,Japan,JPN,Influenza,1368
2026-07-12,Japan,JPN,Influenza,1051
2026-07-19,Japan,JPN,Influenza,1010
2026-07-26,Japan,JPN,Influenza,1646
2026-08-02,Japan,JPN,Influenza,1303
2026-08-09,Japan,JPN,Influenza,1208
2026-08-16,Japan,JPN,Influenza,1325
2026-08-23,Japan,JPN,Influenza,1146
2026-08-30,Japan,JPN,Influenza,1977
2026-09-06,Japan,JPN,Influenza,1767
2026-09-13,Japan,JPN,Influenza,2697
2026-09-20,Japan,JPN,Influenza,2753
2026-09-27,Japan,JPN,Influenza,4097
2026-10-04,Japan,JPN,Influenza,4335
2024-10-13,Japan,JPN,COVID-19,1783
2024-10-20,Japan,JPN,COVID-19,1752
2024-10-27,Japan,JPN,COVID-19,1730
2024-11-03,Japan,JPN,COVID-19,1666
2024-11-10,Japan,JPN,COVID-19,1531
2024-11-17,Japan,JPN,COVID-19,2048
2024-11-24,Japan,JPN,COVID-19,1381
2024-12-01,Japan,JPN,COVID-19,1613
2024-12-08,Japan,JPN,COVID-19,1637
2024-12-15,Japan,JPN,COVID-19,1766
2024-12-22,Japan,JPN,COVID-19,1605
2024-12-29,Japan,JPN,COVID-19,1873
2025-01-05,Japan,JPN,COVID-19,1844
2025-01-12,Japan,JPN,COVID-19,1551
2025-01-19,Japan,JPN,COVID-19,2225
2025-01-26,Japan,JPN,COVID-19,2057
2025-02-02,Japan,JPN,COVID-19,2044
2025-02-09,Japan,JPN,COVID-19,3183
2025-02-16,Japan,JPN,COVID-19,3788
2025-02-23,Japan,JPN,COVID-19,4295
2025-03-02,Japan,JPN,COVID-19,4835
2025-03-09,Japan,JPN,COVID-19,3501
2025-03-16,Japan,JPN,COVID-19,4279
2025-03-23,Japan,JPN,COVID-19,7470
2025-03-30,Japan,JPN,COVID-19,5112
2025-04-06,Japan,JPN,COVID-19,6829
2025-04-13,Japan,JPN,COVID-19,5670
2025-04-20,Japan,JPN,COVID-19,6331
2025-04-27,Japan,JPN,COVID-19,5489
2025-05-04,Japan,JPN,COVID-19,6250
2025-05-11,Japan,JPN,COVID-19,5487
2025-05-18,Japan,JPN,COVID-19,4599
2025-05-25,Japan,JPN,COVID-19,3754
2025-06-01,Japan,JPN,COVID-19,4141
2025-06-08,Japan,JPN,COVID-19,2888
2025-06-15,Japan,JPN,COVID-19,3320
2025-06-22,Japan,JPN,COVID-19,3853
2025-06-29,Japan,JPN,COVID-19,2966
2025-07-06,Japan,JPN,COVID-19,2467
2025-07-13,Japan,JPN,COVID-19,2016
2025-07-20,Japan,JPN,COVID-19,1352
2025-07-27,Japan,JPN,COVID-19,1452
2025-08-03,Japan,JPN,COVID-19,2089
2025-08-10,Japan,JPN,COVID-19,1519
2025-08-17,Japan,JPN,COVID-19,1540
2025-08-24,Japan,JPN,COVID-19,1700
2025-08-31,Japan,JPN,COVID-19,1507
2025-09-07,Japan,JPN,COVID-19,1526
2025-09-14,Japan,JPN,COVID-19,1967
2025-09-21,Japan,JPN,COVID-19,1846
2025-09-28,Japan,JPN,COVID-19,2067
2025-10-05,Japan,JPN,COVID-19,2270
2025-10-12,Japan,JPN,COVID-19,3096
2025-10-19,Japan,JPN,COVID-19,3115
2025-10-26,Japan,JPN,COVID-19,3544
2025-11-02,Japan,JPN,COVID-19,4475
2025-11-09,Japan,JPN,COVID-19,4517
2025-11-16,Japan,JPN,COVID-19,4937
2025-11-23,Japan,JPN,COVID-19,6101
2025-11-30,Japan,JPN,COVID-19,6858
2025-12-07,Japan,JPN,COVID-19,6582
2025-12-14,Japan,JPN,COVID-19,7253
2025-12-21,Japan,JPN,COVID-19,6635
2025-12-28,Japan,JPN,COVID-19,6760
2026-01-04,Japan,JPN,COVID-19,8797
2026-01-11,Japan,JPN,COVID-19,8410
2026-01-18,Japan,JPN,COVID-19,8284
2026-01-25,Japan,JPN,COVID-19,7821
2026-02-01,Japan,JPN,COVID-19,7200
2026-02-08,Japan,JPN,COVID-19,7413
2026-02-15,Japan,JPN,COVID-19,7084
2026-02-22,Japan,JPN,COVID-19,6453
2026-03-01,Japan,JPN,COVID-19,5052
2026-03-08,Japan,JPN,COVID-19,5550
2026-03-15,Japan,JPN,COVID-19,4227
2026-03-22,Japan,JPN,COVID-19,3967
2026-03-29,Japan,JPN,COVID-19,3348
2026-04-05,Japan,JPN,COVID-19,2963
2026-04-12,Japan,JPN,COVID-19,2277
2026-04-19,Japan,JPN,COVID-19,2560
2026-04-26,Japan,JPN,COVID-19,3030
2026-05-03,Japan,JPN,COVID-19,1864
2026-05-10,Japan,JPN,COVID-19,1887
2026-05-17,Japan,JPN,COVID-19,1677
2026-05-24,Japan,JPN,COVID-19,1636
2026-05-31,Japan,JPN,COVID-19,2190
2026-06-07,Japan,JPN,COVID-19,1661
2026-06-14,Japan,JPN,COVID-19,1850
2026-06-21,Japan,JPN,COVID-19,1698
2026-06-28,Japan,JPN,COVID-19,2281
2026-07-05,Japan,JPN,COVID-19,2254
2026-07-12,Japan,JPN,COVID-19,3917
2026-07-19,Japan,JPN,COVID-19,5922
2026-07-26,Japan,JPN,COVID-19,4478
2026-08-02,Japan,JPN,COVID-19,3899
2026-08-09,Japan,JPN,COVID-19,6214
2026-08-16,Japan,JPN,COVID-19,4917
2026-08-23,Japan,JPN,COVID-19,6359
2026-08-30,Japan,JPN,COVID-19,4711
2026-09-06,Japan,JPN,COVID-19,3965
2026-09-13,Japan,JPN,COVID-19,3684
2026-09-20,Japan,JPN,COVID-19,3577
2026-09-27,Japan,JPN,COVID-19,2622
2026-10-04,Japan,JPN,COVID-19,2148
2024-10-13,United Arab Emirates,ARE,Dengue,26
2024-10-20,United Arab Emirates,ARE,Dengue,21
2024-10-27,United Arab Emirates,ARE,Dengue,26
2024-11-03,United Arab Emirates,ARE,Dengue,17
2024-11-10,United Arab Emirates,ARE,Dengue,21
2024-11-17,United Arab Emirates,ARE,Dengue,23
2024-11-24,United Arab Emirates,ARE,Dengue,20
2024-12-01,United Arab Emirates,ARE,Dengue,19
2024-12-08,United Arab Emirates,ARE,Dengue,16
2024-12-15,United Arab Emirates,ARE,Dengue,18
2024-12-22,United Arab Emirates,ARE,Dengue,16
2024-12-29,United Arab Emirates,ARE,Dengue,14
2025-01-05,United Arab Emirates,ARE,Dengue,14
2025-01-12,United Arab Emirates,ARE,Dengue,13
2025-01-19,United Arab Emirates,ARE,Dengue,10
2025-01-26,United Arab Emirates,ARE,Dengue,8
2025-02-02,United Arab Emirates,ARE,Dengue,11
2025-02-09,United Arab Emirates,ARE,Dengue,11
2025-02-16,United Arab Emirates,ARE,Dengue,11
2025-02-23,United Arab Emirates,ARE,Dengue,8
2025-03-02,United Arab Emirates,ARE,Dengue,8
2025-03-09,United Arab Emirates,ARE,Dengue,10
2025-03-16,United Arab Emirates,ARE,Dengue,9
2025-03-23,United Arab Emirates,ARE,Dengue,7
2025-03-30,United Arab Emirates,ARE,Dengue,10
2025-04-06,United Arab Emirates,ARE,Dengue,7
2025-04-13,United Arab Emirates,ARE,Dengue,8
2025-04-20,United Arab Emirates,ARE,Dengue,12
2025-04-27,United Arab Emirates,ARE,Dengue,13
2025-05-04,United Arab Emirates,ARE,Dengue,8
2025-05-11,United Arab Emirates,ARE,Dengue,10
2025-05-18,United Arab Emirates,ARE,Dengue,11
2025-05-25,United Arab Emirates,ARE,Dengue,14
2025-06-01,United Arab Emirates,ARE,Dengue,11
2025-06-08,United Arab Emirates,ARE,Dengue,12
2025-06-15,United Arab Emirates,ARE,Dengue,17
2025-06-22,United Arab Emirates,ARE,Dengue,14
2025-06-29,United Arab Emirates,ARE,Dengue,18
2025-07-06,United Arab Emirates,ARE,Dengue,14
2025-07-13,United Arab Emirates,ARE,Dengue,19
2025-07-20,United Arab Emirates,ARE,Dengue,15
2025-07-27,United Arab Emirates,ARE,Dengue,19
2025-08-03,United Arab Emirates,ARE,Dengue,27
2025-08-10,United Arab Emirates,ARE,Dengue,25
2025-08-17,United Arab Emirates,ARE,Dengue,25
2025-08-24,United Arab Emirates,ARE,Dengue,25
2025-08-31,United Arab Emirates,ARE,Dengue,28
2025-09-07,United Arab Emirates,ARE,Dengue,31
2025-09-14,United Arab Emirates,ARE,Dengue,35
2025-09-21,United Arab Emirates,ARE,Dengue,18
2025-09-28,United Arab Emirates,ARE,Dengue,26
2025-10-05,United Arab Emirates,ARE,Dengue,31
2025-10-12,United Arab Emirates,ARE,Dengue,29
2025-10-19,United Arab Emirates,ARE,Dengue,30
2025-10-26,United Arab Emirates,ARE,Dengue,28
2025-11-02,United Arab Emirates,ARE,Dengue,25
2025-11-09,United Arab Emirates,ARE,Dengue,22
2025-11-16,United Arab Emirates,ARE,Dengue,22
2025-11-23,United Arab Emirates,ARE,Dengue,25
2025-11-30,United Arab Emirates,ARE,Dengue,18
2025-12-07,United Arab Emirates,ARE,Dengue,18
2025-12-14,United Arab Emirates,ARE,Dengue,17
2025-12-21,United Arab Emirates,ARE,Dengue,19
2025-12-28,United Arab Emirates,ARE,Dengue,14
2026-01-04,United Arab Emirates,ARE,Dengue,15
2026-01-11,United Arab Emirates,ARE,Dengue,15
2026-01-18,United Arab Emirates,ARE,Dengue,12
2026-01-25,United Arab Emirates,ARE,Dengue,11
2026-02-01,United Arab Emirates,ARE,Dengue,10
2026-02-08,United Arab Emirates,ARE,Dengue,10
2026-02-15,United Arab Emirates,ARE,Dengue,12
2026-02-22,United Arab Emirates,ARE,Dengue,11
2026-03-01,United Arab Emirates,ARE,Dengue,11
2026-03-08,United Arab Emirates,ARE,Dengue,9
2026-03-15,United Arab Emirates,ARE,Dengue,9
2026-03-22,United Arab Emirates,ARE,Dengue,14
2026-03-29,United Arab Emirates,ARE,Dengue,10
2026-04-05,United Arab Emirates,ARE,Dengue,9
2026-04-12,United Arab Emirates,ARE,Dengue,13
2026-04-19,United Arab Emirates,ARE,Dengue,11
2026-04-26,United Arab Emirates,ARE,Dengue,12
2026-05-03,United Arab Emirates,ARE,Dengue,11
2026-05-10,United Arab Emirates,ARE,Dengue,11
2026-05-17,United Arab Emirates,ARE,Dengue,11
2026-05-24,United Arab Emirates,ARE,Dengue,10
2026-05-31,United Arab Emirates,ARE,Dengue,13
2026-06-07,United Arab Emirates,ARE,Dengue,15
2026-06-14,United Arab Emirates,ARE,Dengue,19
2026-06-21,United Arab Emirates,ARE,Dengue,16
2026-06-28,United Arab Emirates,ARE,Dengue,11
2026-07-05,United Arab Emirates,ARE,Dengue,19
2026-07-12,United Arab Emirates,ARE,Dengue,29
2026-07-19,United Arab Emirates,ARE,Dengue,25
2026-07-26,United Arab Emirates,ARE,Dengue,21
2026-08-02,United Arab Emirates,ARE,Dengue,28
2026-08-09,United Arab Emirates,ARE,Dengue,25
2026-08-16,United Arab Emirates,ARE,Dengue,23
2026-08-23,United Arab Emirates,ARE,Dengue,29
2026-08-30,United Arab Emirates,ARE,Dengue,32
2026-09-06,United Arab Emirates,ARE,Dengue,23
2026-09-13,United Arab Emirates,ARE,Dengue,27
2026-09-20,United Arab Emirates,ARE,Dengue,33
2026-09-27,United Arab Emirates,ARE,Dengue,31
2026-10-04,United Arab Emirates,ARE,Dengue,35
2024-10-13,United Arab Emirates,ARE,Influenza,115
2024-10-20,United Arab Emirates,ARE,Influenza,182
2024-10-27,United Arab Emirates,ARE,Influenza,156
2024-11-03,United Arab Emirates,ARE,Influenza,271
2024-11-10,United Arab Emirates,ARE,Influenza,183
2024-11-17,United Arab Emirates,ARE,Influenza,230
2024-11-24,United Arab Emirates,ARE,Influenza,322
2024-12-01,United Arab Emirates,ARE,Influenza,413
2024-12-08,United Arab Emirates,ARE,Influenza,371
2024-12-15,United Arab Emirates,ARE,Influenza,408
2024-12-22,United Arab Emirates,ARE,Influenza,394
2024-12-29,United Arab Emirates,ARE,Influenza,344
2025-01-05,United Arab Emirates,ARE,Influenza,384
2025-01-12,United Arab Emirates,ARE,Influenza,341
2025-01-19,United Arab Emirates,ARE,Influenza,335
2025-01-26,United Arab Emirates,ARE,Influenza,431
2025-02-02,United Arab Emirates,ARE,Influenza,327
2025-02-09,United Arab Emirates,ARE,Influenza,394
2025-02-16,United Arab Emirates,ARE,Influenza,285
2025-02-23,United Arab Emirates,ARE,Influenza,345
2025-03-02,United Arab Emirates,ARE,Influenza,281
2025-03-09,United Arab Emirates,ARE,Influenza,333
2025-03-16,United Arab Emirates,ARE,Influenza,258
2025-03-23,United Arab Emirates,ARE,Influenza,258
2025-03-30,United Arab Emirates,ARE,Influenza,169
2025-04-06,United Arab Emirates,ARE,Influenza,166
2025-04-13,United Arab Emirates,ARE,Influenza,120
2025-04-20,United Arab Emirates,ARE,Influenza,113
2025-04-27,United Arab Emirates,ARE,Influenza,98
2025-05-04,United Arab Emirates,ARE,Influenza,78
2025-05-11,United Arab Emirates,ARE,Influenza,62
2025-05-18,United Arab Emirates,ARE,Influenza,52
2025-05-25,United Arab Emirates,ARE,Influenza,39
2025-06-01,United Arab Emirates,ARE,Influenza,46
2025-06-08,United Arab Emirates,ARE,Influenza,57
2025-06-15,United Arab Emirates,ARE,Influenza,38
2025-06-22,United Arab Emirates,ARE,Influenza,39
2025-06-29,United Arab Emirates,ARE,Influenza,62
2025-07-06,United Arab Emirates,ARE,Influenza,44
2025-07-13,United Arab Emirates,ARE,Influenza,51
2025-07-20,United Arab Emirates,ARE,Influenza,54
2025-07-27,United Arab Emirates,ARE,Influenza,54
2025-08-03,United Arab Emirates,ARE,Influenza,38
2025-08-10,United Arab Emirates,ARE,Influenza,49
2025-08-17,United Arab Emirates,ARE,Influenza,39
2025-08-24,United Arab Emirates,ARE,Influenza,75
2025-08-31,United Arab Emirates,ARE,Influenza,45
2025-09-07,United Arab Emirates,ARE,Influenza,56
2025-09-14,United Arab Emirates,ARE,Influenza,64
2025-09-21,United Arab Emirates,ARE,Influenza,68
2025-09-28,United Arab Emirates,ARE,Influenza,123
2025-10-05,United Arab Emirates,ARE,Influenza,164
2025-10-12,United Arab Emirates,ARE,Influenza,131
2025-10-19,United Arab Emirates,ARE,Influenza,132
2025-10-26,United Arab Emirates,ARE,Influenza,126
2025-11-02,United Arab Emirates,ARE,Influenza,210
2025-11-09,United Arab Emirates,ARE,Influenza,235
2025-11-16,United Arab Emirates,ARE,Influenza,248
2025-11-23,United Arab Emirates,ARE,Influenza,313
2025-11-30,United Arab Emirates,ARE,Influenza,350
2025-12-07,United Arab Emirates,ARE,Influenza,372
2025-12-14,United Arab Emirates,ARE,Influenza,358
2025-12-21,United Arab Emirates,ARE,Influenza,328
2025-12-28,United Arab Emirates,ARE,Influenza,447
2026-01-04,United Arab Emirates,ARE,Influenza,415
2026-01-11,United Arab Emirates,ARE,Influenza,472
2026-01-18,United Arab Emirates,ARE,Influenza,463
2026-01-25,United Arab Emirates,ARE,Influenza,320
2026-02-01,United Arab Emirates,ARE,Influenza,309
2026-02-08,United Arab Emirates,ARE,Influenza,333
2026-02-15,United Arab Emirates,ARE,Influenza,298
2026-02-22,United Arab Emirates,ARE,Influenza,368
2026-03-01,United Arab Emirates,ARE,Influenza,319
2026-03-08,United Arab Emirates,ARE,Influenza,321
2026-03-15,United Arab Emirates,ARE,Influenza,261
2026-03-22,United Arab Emirates,ARE,Influenza,225
2026-03-29,United Arab Emirates,ARE,Influenza,225
2026-04-05,United Arab Emirates,ARE,Influenza,176
2026-04-12,United Arab Emirates,ARE,Influenza,142
2026-04-19,United Arab Emirates,ARE,Influenza,147
2026-04-26,United Arab Emirates,ARE,Influenza,104
2026-05-03,United Arab Emirates,ARE,Influenza,83
2026-05-10,United Arab Emirates,ARE,Influenza,66
2026-05-17,United Arab Emirates,ARE,Influenza,73
2026-05-24,United Arab Emirates,ARE,Influenza,71
2026-05-31,United Arab Emirates,ARE,Influenza,54
2026-06-07,United Arab Emirates,ARE,Influenza,62
2026-06-14,United Arab Emirates,ARE,Influenza,35
2026-06-21,United Arab Emirates,ARE,Influenza,49
2026-06-28,United Arab Emirates,ARE,Influenza,49
2026-07-05,United Arab Emirates,ARE,Influenza,44
2026-07-12,United Arab Emirates,ARE,Influenza,67
2026-07-19,United Arab Emirates,ARE,Influenza,49
2026-07-26,United Arab Emirates,ARE,Influenza,46
2026-08-02,United Arab Emirates,ARE,Influenza,50
2026-08-09,United Arab Emirates,ARE,Influenza,35
2026-08-16,United Arab Emirates,ARE,Influenza,46
2026-08-23,United Arab Emirates,ARE,Influenza,63
2026-08-30,United Arab Emirates,ARE,Influenza,54
2026-09-06,United Arab Emirates,ARE,Influenza,58
2026-09-13,United Arab Emirates,ARE,Influenza,90
2026-09-20,United Arab Emirates,ARE,Influenza,105
2026-09-27,United Arab Emirates,ARE,Influenza,110
2026-10-04,United Arab Emirates,ARE,Influenza,112
2024-10-13,United Arab Emirates,ARE,COVID-19,142
2024-10-20,United Arab Emirates,ARE,COVID-19,129
2024-10-27,United Arab Emirates,ARE,COVID-19,125
2024-11-03,United Arab Emirates,ARE,COVID-19,124
2024-11-10,United Arab Emirates,ARE,COVID-19,134
2024-11-17,United Arab Emirates,ARE,COVID-19,125
2024-11-24,United Arab Emirates,ARE,COVID-19,114
2024-12-01,United Arab Emirates,ARE,COVID-19,155
2024-12-08,United Arab Emirates,ARE,COVID-19,157
2024-12-15,United Arab Emirates,ARE,COVID-19,195
2024-12-22,United Arab Emirates,ARE,COVID-19,144
2024-12-29,United Arab Emirates,ARE,COVID-19,174
2025-01-05,United Arab Emirates,ARE,COVID-19,184
2025-01-12,United Arab Emirates,ARE,COVID-19,182
2025-01-19,United Arab Emirates,ARE,COVID-19,230
2025-01-26,United Arab Emirates,ARE,COVID-19,256
2025-02-02,United Arab Emirates,ARE,COVID-19,270
2025-02-09,United Arab Emirates,ARE,COVID-19,279
2025-02-16,United Arab Emirates,ARE,COVID-19,311
2025-02-23,United Arab Emirates,ARE,COVID-19,295
2025-03-02,United Arab Emirates,ARE,COVID-19,365
2025-03-09,United Arab Emirates,ARE,COVID-19,416
2025-03-16,United Arab Emirates,ARE,COVID-19,416
2025-03-23,United Arab Emirates,ARE,COVID-19,572
2025-03-30,United Arab Emirates,ARE,COVID-19,666
2025-04-06,United Arab Emirates,ARE,COVID-19,503
2025-04-13,United Arab Emirates,ARE,COVID-19,614
2025-04-20,United Arab Emirates,ARE,COVID-19,492
2025-04-27,United Arab Emirates,ARE,COVID-19,539
2025-05-04,United Arab Emirates,ARE,COVID-19,481
2025-05-11,United Arab Emirates,ARE,COVID-19,546
2025-05-18,United Arab Emirates,ARE,COVID-19,412
2025-05-25,United Arab Emirates,ARE,COVID-19,478
2025-06-01,United Arab Emirates,ARE,COVID-19,357
2025-06-08,United Arab Emirates,ARE,COVID-19,297
2025-06-15,United Arab Emirates,ARE,COVID-19,236
2025-06-22,United Arab Emirates,ARE,COVID-19,267
2025-06-29,United Arab Emirates,ARE,COVID-19,260
2025-07-06,United Arab Emirates,ARE,COVID-19,216
2025-07-13,United Arab Emirates,ARE,COVID-19,254
2025-07-20,United Arab Emirates,ARE,COVID-19,215
2025-07-27,United Arab Emirates,ARE,COVID-19,161
2025-08-03,United Arab Emirates,ARE,COVID-19,155
2025-08-10,United Arab Emirates,ARE,COVID-19,172
2025-08-17,United Arab Emirates,ARE,COVID-19,140
2025-08-24,United Arab Emirates,ARE,COVID-19,191
2025-08-31,United Arab Emirates,ARE,COVID-19,176
2025-09-07,United Arab Emirates,ARE,COVID-19,181
2025-09-14,United Arab Emirates,ARE,COVID-19,203
2025-09-21,United Arab Emirates,ARE,COVID-19,250
2025-09-28,United Arab Emirates,ARE,COVID-19,222
2025-10-05,United Arab Emirates,ARE,COVID-19,235
2025-10-12,United Arab Emirates,ARE,COVID-19,328
2025-10-19,United Arab Emirates,ARE,COVID-19,344
2025-10-26,United Arab Emirates,ARE,COVID-19,323
2025-11-02,United Arab Emirates,ARE,COVID-19,383
2025-11-09,United Arab Emirates,ARE,COVID-19,442
2025-11-16,United Arab Emirates,ARE,COVID-19,506
2025-11-23,United Arab Emirates,ARE,COVID-19,423
2025-11-30,United Arab Emirates,ARE,COVID-19,446
2025-12-07,United Arab Emirates,ARE,COVID-19,543
2025-12-14,United Arab Emirates,ARE,COVID-19,571
2025-12-21,United Arab Emirates,ARE,COVID-19,632
2025-12-28,United Arab Emirates,ARE,COVID-19,791
2026-01-04,United Arab Emirates,ARE,COVID-19,716
2026-01-11,United Arab Emirates,ARE,COVID-19,756
2026-01-18,United Arab Emirates,ARE,COVID-19,589
2026-01-25,United Arab Emirates,ARE,COVID-19,650
2026-02-01,United Arab Emirates,ARE,COVID-19,724
2026-02-08,United Arab Emirates,ARE,COVID-19,681
2026-02-15,United Arab Emirates,ARE,COVID-19,515
2026-02-22,United Arab Emirates,ARE,COVID-19,541
2026-03-01,United Arab Emirates,ARE,COVID-19,635
2026-03-08,United Arab Emirates,ARE,COVID-19,427
2026-03-15,United Arab Emirates,ARE,COVID-19,341
2026-03-22,United Arab Emirates,ARE,COVID-19,329
2026-03-29,United Arab Emirates,ARE,COVID-19,303
2026-04-05,United Arab Emirates,ARE,COVID-19,260
2026-04-12,United Arab Emirates,ARE,COVID-19,237
2026-04-19,United Arab Emirates,ARE,COVID-19,169
2026-04-26,United Arab Emirates,ARE,COVID-19,169
2026-05-03,United Arab Emirates,ARE,COVID-19,180
2026-05-10,United Arab Emirates,ARE,COVID-19,170
2026-05-17,United Arab Emirates,ARE,COVID-19,153
2026-05-24,United Arab Emirates,ARE,COVID-19,160
2026-05-31,United Arab Emirates,ARE,COVID-19,167
2026-06-07,United Arab Emirates,ARE,COVID-19,195
2026-06-14,United Arab Emirates,ARE,COVID-19,183
2026-06-21,United Arab Emirates,ARE,COVID-19,220
2026-06-28,United Arab Emirates,ARE,COVID-19,220
2026-07-05,United Arab Emirates,ARE,COVID-19,306
2026-07-12,United Arab Emirates,ARE,COVID-19,352
2026-07-19,United Arab Emirates,ARE,COVID-19,439
2026-07-26,United Arab Emirates,ARE,COVID-19,488
2026-08-02,United Arab Emirates,ARE,COVID-19,527
2026-08-09,United Arab Emirates,ARE,COVID-19,502
2026-08-16,United Arab Emirates,ARE,COVID-19,533
2026-08-23,United Arab Emirates,ARE,COVID-19,574
2026-08-30,United Arab Emirates,ARE,COVID-19,413
2026-09-06,United Arab Emirates,ARE,COVID-19,369
2026-09-13,United Arab Emirates,ARE,COVID-19,362
2026-09-20,United Arab Emirates,ARE,COVID-19,318
2026-09-27,United Arab Emirates,ARE,COVID-19,221
2026-10-04,United Arab Emirates,ARE,COVID-19,214
2024-10-13,Brazil,BRA,Dengue,1180
2024-10-20,Brazil,BRA,Dengue,1771
2024-10-27,Brazil,BRA,Dengue,1900
2024-11-03,Brazil,BRA,Dengue,2084
2024-11-10,Brazil,BRA,Dengue,2940
2024-11-17,Brazil,BRA,Dengue,2322
2024-11-24,Brazil,BRA,Dengue,2984
2024-12-01,Brazil,BRA,Dengue,2518
2024-12-08,Brazil,BRA,Dengue,4690
2024-12-15,Brazil,BRA,Dengue,5789
2024-12-22,Brazil,BRA,Dengue,6860
2024-12-29,Brazil,BRA,Dengue,10330
2025-01-05,Brazil,BRA,Dengue,11754
2025-01-12,Brazil,BRA,Dengue,12180
2025-01-19,Brazil,BRA,Dengue,12933
2025-01-26,Brazil,BRA,Dengue,17671
2025-02-02,Brazil,BRA,Dengue,16784
2025-02-09,Brazil,BRA,Dengue,15959
2025-02-16,Brazil,BRA,Dengue,14353
2025-02-23,Brazil,BRA,Dengue,18857
2025-03-02,Brazil,BRA,Dengue,23095
2025-03-09,Brazil,BRA,Dengue,28118
2025-03-16,Brazil,BRA,Dengue,21018
2025-03-23,Brazil,BRA,Dengue,18013
2025-03-30,Brazil,BRA,Dengue,16078
2025-04-06,Brazil,BRA,Dengue,20003
2025-04-13,Brazil,BRA,Dengue,12618
2025-04-20,Brazil,BRA,Dengue,16964
2025-04-27,Brazil,BRA,Dengue,15793
2025-05-04,Brazil,BRA,Dengue,13227
2025-05-11,Brazil,BRA,Dengue,10421
2025-05-18,Brazil,BRA,Dengue,9985
2025-05-25,Brazil,BRA,Dengue,7948
2025-06-01,Brazil,BRA,Dengue,5692
2025-06-08,Brazil,BRA,Dengue,6788
2025-06-15,Brazil,BRA,Dengue,4138
2025-06-22,Brazil,BRA,Dengue,4027
2025-06-29,Brazil,BRA,Dengue,1924
2025-07-06,Brazil,BRA,Dengue,3084
2025-07-13,Brazil,BRA,Dengue,2793
2025-07-20,Brazil,BRA,Dengue,2103
2025-07-27,Brazil,BRA,Dengue,2143
2025-08-03,Brazil,BRA,Dengue,2076
2025-08-10,Brazil,BRA,Dengue,1706
2025-08-17,Brazil,BRA,Dengue,2034
2025-08-24,Brazil,BRA,Dengue,1652
2025-08-31,Brazil,BRA,Dengue,1711
2025-09-07,Brazil,BRA,Dengue,2205
2025-09-14,Brazil,BRA,Dengue,2166
2025-09-21,Brazil,BRA,Dengue,1693
2025-09-28,Brazil,BRA,Dengue,1691
2025-10-05,Brazil,BRA,Dengue,1730
2025-10-12,Brazil,BRA,Dengue,2165
2025-10-19,Brazil,BRA,Dengue,1718
2025-10-26,Brazil,BRA,Dengue,2263
2025-11-02,Brazil,BRA,Dengue,2620
2025-11-09,Brazil,BRA,Dengue,2640
2025-11-16,Brazil,BRA,Dengue,3607
2025-11-23,Brazil,BRA,Dengue,3584
2025-11-30,Brazil,BRA,Dengue,4418
2025-12-07,Brazil,BRA,Dengue,4756
2025-12-14,Brazil,BRA,Dengue,7818
2025-12-21,Brazil,BRA,Dengue,7245
2025-12-28,Brazil,BRA,Dengue,10272
2026-01-04,Brazil,BRA,Dengue,11344
2026-01-11,Brazil,BRA,Dengue,11166
2026-01-18,Brazil,BRA,Dengue,13702
2026-01-25,Brazil,BRA,Dengue,20357
2026-02-01,Brazil,BRA,Dengue,19091
2026-02-08,Brazil,BRA,Dengue,16991
2026-02-15,Brazil,BRA,Dengue,22244
2026-02-22,Brazil,BRA,Dengue,21730
2026-03-01,Brazil,BRA,Dengue,34644
2026-03-08,Brazil,BRA,Dengue,24038
2026-03-15,Brazil,BRA,Dengue,21593
2026-03-22,Brazil,BRA,Dengue,27138
2026-03-29,Brazil,BRA,Dengue,15558
2026-04-05,Brazil,BRA,Dengue,20591
2026-04-12,Brazil,BRA,Dengue,24498
2026-04-19,Brazil,BRA,Dengue,16917
2026-04-26,Brazil,BRA,Dengue,11435
2026-05-03,Brazil,BRA,Dengue,12826
2026-05-10,Brazil,BRA,Dengue,14415
2026-05-17,Brazil,BRA,Dengue,10676
2026-05-24,Brazil,BRA,Dengue,7436
2026-05-31,Brazil,BRA,Dengue,6346
2026-06-07,Brazil,BRA,Dengue,5342
2026-06-14,Brazil,BRA,Dengue,5052
2026-06-21,Brazil,BRA,Dengue,4751
2026-06-28,Brazil,BRA,Dengue,3836
2026-07-05,Brazil,BRA,Dengue,3033
2026-07-12,Brazil,BRA,Dengue,2008
2026-07-19,Brazil,BRA,Dengue,1838
2026-07-26,Brazil,BRA,Dengue,2341
2026-08-02,Brazil,BRA,Dengue,1676
2026-08-09,Brazil,BRA,Dengue,1999
2026-08-16,Brazil,BRA,Dengue,2153
2026-08-23,Brazil,BRA,Dengue,1708
2026-08-30,Brazil,BRA,Dengue,1745
2026-09-06,Brazil,BRA,Dengue,2036
2026-09-13,Brazil,BRA,Dengue,2225
2026-09-20,Brazil,BRA,Dengue,2403
2026-09-27,Brazil,BRA,Dengue,2270
2026-10-04,Brazil,BRA,Dengue,2120
2024-10-13,Brazil,BRA,Influenza,1824
2024-10-20,Brazil,BRA,Influenza,1544
2024-10-27,Brazil,BRA,Influenza,1553
2024-11-03,Brazil,BRA,Influenza,1670
2024-11-10,Brazil,BRA,Influenza,1580
2024-11-17,Brazil,BRA,Influenza,1004
2024-11-24,Brazil,BRA,Influenza,1276
2024-12-01,Brazil,BRA,Influenza,1699
2024-12-08,Brazil,BRA,Influenza,1454
2024-12-15,Brazil,BRA,Influenza,1131
2024-12-22,Brazil,BRA,Influenza,1945
2024-12-29,Brazil,BRA,Influenza,1432
2025-01-05,Brazil,BRA,Influenza,1529
2025-01-12,Brazil,BRA,Influenza,1553
2025-01-19,Brazil,BRA,Influenza,1421
2025-01-26,Brazil,BRA,Influenza,1401
2025-02-02,Brazil,BRA,Influenza,2217
2025-02-09,Brazil,BRA,Influenza,2116
2025-02-16,Brazil,BRA,Influenza,2308
2025-02-23,Brazil,BRA,Influenza,2536
2025-03-02,Brazil,BRA,Influenza,2280
2025-03-09,Brazil,BRA,Influenza,3699
2025-03-16,Brazil,BRA,Influenza,3138
2025-03-23,Brazil,BRA,Influenza,4319
2025-03-30,Brazil,BRA,Influenza,3580
2025-04-06,Brazil,BRA,Influenza,3741
2025-04-13,Brazil,BRA,Influenza,6350
2025-04-20,Brazil,BRA,Influenza,5919
2025-04-27,Brazil,BRA,Influenza,5191
2025-05-04,Brazil,BRA,Influenza,8677
2025-05-11,Brazil,BRA,Influenza,11334
2025-05-18,Brazil,BRA,Influenza,10995
2025-05-25,Brazil,BRA,Influenza,9140
2025-06-01,Brazil,BRA,Influenza,9822
2025-06-08,Brazil,BRA,Influenza,11326
2025-06-15,Brazil,BRA,Influenza,11751
2025-06-22,Brazil,BRA,Influenza,9480
2025-06-29,Brazil,BRA,Influenza,9859
2025-07-06,Brazil,BRA,Influenza,9935
2025-07-13,Brazil,BRA,Influenza,9854
2025-07-20,Brazil,BRA,Influenza,8428
2025-07-27,Brazil,BRA,Influenza,7881
2025-08-03,Brazil,BRA,Influenza,8929
2025-08-10,Brazil,BRA,Influenza,7958
2025-08-17,Brazil,BRA,Influenza,6495
2025-08-24,Brazil,BRA,Influenza,6782
2025-08-31,Brazil,BRA,Influenza,4472
2025-09-07,Brazil,BRA,Influenza,5151
2025-09-14,Brazil,BRA,Influenza,3884
2025-09-21,Brazil,BRA,Influenza,4627
2025-09-28,Brazil,BRA,Influenza,2204
2025-10-05,Brazil,BRA,Influenza,2093
2025-10-12,Brazil,BRA,Influenza,2183
2025-10-19,Brazil,BRA,Influenza,1948
2025-10-26,Brazil,BRA,Influenza,2173
2025-11-02,Brazil,BRA,Influenza,1415
2025-11-09,Brazil,BRA,Influenza,1709
2025-11-16,Brazil,BRA,Influenza,1721
2025-11-23,Brazil,BRA,Influenza,1599
2025-11-30,Brazil,BRA,Influenza,1231
2025-12-07,Brazil,BRA,Influenza,1740
2025-12-14,Brazil,BRA,Influenza,1702
2025-12-21,Brazil,BRA,Influenza,1566
2025-12-28,Brazil,BRA,Influenza,1483
2026-01-04,Brazil,BRA,Influenza,1495
2026-01-11,Brazil,BRA,Influenza,1448
2026-01-18,Brazil,BRA,Influenza,1649
2026-01-25,Brazil,BRA,Influenza,1580
2026-02-01,Brazil,BRA,Influenza,1467
2026-02-08,Brazil,BRA,Influenza,1550
2026-02-15,Brazil,BRA,Influenza,1823
2026-02-22,Brazil,BRA,Influenza,2412
2026-03-01,Brazil,BRA,Influenza,2673
2026-03-08,Brazil,BRA,Influenza,3204
2026-03-15,Brazil,BRA,Influenza,3862
2026-03-22,Brazil,BRA,Influenza,3753
2026-03-29,Brazil,BRA,Influenza,5791
2026-04-05,Brazil,BRA,Influenza,5175
2026-04-12,Brazil,BRA,Influenza,5667
2026-04-19,Brazil,BRA,Influenza,7224
2026-04-26,Brazil,BRA,Influenza,5360
2026-05-03,Brazil,BRA,Influenza,7074
2026-05-10,Brazil,BRA,Influenza,9865
2026-05-17,Brazil,BRA,Influenza,6727
2026-05-24,Brazil,BRA,Influenza,11100
2026-05-31,Brazil,BRA,Influenza,12032
2026-06-07,Brazil,BRA,Influenza,9441
2026-06-14,Brazil,BRA,Influenza,10498
2026-06-21,Brazil,BRA,Influenza,11673
2026-06-28,Brazil,BRA,Influenza,9122
2026-07-05,Brazil,BRA,Influenza,10744
2026-07-12,Brazil,BRA,Influenza,8183
2026-07-19,Brazil,BRA,Influenza,7983
2026-07-26,Brazil,BRA,Influenza,7064
2026-08-02,Brazil,BRA,Influenza,7778
2026-08-09,Brazil,BRA,Influenza,7906
2026-08-16,Brazil,BRA,Influenza,5893
2026-08-23,Brazil,BRA,Influenza,4363
2026-08-30,Brazil,BRA,Influenza,3976
2026-09-06,Brazil,BRA,Influenza,4388
2026-09-13,Brazil,BRA,Influenza,4586
2026-09-20,Brazil,BRA,Influenza,3287
2026-09-27,Brazil,BRA,Influenza,2528
2026-10-04,Brazil,BRA,Influenza,2603
2024-10-13,Brazil,BRA,COVID-19,3325
2024-10-20,Brazil,BRA,COVID-19,3254
2024-10-27,Brazil,BRA,COVID-19,2956
2024-11-03,Brazil,BRA,COVID-19,4185
2024-11-10,Brazil,BRA,COVID-19,2143
2024-11-17,Brazil,BRA,COVID-19,3886
2024-11-24,Brazil,BRA,COVID-19,3246
2024-12-01,Brazil,BRA,COVID-19,3301
2024-12-08,Brazil,BRA,COVID-19,4468
2024-12-15,Brazil,BRA,COVID-19,3246
2024-12-22,Brazil,BRA,COVID-19,3362
2024-12-29,Brazil,BRA,COVID-19,3827
2025-01-05,Brazil,BRA,COVID-19,4385
2025-01-12,Brazil,BRA,COVID-19,4144
2025-01-19,Brazil,BRA,COVID-19,3704
2025-01-26,Brazil,BRA,COVID-19,4677
2025-02-02,Brazil,BRA,COVID-19,7186
2025-02-09,Brazil,BRA,COVID-19,6883
2025-02-16,Brazil,BRA,COVID-19,8222
2025-02-23,Brazil,BRA,COVID-19,8346
2025-03-02,Brazil,BRA,COVID-19,8761
2025-03-09,Brazil,BRA,COVID-19,13466
2025-03-16,Brazil,BRA,COVID-19,11401
2025-03-23,Brazil,BRA,COVID-19,11741
2025-03-30,Brazil,BRA,COVID-19,15410
2025-04-06,Brazil,BRA,COVID-19,12172
2025-04-13,Brazil,BRA,COVID-19,12563
2025-04-20,Brazil,BRA,COVID-19,13672
2025-04-27,Brazil,BRA,COVID-19,13235
2025-05-04,Brazil,BRA,COVID-19,13068
2025-05-11,Brazil,BRA,COVID-19,15413
2025-05-18,Brazil,BRA,COVID-19,11301
2025-05-25,Brazil,BRA,COVID-19,6255
2025-06-01,Brazil,BRA,COVID-19,9112
2025-06-08,Brazil,BRA,COVID-19,7746
2025-06-15,Brazil,BRA,COVID-19,6853
2025-06-22,Brazil,BRA,COVID-19,6254
2025-06-29,Brazil,BRA,COVID-19,5358
2025-07-06,Brazil,BRA,COVID-19,4821
2025-07-13,Brazil,BRA,COVID-19,4866
2025-07-20,Brazil,BRA,COVID-19,3821
2025-07-27,Brazil,BRA,COVID-19,3391
2025-08-03,Brazil,BRA,COVID-19,5557
2025-08-10,Brazil,BRA,COVID-19,3356
2025-08-17,Brazil,BRA,COVID-19,3811
2025-08-24,Brazil,BRA,COVID-19,2951
2025-08-31,Brazil,BRA,COVID-19,3980
2025-09-07,Brazil,BRA,COVID-19,3510
2025-09-14,Brazil,BRA,COVID-19,4037
2025-09-21,Brazil,BRA,COVID-19,5380
2025-09-28,Brazil,BRA,COVID-19,5435
2025-10-05,Brazil,BRA,COVID-19,6088
2025-10-12,Brazil,BRA,COVID-19,4600
2025-10-19,Brazil,BRA,COVID-19,8984
2025-10-26,Brazil,BRA,COVID-19,6525
2025-11-02,Brazil,BRA,COVID-19,11016
2025-11-09,Brazil,BRA,COVID-19,11614
2025-11-16,Brazil,BRA,COVID-19,12215
2025-11-23,Brazil,BRA,COVID-19,10840
2025-11-30,Brazil,BRA,COVID-19,13911
2025-12-07,Brazil,BRA,COVID-19,13650
2025-12-14,Brazil,BRA,COVID-19,15706
2025-12-21,Brazil,BRA,COVID-19,15788
2025-12-28,Brazil,BRA,COVID-19,11758
2026-01-04,Brazil,BRA,COVID-19,20105
2026-01-11,Brazil,BRA,COVID-19,16994
2026-01-18,Brazil,BRA,COVID-19,15690
2026-01-25,Brazil,BRA,COVID-19,15000
2026-02-01,Brazil,BRA,COVID-19,16443
2026-02-08,Brazil,BRA,COVID-19,12683
2026-02-15,Brazil,BRA,COVID-19,8970
2026-02-22,Brazil,BRA,COVID-19,13144
2026-03-01,Brazil,BRA,COVID-19,12066
2026-03-08,Brazil,BRA,COVID-19,9724
2026-03-15,Brazil,BRA,COVID-19,7383
2026-03-22,Brazil,BRA,COVID-19,8013
2026-03-29,Brazil,BRA,COVID-19,5469
2026-04-05,Brazil,BRA,COVID-19,5274
2026-04-12,Brazil,BRA,COVID-19,4956
2026-04-19,Brazil,BRA,COVID-19,5694
2026-04-26,Brazil,BRA,COVID-19,4381
2026-05-03,Brazil,BRA,COVID-19,4021
2026-05-10,Brazil,BRA,COVID-19,5270
2026-05-17,Brazil,BRA,COVID-19,4129
2026-05-24,Brazil,BRA,COVID-19,4048
2026-05-31,Brazil,BRA,COVID-19,3665
2026-06-07,Brazil,BRA,COVID-19,3671
2026-06-14,Brazil,BRA,COVID-19,2920
2026-06-21,Brazil,BRA,COVID-19,5568
2026-06-28,Brazil,BRA,COVID-19,5994
2026-07-05,Brazil,BRA,COVID-19,6434
2026-07-12,Brazil,BRA,COVID-19,7646
2026-07-19,Brazil,BRA,COVID-19,10106
2026-07-26,Brazil,BRA,COVID-19,7928
2026-08-02,Brazil,BRA,COVID-19,10340
2026-08-09,Brazil,BRA,COVID-19,9910
2026-08-16,Brazil,BRA,COVID-19,15242
2026-08-23,Brazil,BRA,COVID-19,13138
2026-08-30,Brazil,BRA,COVID-19,7188
2026-09-06,Brazil,BRA,COVID-19,7387
2026-09-13,Brazil,BRA,COVID-19,8096
2026-09-20,Brazil,BRA,COVID-19,6512
2026-09-27,Brazil,BRA,COVID-19,4746
2026-10-04,Brazil,BRA,COVID-19,6541
2024-10-13,Argentina,ARG,Dengue,11
2024-10-20,Argentina,ARG,Dengue,9
2024-10-27,Argentina,ARG,Dengue,11
2024-11-03,Argentina,ARG,Dengue,8
2024-11-10,Argentina,ARG,Dengue,8
2024-11-17,Argentina,ARG,Dengue,8
2024-11-24,Argentina,ARG,Dengue,5
2024-12-01,Argentina,ARG,Dengue,8
2024-12-08,Argentina,ARG,Dengue,6
2024-12-15,Argentina,ARG,Dengue,7
2024-12-22,Argentina,ARG,Dengue,4
2024-12-29,Argentina,ARG,Dengue,4
2025-01-05,Argentina,ARG,Dengue,4
2025-01-12,Argentina,ARG,Dengue,5
2025-01-19,Argentina,ARG,Dengue,4
2025-01-26,Argentina,ARG,Dengue,4
2025-02-02,Argentina,ARG,Dengue,4
2025-02-09,Argentina,ARG,Dengue,3
2025-02-16,Argentina,ARG,Dengue,4
2025-02-23,Argentina,ARG,Dengue,4
2025-03-02,Argentina,ARG,Dengue,4
2025-03-09,Argentina,ARG,Dengue,5
2025-03-16,Argentina,ARG,Dengue,4
2025-03-23,Argentina,ARG,Dengue,5
2025-03-30,Argentina,ARG,Dengue,4
2025-04-06,Argentina,ARG,Dengue,4
2025-04-13,Argentina,ARG,Dengue,4
2025-04-20,Argentina,ARG,Dengue,3
2025-04-27,Argentina,ARG,Dengue,5
2025-05-04,Argentina,ARG,Dengue,5
2025-05-11,Argentina,ARG,Dengue,5
2025-05-18,Argentina,ARG,Dengue,5
2025-05-25,Argentina,ARG,Dengue,5
2025-06-01,Argentina,ARG,Dengue,5
2025-06-08,Argentina,ARG,Dengue,8
2025-06-15,Argentina,ARG,Dengue,7
2025-06-22,Argentina,ARG,Dengue,8
2025-06-29,Argentina,ARG,Dengue,10
2025-07-06,Argentina,ARG,Dengue,10
2025-07-13,Argentina,ARG,Dengue,11
2025-07-20,Argentina,ARG,Dengue,8
2025-07-27,Argentina,ARG,Dengue,10
2025-08-03,Argentina,ARG,Dengue,10
2025-08-10,Argentina,ARG,Dengue,13
2025-08-17,Argentina,ARG,Dengue,13
2025-08-24,Argentina,ARG,Dengue,10
2025-08-31,Argentina,ARG,Dengue,13
2025-09-07,Argentina,ARG,Dengue,10
2025-09-14,Argentina,ARG,Dengue,13
2025-09-21,Argentina,ARG,Dengue,10
2025-09-28,Argentina,ARG,Dengue,14
2025-10-05,Argentina,ARG,Dengue,13
2025-10-12,Argentina,ARG,Dengue,15
2025-10-19,Argentina,ARG,Dengue,13
2025-10-26,Argentina,ARG,Dengue,10
2025-11-02,Argentina,ARG,Dengue,11
2025-11-09,Argentina,ARG,Dengue,7
2025-11-16,Argentina,ARG,Dengue,7
2025-11-23,Argentina,ARG,Dengue,8
2025-11-30,Argentina,ARG,Dengue,5
2025-12-07,Argentina,ARG,Dengue,7
2025-12-14,Argentina,ARG,Dengue,5
2025-12-21,Argentina,ARG,Dengue,6
2025-12-28,Argentina,ARG,Dengue,5
2026-01-04,Argentina,ARG,Dengue,5
2026-01-11,Argentina,ARG,Dengue,5
2026-01-18,Argentina,ARG,Dengue,6
2026-01-25,Argentina,ARG,Dengue,5
2026-02-01,Argentina,ARG,Dengue,4
2026-02-08,Argentina,ARG,Dengue,4
2026-02-15,Argentina,ARG,Dengue,4
2026-02-22,Argentina,ARG,Dengue,5
2026-03-01,Argentina,ARG,Dengue,5
2026-03-08,Argentina,ARG,Dengue,6
2026-03-15,Argentina,ARG,Dengue,4
2026-03-22,Argentina,ARG,Dengue,4
2026-03-29,Argentina,ARG,Dengue,4
2026-04-05,Argentina,ARG,Dengue,5
2026-04-12,Argentina,ARG,Dengue,5
2026-04-19,Argentina,ARG,Dengue,5
2026-04-26,Argentina,ARG,Dengue,6
2026-05-03,Argentina,ARG,Dengue,5
2026-05-10,Argentina,ARG,Dengue,6
2026-05-17,Argentina,ARG,Dengue,6
2026-05-24,Argentina,ARG,Dengue,6
2026-05-31,Argentina,ARG,Dengue,6
2026-06-07,Argentina,ARG,Dengue,10
2026-06-14,Argentina,ARG,Dengue,7
2026-06-21,Argentina,ARG,Dengue,9
2026-06-28,Argentina,ARG,Dengue,8
2026-07-05,Argentina,ARG,Dengue,12
2026-07-12,Argentina,ARG,Dengue,12
2026-07-19,Argentina,ARG,Dengue,10
2026-07-26,Argentina,ARG,Dengue,13
2026-08-02,Argentina,ARG,Dengue,13
2026-08-09,Argentina,ARG,Dengue,12
2026-08-16,Argentina,ARG,Dengue,15
2026-08-23,Argentina,ARG,Dengue,15
2026-08-30,Argentina,ARG,Dengue,15
2026-09-06,Argentina,ARG,Dengue,14
2026-09-13,Argentina,ARG,Dengue,15
2026-09-20,Argentina,ARG,Dengue,15
2026-09-27,Argentina,ARG,Dengue,14
2026-10-04,Argentina,ARG,Dengue,12
2024-10-13,Argentina,ARG,Influenza,3370
2024-10-20,Argentina,ARG,Influenza,1912
2024-10-27,Argentina,ARG,Influenza,2010
2024-11-03,Argentina,ARG,Influenza,1476
2024-11-10,Argentina,ARG,Influenza,1593
2024-11-17,Argentina,ARG,Influenza,881
2024-11-24,Argentina,ARG,Influenza,734
2024-12-01,Argentina,ARG,Influenza,577
2024-12-08,Argentina,ARG,Influenza,594
2024-12-15,Argentina,ARG,Influenza,391
2024-12-22,Argentina,ARG,Influenza,412
2024-12-29,Argentina,ARG,Influenza,282
2025-01-05,Argentina,ARG,Influenza,418
2025-01-12,Argentina,ARG,Influenza,369
2025-01-19,Argentina,ARG,Influenza,309
2025-01-26,Argentina,ARG,Influenza,462
2025-02-02,Argentina,ARG,Influenza,320
2025-02-09,Argentina,ARG,Influenza,446
2025-02-16,Argentina,ARG,Influenza,361
2025-02-23,Argentina,ARG,Influenza,517
2025-03-02,Argentina,ARG,Influenza,494
2025-03-09,Argentina,ARG,Influenza,417
2025-03-16,Argentina,ARG,Influenza,489
2025-03-23,Argentina,ARG,Influenza,737
2025-03-30,Argentina,ARG,Influenza,792
2025-04-06,Argentina,ARG,Influenza,993
2025-04-13,Argentina,ARG,Influenza,1501
2025-04-20,Argentina,ARG,Influenza,1377
2025-04-27,Argentina,ARG,Influenza,1914
2025-05-04,Argentina,ARG,Influenza,2594
2025-05-11,Argentina,ARG,Influenza,3014
2025-05-18,Argentina,ARG,Influenza,3058
2025-05-25,Argentina,ARG,Influenza,3440
2025-06-01,Argentina,ARG,Influenza,3004
2025-06-08,Argentina,ARG,Influenza,3805
2025-06-15,Argentina,ARG,Influenza,5192
2025-06-22,Argentina,ARG,Influenza,5241
2025-06-29,Argentina,ARG,Influenza,5761
2025-07-06,Argentina,ARG,Influenza,6912
2025-07-13,Argentina,ARG,Influenza,5087
2025-07-20,Argentina,ARG,Influenza,6094
2025-07-27,Argentina,ARG,Influenza,6541
2025-08-03,Argentina,ARG,Influenza,5650
2025-08-10,Argentina,ARG,Influenza,7518
2025-08-17,Argentina,ARG,Influenza,6795
2025-08-24,Argentina,ARG,Influenza,5945
2025-08-31,Argentina,ARG,Influenza,6792
2025-09-07,Argentina,ARG,Influenza,3841
2025-09-14,Argentina,ARG,Influenza,4516
2025-09-21,Argentina,ARG,Influenza,4287
2025-09-28,Argentina,ARG,Influenza,3103
2025-10-05,Argentina,ARG,Influenza,3275
2025-10-12,Argentina,ARG,Influenza,2241
2025-10-19,Argentina,ARG,Influenza,2505
2025-10-26,Argentina,ARG,Influenza,2188
2025-11-02,Argentina,ARG,Influenza,1614
2025-11-09,Argentina,ARG,Influenza,910
2025-11-16,Argentina,ARG,Influenza,871
2025-11-23,Argentina,ARG,Influenza,895
2025-11-30,Argentina,ARG,Influenza,678
2025-12-07,Argentina,ARG,Influenza,338
2025-12-14,Argentina,ARG,Influenza,584
2025-12-21,Argentina,ARG,Influenza,453
2025-12-28,Argentina,ARG,Influenza,366
2026-01-04,Argentina,ARG,Influenza,464
2026-01-11,Argentina,ARG,Influenza,358
2026-01-18,Argentina,ARG,Influenza,357
2026-01-25,Argentina,ARG,Influenza,419
2026-02-01,Argentina,ARG,Influenza,504
2026-02-08,Argentina,ARG,Influenza,496
2026-02-15,Argentina,ARG,Influenza,426
2026-02-22,Argentina,ARG,Influenza,446
2026-03-01,Argentina,ARG,Influenza,497
2026-03-08,Argentina,ARG,Influenza,399
2026-03-15,Argentina,ARG,Influenza,622
2026-03-22,Argentina,ARG,Influenza,601
2026-03-29,Argentina,ARG,Influenza,864
2026-04-05,Argentina,ARG,Influenza,984
2026-04-12,Argentina,ARG,Influenza,1355
2026-04-19,Argentina,ARG,Influenza,1578
2026-04-26,Argentina,ARG,Influenza,1018
2026-05-03,Argentina,ARG,Influenza,2330
2026-05-10,Argentina,ARG,Influenza,2946
2026-05-17,Argentina,ARG,Influenza,3343
2026-05-24,Argentina,ARG,Influenza,3541
2026-05-31,Argentina,ARG,Influenza,5064
2026-06-07,Argentina,ARG,Influenza,4732
2026-06-14,Argentina,ARG,Influenza,5281
2026-06-21,Argentina,ARG,Influenza,6191
2026-06-28,Argentina,ARG,Influenza,6007
2026-07-05,Argentina,ARG,Influenza,5174
2026-07-12,Argentina,ARG,Influenza,3925
2026-07-19,Argentina,ARG,Influenza,5865
2026-07-26,Argentina,ARG,Influenza,7087
2026-08-02,Argentina,ARG,Influenza,5983
2026-08-09,Argentina,ARG,Influenza,6933
2026-08-16,Argentina,ARG,Influenza,6113
2026-08-23,Argentina,ARG,Influenza,6798
2026-08-30,Argentina,ARG,Influenza,5115
2026-09-06,Argentina,ARG,Influenza,5303
2026-09-13,Argentina,ARG,Influenza,4864
2026-09-20,Argentina,ARG,Influenza,4979
2026-09-27,Argentina,ARG,Influenza,2675
2026-10-04,Argentina,ARG,Influenza,2918
2024-10-13,Argentina,ARG,COVID-19,538
2024-10-20,Argentina,ARG,COVID-19,588
2024-10-27,Argentina,ARG,COVID-19,495
2024-11-03,Argentina,ARG,COVID-19,457
2024-11-10,Argentina,ARG,COVID-19,533
2024-11-17,Argentina,ARG,COVID-19,543
2024-11-24,Argentina,ARG,COVID-19,457
2024-12-01,Argentina,ARG,COVID-19,511
2024-12-08,Argentina,ARG,COVID-19,580
2024-12-15,Argentina,ARG,COVID-19,646
2024-12-22,Argentina,ARG,COVID-19,576
2024-12-29,Argentina,ARG,COVID-19,544
2025-01-05,Argentina,ARG,COVID-19,567
2025-01-12,Argentina,ARG,COVID-19,665
2025-01-19,Argentina,ARG,COVID-19,659
2025-01-26,Argentina,ARG,COVID-19,765
2025-02-02,Argentina,ARG,COVID-19,702
2025-02-09,Argentina,ARG,COVID-19,1125
2025-02-16,Argentina,ARG,COVID-19,883
2025-02-23,Argentina,ARG,COVID-19,1124
2025-03-02,Argentina,ARG,COVID-19,1365
2025-03-09,Argentina,ARG,COVID-19,1933
2025-03-16,Argentina,ARG,COVID-19,1520
2025-03-23,Argentina,ARG,COVID-19,1566
2025-03-30,Argentina,ARG,COVID-19,1680
2025-04-06,Argentina,ARG,COVID-19,2358
2025-04-13,Argentina,ARG,COVID-19,1103
2025-04-20,Argentina,ARG,COVID-19,1604
2025-04-27,Argentina,ARG,COVID-19,2581
2025-05-04,Argentina,ARG,COVID-19,1894
2025-05-11,Argentina,ARG,COVID-19,1354
2025-05-18,Argentina,ARG,COVID-19,1479
2025-05-25,Argentina,ARG,COVID-19,1359
2025-06-01,Argentina,ARG,COVID-19,1354
2025-06-08,Argentina,ARG,COVID-19,1360
2025-06-15,Argentina,ARG,COVID-19,997
2025-06-22,Argentina,ARG,COVID-19,767
2025-06-29,Argentina,ARG,COVID-19,832
2025-07-06,Argentina,ARG,COVID-19,602
2025-07-13,Argentina,ARG,COVID-19,521
2025-07-20,Argentina,ARG,COVID-19,423
2025-07-27,Argentina,ARG,COVID-19,418
2025-08-03,Argentina,ARG,COVID-19,458
2025-08-10,Argentina,ARG,COVID-19,428
2025-08-17,Argentina,ARG,COVID-19,544
2025-08-24,Argentina,ARG,COVID-19,432
2025-08-31,Argentina,ARG,COVID-19,286
2025-09-07,Argentina,ARG,COVID-19,476
2025-09-14,Argentina,ARG,COVID-19,556
2025-09-21,Argentina,ARG,COVID-19,585
2025-09-28,Argentina,ARG,COVID-19,862
2025-10-05,Argentina,ARG,COVID-19,705
2025-10-12,Argentina,ARG,COVID-19,981
2025-10-19,Argentina,ARG,COVID-19,972
2025-10-26,Argentina,ARG,COVID-19,1092
2025-11-02,Argentina,ARG,COVID-19,1084
2025-11-09,Argentina,ARG,COVID-19,1381
2025-11-16,Argentina,ARG,COVID-19,1377
2025-11-23,Argentina,ARG,COVID-19,1764
2025-11-30,Argentina,ARG,COVID-19,1815
2025-12-07,Argentina,ARG,COVID-19,1744
2025-12-14,Argentina,ARG,COVID-19,2485
2025-12-21,Argentina,ARG,COVID-19,2415
2025-12-28,Argentina,ARG,COVID-19,2186
2026-01-04,Argentina,ARG,COVID-19,2433
2026-01-11,Argentina,ARG,COVID-19,2350
2026-01-18,Argentina,ARG,COVID-19,2036
2026-01-25,Argentina,ARG,COVID-19,2290
2026-02-01,Argentina,ARG,COVID-19,1958
2026-02-08,Argentina,ARG,COVID-19,1739
2026-02-15,Argentina,ARG,COVID-19,1419
2026-02-22,Argentina,ARG,COVID-19,1622
2026-03-01,Argentina,ARG,COVID-19,1680
2026-03-08,Argentina,ARG,COVID-19,1242
2026-03-15,Argentina,ARG,COVID-19,1700
2026-03-22,Argentina,ARG,COVID-19,1239
2026-03-29,Argentina,ARG,COVID-19,1159
2026-04-05,Argentina,ARG,COVID-19,965
2026-04-12,Argentina,ARG,COVID-19,987
2026-04-19,Argentina,ARG,COVID-19,617
2026-04-26,Argentina,ARG,COVID-19,395
2026-05-03,Argentina,ARG,COVID-19,556
2026-05-10,Argentina,ARG,COVID-19,611
2026-05-17,Argentina,ARG,COVID-19,555
2026-05-24,Argentina,ARG,COVID-19,555
2026-05-31,Argentina,ARG,COVID-19,643
2026-06-07,Argentina,ARG,COVID-19,590
2026-06-14,Argentina,ARG,COVID-19,673
2026-06-21,Argentina,ARG,COVID-19,578
2026-06-28,Argentina,ARG,COVID-19,649
2026-07-05,Argentina,ARG,COVID-19,1136
2026-07-12,Argentina,ARG,COVID-19,1096
2026-07-19,Argentina,ARG,COVID-19,1141
2026-07-26,Argentina,ARG,COVID-19,1297
2026-08-02,Argentina,ARG,COVID-19,1417
2026-08-09,Argentina,ARG,COVID-19,1477
2026-08-16,Argentina,ARG,COVID-19,1345
2026-08-23,Argentina,ARG,COVID-19,1245
2026-08-30,Argentina,ARG,COVID-19,1442
2026-09-06,Argentina,ARG,COVID-19,1205
2026-09-13,Argentina,ARG,COVID-19,1332
2026-09-20,Argentina,ARG,COVID-19,1012
2026-09-27,Argentina,ARG,COVID-19,852
2026-10-04,Argentina,ARG,COVID-19,623
2024-10-13,Colombia,COL,Dengue,391
2024-10-20,Colombia,COL,Dengue,426
2024-10-27,Colombia,COL,Dengue,403
2024-11-03,Colombia,COL,Dengue,521
2024-11-10,Colombia,COL,Dengue,510
2024-11-17,Colombia,COL,Dengue,667
2024-11-24,Colombia,COL,Dengue,662
2024-12-01,Colombia,COL,Dengue,633
2024-12-08,Colombia,COL,Dengue,1104
2024-12-15,Colombia,COL,Dengue,1432
2024-12-22,Colombia,COL,Dengue,1694
2024-12-29,Colombia,COL,Dengue,1977
2025-01-05,Colombia,COL,Dengue,2071
2025-01-12,Colombia,COL,Dengue,2221
2025-01-19,Colombia,COL,Dengue,3112
2025-01-26,Colombia,COL,Dengue,3420
2025-02-02,Colombia,COL,Dengue,3236
2025-02-09,Colombia,COL,Dengue,4454
2025-02-16,Colombia,COL,Dengue,3520
2025-02-23,Colombia,COL,Dengue,3868
2025-03-02,Colombia,COL,Dengue,5424
2025-03-09,Colombia,COL,Dengue,4973
2025-03-16,Colombia,COL,Dengue,4137
2025-03-23,Colombia,COL,Dengue,4456
2025-03-30,Colombia,COL,Dengue,4200
2025-04-06,Colombia,COL,Dengue,2281
2025-04-13,Colombia,COL,Dengue,3112
2025-04-20,Colombia,COL,Dengue,3264
2025-04-27,Colombia,COL,Dengue,2795
2025-05-04,Colombia,COL,Dengue,2703
2025-05-11,Colombia,COL,Dengue,2645
2025-05-18,Colombia,COL,Dengue,1839
2025-05-25,Colombia,COL,Dengue,1369
2025-06-01,Colombia,COL,Dengue,1419
2025-06-08,Colombia,COL,Dengue,1061
2025-06-15,Colombia,COL,Dengue,895
2025-06-22,Colombia,COL,Dengue,724
2025-06-29,Colombia,COL,Dengue,847
2025-07-06,Colombia,COL,Dengue,361
2025-07-13,Colombia,COL,Dengue,452
2025-07-20,Colombia,COL,Dengue,439
2025-07-27,Colombia,COL,Dengue,366
2025-08-03,Colombia,COL,Dengue,456
2025-08-10,Colombia,COL,Dengue,445
2025-08-17,Colombia,COL,Dengue,392
2025-08-24,Colombia,COL,Dengue,379
2025-08-31,Colombia,COL,Dengue,389
2025-09-07,Colombia,COL,Dengue,390
2025-09-14,Colombia,COL,Dengue,392
2025-09-21,Colombia,COL,Dengue,386
2025-09-28,Colombia,COL,Dengue,414
2025-10-05,Colombia,COL,Dengue,448
2025-10-12,Colombia,COL,Dengue,334
2025-10-19,Colombia,COL,Dengue,357
2025-10-26,Colombia,COL,Dengue,333
2025-11-02,Colombia,COL,Dengue,559
2025-11-09,Colombia,COL,Dengue,583
2025-11-16,Colombia,COL,Dengue,707
2025-11-23,Colombia,COL,Dengue,619
2025-11-30,Colombia,COL,Dengue,1215
2025-12-07,Colombia,COL,Dengue,1063
2025-12-14,Colombia,COL,Dengue,1460
2025-12-21,Colombia,COL,Dengue,1939
2025-12-28,Colombia,COL,Dengue,1745
2026-01-04,Colombia,COL,Dengue,2210
2026-01-11,Colombia,COL,Dengue,2858
2026-01-18,Colombia,COL,Dengue,4522
2026-01-25,Colombia,COL,Dengue,3699
2026-02-01,Colombia,COL,Dengue,4827
2026-02-08,Colombia,COL,Dengue,4963
2026-02-15,Colombia,COL,Dengue,4711
2026-02-22,Colombia,COL,Dengue,3972
2026-03-01,Colombia,COL,Dengue,5552
2026-03-08,Colombia,COL,Dengue,3752
2026-03-15,Colombia,COL,Dengue,5961
2026-03-22,Colombia,COL,Dengue,4837
2026-03-29,Colombia,COL,Dengue,2718
2026-04-05,Colombia,COL,Dengue,4044
2026-04-12,Colombia,COL,Dengue,4347
2026-04-19,Colombia,COL,Dengue,3485
2026-04-26,Colombia,COL,Dengue,3592
2026-05-03,Colombia,COL,Dengue,2497
2026-05-10,Colombia,COL,Dengue,1997
2026-05-17,Colombia,COL,Dengue,2099
2026-05-24,Colombia,COL,Dengue,1794
2026-05-31,Colombia,COL,Dengue,1407
2026-06-07,Colombia,COL,Dengue,1449
2026-06-14,Colombia,COL,Dengue,878
2026-06-21,Colombia,COL,Dengue,870
2026-06-28,Colombia,COL,Dengue,702
2026-07-05,Colombia,COL,Dengue,457
2026-07-12,Colombia,COL,Dengue,422
2026-07-19,Colombia,COL,Dengue,483
2026-07-26,Colombia,COL,Dengue,590
2026-08-02,Colombia,COL,Dengue,479
2026-08-09,Colombia,COL,Dengue,322
2026-08-16,Colombia,COL,Dengue,231
2026-08-23,Colombia,COL,Dengue,480
2026-08-30,Colombia,COL,Dengue,427
2026-09-06,Colombia,COL,Dengue,508
2026-09-13,Colombia,COL,Dengue,377
2026-09-20,Colombia,COL,Dengue,458
2026-09-27,Colombia,COL,Dengue,492
2026-10-04,Colombia,COL,Dengue,411
2024-10-13,Colombia,COL,Influenza,404
2024-10-20,Colombia,COL,Influenza,387
2024-10-27,Colombia,COL,Influenza,382
2024-11-03,Colombia,COL,Influenza,330
2024-11-10,Colombia,COL,Influenza,362
2024-11-17,Colombia,COL,Influenza,286
2024-11-24,Colombia,COL,Influenza,243
2024-12-01,Colombia,COL,Influenza,392
2024-12-08,Colombia,COL,Influenza,274
2024-12-15,Colombia,COL,Influenza,276
2024-12-22,Colombia,COL,Influenza,299
2024-12-29,Colombia,COL,Influenza,305
2025-01-05,Colombia,COL,Influenza,286
2025-01-12,Colombia,COL,Influenza,307
2025-01-19,Colombia,COL,Influenza,314
2025-01-26,Colombia,COL,Influenza,339
2025-02-02,Colombia,COL,Influenza,228
2025-02-09,Colombia,COL,Influenza,495
2025-02-16,Colombia,COL,Influenza,422
2025-02-23,Colombia,COL,Influenza,533
2025-03-02,Colombia,COL,Influenza,447
2025-03-09,Colombia,COL,Influenza,605
2025-03-16,Colombia,COL,Influenza,678
2025-03-23,Colombia,COL,Influenza,1061
2025-03-30,Colombia,COL,Influenza,909
2025-04-06,Colombia,COL,Influenza,1260
2025-04-13,Colombia,COL,Influenza,1148
2025-04-20,Colombia,COL,Influenza,1318
2025-04-27,Colombia,COL,Influenza,1496
2025-05-04,Colombia,COL,Influenza,2009
2025-05-11,Colombia,COL,Influenza,1293
2025-05-18,Colombia,COL,Influenza,1533
2025-05-25,Colombia,COL,Influenza,1413
2025-06-01,Colombia,COL,Influenza,1723
2025-06-08,Colombia,COL,Influenza,1843
2025-06-15,Colombia,COL,Influenza,1600
2025-06-22,Colombia,COL,Influenza,1867
2025-06-29,Colombia,COL,Influenza,1437
2025-07-06,Colombia,COL,Influenza,1691
2025-07-13,Colombia,COL,Influenza,2254
2025-07-20,Colombia,COL,Influenza,1914
2025-07-27,Colombia,COL,Influenza,1732
2025-08-03,Colombia,COL,Influenza,1319
2025-08-10,Colombia,COL,Influenza,1088
2025-08-17,Colombia,COL,Influenza,1055
2025-08-24,Colombia,COL,Influenza,1124
2025-08-31,Colombia,COL,Influenza,1126
2025-09-07,Colombia,COL,Influenza,987
2025-09-14,Colombia,COL,Influenza,825
2025-09-21,Colombia,COL,Influenza,579
2025-09-28,Colombia,COL,Influenza,565
2025-10-05,Colombia,COL,Influenza,466
2025-10-12,Colombia,COL,Influenza,418
2025-10-19,Colombia,COL,Influenza,504
2025-10-26,Colombia,COL,Influenza,260
2025-11-02,Colombia,COL,Influenza,319
2025-11-09,Colombia,COL,Influenza,373
2025-11-16,Colombia,COL,Influenza,240
2025-11-23,Colombia,COL,Influenza,274
2025-11-30,Colombia,COL,Influenza,278
2025-12-07,Colombia,COL,Influenza,292
2025-12-14,Colombia,COL,Influenza,229
2025-12-21,Colombia,COL,Influenza,329
2025-12-28,Colombia,COL,Influenza,332
2026-01-04,Colombia,COL,Influenza,327
2026-01-11,Colombia,COL,Influenza,267
2026-01-18,Colombia,COL,Influenza,320
2026-01-25,Colombia,COL,Influenza,286
2026-02-01,Colombia,COL,Influenza,335
2026-02-08,Colombia,COL,Influenza,511
2026-02-15,Colombia,COL,Influenza,437
2026-02-22,Colombia,COL,Influenza,403
2026-03-01,Colombia,COL,Influenza,579
2026-03-08,Colombia,COL,Influenza,519
2026-03-15,Colombia,COL,Influenza,618
2026-03-22,Colombia,COL,Influenza,734
2026-03-29,Colombia,COL,Influenza,930
2026-04-05,Colombia,COL,Influenza,1291
2026-04-12,Colombia,COL,Influenza,1383
2026-04-19,Colombia,COL,Influenza,1525
2026-04-26,Colombia,COL,Influenza,1297
2026-05-03,Colombia,COL,Influenza,1548
2026-05-10,Colombia,COL,Influenza,1879
2026-05-17,Colombia,COL,Influenza,1730
2026-05-24,Colombia,COL,Influenza,1912
2026-05-31,Colombia,COL,Influenza,2195
2026-06-07,Colombia,COL,Influenza,1988
2026-06-14,Colombia,COL,Influenza,2183
2026-06-21,Colombia,COL,Influenza,2599
2026-06-28,Colombia,COL,Influenza,2006
2026-07-05,Colombia,COL,Influenza,2349
2026-07-12,Colombia,COL,Influenza,2070
2026-07-19,Colombia,COL,Influenza,1408
2026-07-26,Colombia,COL,Influenza,1406
2026-08-02,Colombia,COL,Influenza,1359
2026-08-09,Colombia,COL,Influenza,1233
2026-08-16,Colombia,COL,Influenza,1255
2026-08-23,Colombia,COL,Influenza,1236
2026-08-30,Colombia,COL,Influenza,1184
2026-09-06,Colombia,COL,Influenza,910
2026-09-13,Colombia,COL,Influenza,704
2026-09-20,Colombia,COL,Influenza,448
2026-09-27,Colombia,COL,Influenza,569
2026-10-04,Colombia,COL,Influenza,492
2024-10-13,Colombia,COL,COVID-19,744
2024-10-20,Colombia,COL,COVID-19,953
2024-10-27,Colombia,COL,COVID-19,859
2024-11-03,Colombia,COL,COVID-19,811
2024-11-10,Colombia,COL,COVID-19,622
2024-11-17,Colombia,COL,COVID-19,673
2024-11-24,Colombia,COL,COVID-19,722
2024-12-01,Colombia,COL,COVID-19,652
2024-12-08,Colombia,COL,COVID-19,804
2024-12-15,Colombia,COL,COVID-19,804
2024-12-22,Colombia,COL,COVID-19,658
2024-12-29,Colombia,COL,COVID-19,966
2025-01-05,Colombia,COL,COVID-19,880
2025-01-12,Colombia,COL,COVID-19,690
2025-01-19,Colombia,COL,COVID-19,1010
2025-01-26,Colombia,COL,COVID-19,1176
2025-02-02,Colombia,COL,COVID-19,1450
2025-02-09,Colombia,COL,COVID-19,1357
2025-02-16,Colombia,COL,COVID-19,1817
2025-02-23,Colombia,COL,COVID-19,1875
2025-03-02,Colombia,COL,COVID-19,1638
2025-03-09,Colombia,COL,COVID-19,1779
2025-03-16,Colombia,COL,COVID-19,2877
2025-03-23,Colombia,COL,COVID-19,3114
2025-03-30,Colombia,COL,COVID-19,2913
2025-04-06,Colombia,COL,COVID-19,3508
2025-04-13,Colombia,COL,COVID-19,3354
2025-04-20,Colombia,COL,COVID-19,3159
2025-04-27,Colombia,COL,COVID-19,2398
2025-05-04,Colombia,COL,COVID-19,3326
2025-05-11,Colombia,COL,COVID-19,2661
2025-05-18,Colombia,COL,COVID-19,2128
2025-05-25,Colombia,COL,COVID-19,1836
2025-06-01,Colombia,COL,COVID-19,1894
2025-06-08,Colombia,COL,COVID-19,1212
2025-06-15,Colombia,COL,COVID-19,1579
2025-06-22,Colombia,COL,COVID-19,1085
2025-06-29,Colombia,COL,COVID-19,1192
2025-07-06,Colombia,COL,COVID-19,940
2025-07-13,Colombia,COL,COVID-19,898
2025-07-20,Colombia,COL,COVID-19,774
2025-07-27,Colombia,COL,COVID-19,810
2025-08-03,Colombia,COL,COVID-19,1030
2025-08-10,Colombia,COL,COVID-19,953
2025-08-17,Colombia,COL,COVID-19,830
2025-08-24,Colombia,COL,COVID-19,796
2025-08-31,Colombia,COL,COVID-19,925
2025-09-07,Colombia,COL,COVID-19,1002
2025-09-14,Colombia,COL,COVID-19,795
2025-09-21,Colombia,COL,COVID-19,965
2025-09-28,Colombia,COL,COVID-19,774
2025-10-05,Colombia,COL,COVID-19,1376
2025-10-12,Colombia,COL,COVID-19,1722
2025-10-19,Colombia,COL,COVID-19,1496
2025-10-26,Colombia,COL,COVID-19,1136
2025-11-02,Colombia,COL,COVID-19,2053
2025-11-09,Colombia,COL,COVID-19,1827
2025-11-16,Colombia,COL,COVID-19,2125
2025-11-23,Colombia,COL,COVID-19,2856
2025-11-30,Colombia,COL,COVID-19,2964
2025-12-07,Colombia,COL,COVID-19,2857
2025-12-14,Colombia,COL,COVID-19,2963
2025-12-21,Colombia,COL,COVID-19,3508
2025-12-28,Colombia,COL,COVID-19,3337
2026-01-04,Colombia,COL,COVID-19,3011
2026-01-11,Colombia,COL,COVID-19,3431
2026-01-18,Colombia,COL,COVID-19,3733
2026-01-25,Colombia,COL,COVID-19,3346
2026-02-01,Colombia,COL,COVID-19,2581
2026-02-08,Colombia,COL,COVID-19,3531
2026-02-15,Colombia,COL,COVID-19,1677
2026-02-22,Colombia,COL,COVID-19,2426
2026-03-01,Colombia,COL,COVID-19,2131
2026-03-08,Colombia,COL,COVID-19,2151
2026-03-15,Colombia,COL,COVID-19,2030
2026-03-22,Colombia,COL,COVID-19,1940
2026-03-29,Colombia,COL,COVID-19,1314
2026-04-05,Colombia,COL,COVID-19,1424
2026-04-12,Colombia,COL,COVID-19,1207
2026-04-19,Colombia,COL,COVID-19,789
2026-04-26,Colombia,COL,COVID-19,1250
2026-05-03,Colombia,COL,COVID-19,710
2026-05-10,Colombia,COL,COVID-19,909
2026-05-17,Colombia,COL,COVID-19,871
2026-05-24,Colombia,COL,COVID-19,842
2026-05-31,Colombia,COL,COVID-19,754
2026-06-07,Colombia,COL,COVID-19,951
2026-06-14,Colombia,COL,COVID-19,699
2026-06-21,Colombia,COL,COVID-19,1010
2026-06-28,Colombia,COL,COVID-19,1079
2026-07-05,Colombia,COL,COVID-19,1247
2026-07-12,Colombia,COL,COVID-19,1744
2026-07-19,Colombia,COL,COVID-19,2219
2026-07-26,Colombia,COL,COVID-19,2059
2026-08-02,Colombia,COL,COVID-19,2660
2026-08-09,Colombia,COL,COVID-19,2526
2026-08-16,Colombia,COL,COVID-19,2189
2026-08-23,Colombia,COL,COVID-19,2343
2026-08-30,Colombia,COL,COVID-19,2152
2026-09-06,Colombia,COL,COVID-19,1797
2026-09-13,Colombia,COL,COVID-19,1845
2026-09-20,Colombia,COL,COVID-19,1523
2026-09-27,Colombia,COL,COVID-19,947
2026-10-04,Colombia,COL,COVID-19,800
2024-10-13,Peru,PER,Dengue,310
2024-10-20,Peru,PER,Dengue,383
2024-10-27,Peru,PER,Dengue,435
2024-11-03,Peru,PER,Dengue,346
2024-11-10,Peru,PER,Dengue,383
2024-11-17,Peru,PER,Dengue,711
2024-11-24,Peru,PER,Dengue,718
2024-12-01,Peru,PER,Dengue,776
2024-12-08,Peru,PER,Dengue,870
2024-12-15,Peru,PER,Dengue,1137
2024-12-22,Peru,PER,Dengue,1221
2024-12-29,Peru,PER,Dengue,2008
2025-01-05,Peru,PER,Dengue,1841
2025-01-12,Peru,PER,Dengue,2805
2025-01-19,Peru,PER,Dengue,2576
2025-01-26,Peru,PER,Dengue,2585
2025-02-02,Peru,PER,Dengue,3154
2025-02-09,Peru,PER,Dengue,2208
2025-02-16,Peru,PER,Dengue,3799
2025-02-23,Peru,PER,Dengue,3939
2025-03-02,Peru,PER,Dengue,4666
2025-03-09,Peru,PER,Dengue,3008
2025-03-16,Peru,PER,Dengue,4895
2025-03-23,Peru,PER,Dengue,4574
2025-03-30,Peru,PER,Dengue,4649
2025-04-06,Peru,PER,Dengue,3668
2025-04-13,Peru,PER,Dengue,3957
2025-04-20,Peru,PER,Dengue,2444
2025-04-27,Peru,PER,Dengue,3117
2025-05-04,Peru,PER,Dengue,2198
2025-05-11,Peru,PER,Dengue,1623
2025-05-18,Peru,PER,Dengue,1532
2025-05-25,Peru,PER,Dengue,1552
2025-06-01,Peru,PER,Dengue,1130
2025-06-08,Peru,PER,Dengue,1124
2025-06-15,Peru,PER,Dengue,637
2025-06-22,Peru,PER,Dengue,492
2025-06-29,Peru,PER,Dengue,729
2025-07-06,Peru,PER,Dengue,588
2025-07-13,Peru,PER,Dengue,386
2025-07-20,Peru,PER,Dengue,419
2025-07-27,Peru,PER,Dengue,456
2025-08-03,Peru,PER,Dengue,408
2025-08-10,Peru,PER,Dengue,386
2025-08-17,Peru,PER,Dengue,438
2025-08-24,Peru,PER,Dengue,335
2025-08-31,Peru,PER,Dengue,379
2025-09-07,Peru,PER,Dengue,377
2025-09-14,Peru,PER,Dengue,363
2025-09-21,Peru,PER,Dengue,357
2025-09-28,Peru,PER,Dengue,385
2025-10-05,Peru,PER,Dengue,385
2025-10-12,Peru,PER,Dengue,329
2025-10-19,Peru,PER,Dengue,453
2025-10-26,Peru,PER,Dengue,367
2025-11-02,Peru,PER,Dengue,456
2025-11-09,Peru,PER,Dengue,512
2025-11-16,Peru,PER,Dengue,661
2025-11-23,Peru,PER,Dengue,513
2025-11-30,Peru,PER,Dengue,1036
2025-12-07,Peru,PER,Dengue,1002
2025-12-14,Peru,PER,Dengue,1606
2025-12-21,Peru,PER,Dengue,1521
2025-12-28,Peru,PER,Dengue,1939
2026-01-04,Peru,PER,Dengue,2954
2026-01-11,Peru,PER,Dengue,2544
2026-01-18,Peru,PER,Dengue,3579
2026-01-25,Peru,PER,Dengue,3394
2026-02-01,Peru,PER,Dengue,3940
2026-02-08,Peru,PER,Dengue,4050
2026-02-15,Peru,PER,Dengue,4799
2026-02-22,Peru,PER,Dengue,3990
2026-03-01,Peru,PER,Dengue,3894
2026-03-08,Peru,PER,Dengue,4172
2026-03-15,Peru,PER,Dengue,4652
2026-03-22,Peru,PER,Dengue,4330
2026-03-29,Peru,PER,Dengue,4760
2026-04-05,Peru,PER,Dengue,4859
2026-04-12,Peru,PER,Dengue,3222
2026-04-19,Peru,PER,Dengue,3067
2026-04-26,Peru,PER,Dengue,2427
2026-05-03,Peru,PER,Dengue,3560
2026-05-10,Peru,PER,Dengue,2477
2026-05-17,Peru,PER,Dengue,2168
2026-05-24,Peru,PER,Dengue,1360
2026-05-31,Peru,PER,Dengue,1415
2026-06-07,Peru,PER,Dengue,1256
2026-06-14,Peru,PER,Dengue,923
2026-06-21,Peru,PER,Dengue,920
2026-06-28,Peru,PER,Dengue,893
2026-07-05,Peru,PER,Dengue,487
2026-07-12,Peru,PER,Dengue,425
2026-07-19,Peru,PER,Dengue,399
2026-07-26,Peru,PER,Dengue,538
2026-08-02,Peru,PER,Dengue,486
2026-08-09,Peru,PER,Dengue,406
2026-08-16,Peru,PER,Dengue,414
2026-08-23,Peru,PER,Dengue,362
2026-08-30,Peru,PER,Dengue,468
2026-09-06,Peru,PER,Dengue,390
2026-09-13,Peru,PER,Dengue,398
2026-09-20,Peru,PER,Dengue,453
2026-09-27,Peru,PER,Dengue,405
2026-10-04,Peru,PER,Dengue,405
2024-10-13,Peru,PER,Influenza,412
2024-10-20,Peru,PER,Influenza,412
2024-10-27,Peru,PER,Influenza,420
2024-11-03,Peru,PER,Influenza,343
2024-11-10,Peru,PER,Influenza,337
2024-11-17,Peru,PER,Influenza,284
2024-11-24,Peru,PER,Influenza,259
2024-12-01,Peru,PER,Influenza,316
2024-12-08,Peru,PER,Influenza,295
2024-12-15,Peru,PER,Influenza,226
2024-12-22,Peru,PER,Influenza,273
2024-12-29,Peru,PER,Influenza,284
2025-01-05,Peru,PER,Influenza,267
2025-01-12,Peru,PER,Influenza,358
2025-01-19,Peru,PER,Influenza,323
2025-01-26,Peru,PER,Influenza,380
2025-02-02,Peru,PER,Influenza,350
2025-02-09,Peru,PER,Influenza,373
2025-02-16,Peru,PER,Influenza,353
2025-02-23,Peru,PER,Influenza,468
2025-03-02,Peru,PER,Influenza,538
2025-03-09,Peru,PER,Influenza,494
2025-03-16,Peru,PER,Influenza,661
2025-03-23,Peru,PER,Influenza,789
2025-03-30,Peru,PER,Influenza,1009
2025-04-06,Peru,PER,Influenza,1154
2025-04-13,Peru,PER,Influenza,1107
2025-04-20,Peru,PER,Influenza,1443
2025-04-27,Peru,PER,Influenza,1440
2025-05-04,Peru,PER,Influenza,915
2025-05-11,Peru,PER,Influenza,1596
2025-05-18,Peru,PER,Influenza,2116
2025-05-25,Peru,PER,Influenza,1423
2025-06-01,Peru,PER,Influenza,1997
2025-06-08,Peru,PER,Influenza,2476
2025-06-15,Peru,PER,Influenza,1783
2025-06-22,Peru,PER,Influenza,2001
2025-06-29,Peru,PER,Influenza,1579
2025-07-06,Peru,PER,Influenza,2367
2025-07-13,Peru,PER,Influenza,1798
2025-07-20,Peru,PER,Influenza,1733
2025-07-27,Peru,PER,Influenza,1933
2025-08-03,Peru,PER,Influenza,1628
2025-08-10,Peru,PER,Influenza,1171
2025-08-17,Peru,PER,Influenza,1095
2025-08-24,Peru,PER,Influenza,1159
2025-08-31,Peru,PER,Influenza,861
2025-09-07,Peru,PER,Influenza,566
2025-09-14,Peru,PER,Influenza,713
2025-09-21,Peru,PER,Influenza,483
2025-09-28,Peru,PER,Influenza,667
2025-10-05,Peru,PER,Influenza,480
2025-10-12,Peru,PER,Influenza,355
2025-10-19,Peru,PER,Influenza,330
2025-10-26,Peru,PER,Influenza,241
2025-11-02,Peru,PER,Influenza,263
2025-11-09,Peru,PER,Influenza,347
2025-11-16,Peru,PER,Influenza,391
2025-11-23,Peru,PER,Influenza,321
2025-11-30,Peru,PER,Influenza,284
2025-12-07,Peru,PER,Influenza,269
2025-12-14,Peru,PER,Influenza,246
2025-12-21,Peru,PER,Influenza,376
2025-12-28,Peru,PER,Influenza,280
2026-01-04,Peru,PER,Influenza,381
2026-01-11,Peru,PER,Influenza,355
2026-01-18,Peru,PER,Influenza,222
2026-01-25,Peru,PER,Influenza,283
2026-02-01,Peru,PER,Influenza,303
2026-02-08,Peru,PER,Influenza,364
2026-02-15,Peru,PER,Influenza,407
2026-02-22,Peru,PER,Influenza,677
2026-03-01,Peru,PER,Influenza,450
2026-03-08,Peru,PER,Influenza,643
2026-03-15,Peru,PER,Influenza,785
2026-03-22,Peru,PER,Influenza,829
2026-03-29,Peru,PER,Influenza,966
2026-04-05,Peru,PER,Influenza,910
2026-04-12,Peru,PER,Influenza,1232
2026-04-19,Peru,PER,Influenza,1452
2026-04-26,Peru,PER,Influenza,1554
2026-05-03,Peru,PER,Influenza,1744
2026-05-10,Peru,PER,Influenza,2086
2026-05-17,Peru,PER,Influenza,2077
2026-05-24,Peru,PER,Influenza,1923
2026-05-31,Peru,PER,Influenza,1618
2026-06-07,Peru,PER,Influenza,1821
2026-06-14,Peru,PER,Influenza,1947
2026-06-21,Peru,PER,Influenza,2076
2026-06-28,Peru,PER,Influenza,1822
2026-07-05,Peru,PER,Influenza,1636
2026-07-12,Peru,PER,Influenza,1497
2026-07-19,Peru,PER,Influenza,1295
2026-07-26,Peru,PER,Influenza,1550
2026-08-02,Peru,PER,Influenza,1154
2026-08-09,Peru,PER,Influenza,1146
2026-08-16,Peru,PER,Influenza,1141
2026-08-23,Peru,PER,Influenza,863
2026-08-30,Peru,PER,Influenza,1004
2026-09-06,Peru,PER,Influenza,921
2026-09-13,Peru,PER,Influenza,660
2026-09-20,Peru,PER,Influenza,581
2026-09-27,Peru,PER,Influenza,581
2026-10-04,Peru,PER,Influenza,417
2024-10-13,Peru,PER,COVID-19,609
2024-10-20,Peru,PER,COVID-19,815
2024-10-27,Peru,PER,COVID-19,783
2024-11-03,Peru,PER,COVID-19,754
2024-11-10,Peru,PER,COVID-19,789
2024-11-17,Peru,PER,COVID-19,489
2024-11-24,Peru,PER,COVID-19,840
2024-12-01,Peru,PER,COVID-19,745
2024-12-08,Peru,PER,COVID-19,821
2024-12-15,Peru,PER,COVID-19,770
2024-12-22,Peru,PER,COVID-19,755
2024-12-29,Peru,PER,COVID-19,749
2025-01-05,Peru,PER,COVID-19,872
2025-01-12,Peru,PER,COVID-19,847
2025-01-19,Peru,PER,COVID-19,1097
2025-01-26,Peru,PER,COVID-19,820
2025-02-02,Peru,PER,COVID-19,1109
2025-02-09,Peru,PER,COVID-19,1780
2025-02-16,Peru,PER,COVID-19,1397
2025-02-23,Peru,PER,COVID-19,1676
2025-03-02,Peru,PER,COVID-19,1688
2025-03-09,Peru,PER,COVID-19,2262
2025-03-16,Peru,PER,COVID-19,2089
2025-03-23,Peru,PER,COVID-19,2447
2025-03-30,Peru,PER,COVID-19,2986
2025-04-06,Peru,PER,COVID-19,2446
2025-04-13,Peru,PER,COVID-19,3087
2025-04-20,Peru,PER,COVID-19,3069
2025-04-27,Peru,PER,COVID-19,3068
2025-05-04,Peru,PER,COVID-19,2571
2025-05-11,Peru,PER,COVID-19,3490
2025-05-18,Peru,PER,COVID-19,2494
2025-05-25,Peru,PER,COVID-19,2041
2025-06-01,Peru,PER,COVID-19,1510
2025-06-08,Peru,PER,COVID-19,1519
2025-06-15,Peru,PER,COVID-19,1654
2025-06-22,Peru,PER,COVID-19,1517
2025-06-29,Peru,PER,COVID-19,1316
2025-07-06,Peru,PER,COVID-19,1087
2025-07-13,Peru,PER,COVID-19,724
2025-07-20,Peru,PER,COVID-19,893
2025-07-27,Peru,PER,COVID-19,644
2025-08-03,Peru,PER,COVID-19,595
2025-08-10,Peru,PER,COVID-19,780
2025-08-17,Peru,PER,COVID-19,810
2025-08-24,Peru,PER,COVID-19,865
2025-08-31,Peru,PER,COVID-19,841
2025-09-07,Peru,PER,COVID-19,882
2025-09-14,Peru,PER,COVID-19,738
2025-09-21,Peru,PER,COVID-19,916
2025-09-28,Peru,PER,COVID-19,786
2025-10-05,Peru,PER,COVID-19,785
2025-10-12,Peru,PER,COVID-19,1393
2025-10-19,Peru,PER,COVID-19,1250
2025-10-26,Peru,PER,COVID-19,1799
2025-11-02,Peru,PER,COVID-19,2092
2025-11-09,Peru,PER,COVID-19,1828
2025-11-16,Peru,PER,COVID-19,2449
2025-11-23,Peru,PER,COVID-19,2242
2025-11-30,Peru,PER,COVID-19,1969
2025-12-07,Peru,PER,COVID-19,2994
2025-12-14,Peru,PER,COVID-19,2909
2025-12-21,Peru,PER,COVID-19,3066
2025-12-28,Peru,PER,COVID-19,4395
2026-01-04,Peru,PER,COVID-19,2656
2026-01-11,Peru,PER,COVID-19,3641
2026-01-18,Peru,PER,COVID-19,2881
2026-01-25,Peru,PER,COVID-19,3724
2026-02-01,Peru,PER,COVID-19,3263
2026-02-08,Peru,PER,COVID-19,3098
2026-02-15,Peru,PER,COVID-19,2329
2026-02-22,Peru,PER,COVID-19,2195
2026-03-01,Peru,PER,COVID-19,2552
2026-03-08,Peru,PER,COVID-19,2539
2026-03-15,Peru,PER,COVID-19,1914
2026-03-22,Peru,PER,COVID-19,1370
2026-03-29,Peru,PER,COVID-19,1474
2026-04-05,Peru,PER,COVID-19,1702
2026-04-12,Peru,PER,COVID-19,1135
2026-04-19,Peru,PER,COVID-19,1234
2026-04-26,Peru,PER,COVID-19,824
2026-05-03,Peru,PER,COVID-19,857
2026-05-10,Peru,PER,COVID-19,891
2026-05-17,Peru,PER,COVID-19,832
2026-05-24,Peru,PER,COVID-19,682
2026-05-31,Peru,PER,COVID-19,682
2026-06-07,Peru,PER,COVID-19,927
2026-06-14,Peru,PER,COVID-19,1025
2026-06-21,Peru,PER,COVID-19,1194
2026-06-28,Peru,PER,COVID-19,1428
2026-07-05,Peru,PER,COVID-19,1350
2026-07-12,Peru,PER,COVID-19,1490
2026-07-19,Peru,PER,COVID-19,2191
2026-07-26,Peru,PER,COVID-19,2291
2026-08-02,Peru,PER,COVID-19,1936
2026-08-09,Peru,PER,COVID-19,2020
2026-08-16,Peru,PER,COVID-19,2588
2026-08-23,Peru,PER,COVID-19,2263
2026-08-30,Peru,PER,COVID-19,2140
2026-09-06,Peru,PER,COVID-19,2221
2026-09-13,Peru,PER,COVID-19,1841
2026-09-20,Peru,PER,COVID-19,1683
2026-09-27,Peru,PER,COVID-19,842
2026-10-04,Peru,PER,COVID-19,1052
2024-10-13,Mexico,MEX,Dengue,8821
2024-10-20,Mexico,MEX,Dengue,9422
2024-10-27,Mexico,MEX,Dengue,8198
2024-11-03,Mexico,MEX,Dengue,8307
2024-11-10,Mexico,MEX,Dengue,8942
2024-11-17,Mexico,MEX,Dengue,8003
2024-11-24,Mexico,MEX,Dengue,4538
2024-12-01,Mexico,MEX,Dengue,4639
2024-12-08,Mexico,MEX,Dengue,3843
2024-12-15,Mexico,MEX,Dengue,3084
2024-12-22,Mexico,MEX,Dengue,2551
2024-12-29,Mexico,MEX,Dengue,2108
2025-01-05,Mexico,MEX,Dengue,2165
2025-01-12,Mexico,MEX,Dengue,1780
2025-01-19,Mexico,MEX,Dengue,1175
2025-01-26,Mexico,MEX,Dengue,1478
2025-02-02,Mexico,MEX,Dengue,1450
2025-02-09,Mexico,MEX,Dengue,1320
2025-02-16,Mexico,MEX,Dengue,1468
2025-02-23,Mexico,MEX,Dengue,1291
2025-03-02,Mexico,MEX,Dengue,1296
2025-03-09,Mexico,MEX,Dengue,1283
2025-03-16,Mexico,MEX,Dengue,880
2025-03-23,Mexico,MEX,Dengue,1250
2025-03-30,Mexico,MEX,Dengue,1143
2025-04-06,Mexico,MEX,Dengue,1053
2025-04-13,Mexico,MEX,Dengue,1584
2025-04-20,Mexico,MEX,Dengue,1453
2025-04-27,Mexico,MEX,Dengue,1429
2025-05-04,Mexico,MEX,Dengue,1442
2025-05-11,Mexico,MEX,Dengue,1868
2025-05-18,Mexico,MEX,Dengue,2406
2025-05-25,Mexico,MEX,Dengue,2200
2025-06-01,Mexico,MEX,Dengue,3050
2025-06-08,Mexico,MEX,Dengue,4212
2025-06-15,Mexico,MEX,Dengue,3219
2025-06-22,Mexico,MEX,Dengue,5429
2025-06-29,Mexico,MEX,Dengue,6109
2025-07-06,Mexico,MEX,Dengue,7518
2025-07-13,Mexico,MEX,Dengue,8205
2025-07-20,Mexico,MEX,Dengue,10299
2025-07-27,Mexico,MEX,Dengue,14539
2025-08-03,Mexico,MEX,Dengue,11800
2025-08-10,Mexico,MEX,Dengue,13988
2025-08-17,Mexico,MEX,Dengue,18498
2025-08-24,Mexico,MEX,Dengue,13646
2025-08-31,Mexico,MEX,Dengue,19438
2025-09-07,Mexico,MEX,Dengue,15447
2025-09-14,Mexico,MEX,Dengue,19433
2025-09-21,Mexico,MEX,Dengue,16669
2025-09-28,Mexico,MEX,Dengue,15058
2025-10-05,Mexico,MEX,Dengue,13465
2025-10-12,Mexico,MEX,Dengue,11449
2025-10-19,Mexico,MEX,Dengue,11664
2025-10-26,Mexico,MEX,Dengue,11746
2025-11-02,Mexico,MEX,Dengue,9118
2025-11-09,Mexico,MEX,Dengue,7552
2025-11-16,Mexico,MEX,Dengue,6518
2025-11-23,Mexico,MEX,Dengue,6550
2025-11-30,Mexico,MEX,Dengue,5612
2025-12-07,Mexico,MEX,Dengue,3517
2025-12-14,Mexico,MEX,Dengue,2890
2025-12-21,Mexico,MEX,Dengue,2804
2025-12-28,Mexico,MEX,Dengue,2730
2026-01-04,Mexico,MEX,Dengue,2231
2026-01-11,Mexico,MEX,Dengue,1367
2026-01-18,Mexico,MEX,Dengue,1478
2026-01-25,Mexico,MEX,Dengue,1251
2026-02-01,Mexico,MEX,Dengue,1351
2026-02-08,Mexico,MEX,Dengue,1722
2026-02-15,Mexico,MEX,Dengue,1087
2026-02-22,Mexico,MEX,Dengue,1046
2026-03-01,Mexico,MEX,Dengue,1212
2026-03-08,Mexico,MEX,Dengue,1446
2026-03-15,Mexico,MEX,Dengue,1518
2026-03-22,Mexico,MEX,Dengue,1482
2026-03-29,Mexico,MEX,Dengue,1642
2026-04-05,Mexico,MEX,Dengue,1035
2026-04-12,Mexico,MEX,Dengue,1688
2026-04-19,Mexico,MEX,Dengue,1415
2026-04-26,Mexico,MEX,Dengue,1750
2026-05-03,Mexico,MEX,Dengue,1387
2026-05-10,Mexico,MEX,Dengue,1966
2026-05-17,Mexico,MEX,Dengue,2381
2026-05-24,Mexico,MEX,Dengue,3235
2026-05-31,Mexico,MEX,Dengue,2553
2026-06-07,Mexico,MEX,Dengue,4109
2026-06-14,Mexico,MEX,Dengue,4168
2026-06-21,Mexico,MEX,Dengue,6463
2026-06-28,Mexico,MEX,Dengue,7996
2026-07-05,Mexico,MEX,Dengue,10038
2026-07-12,Mexico,MEX,Dengue,8948
2026-07-19,Mexico,MEX,Dengue,12601
2026-07-26,Mexico,MEX,Dengue,14892
2026-08-02,Mexico,MEX,Dengue,10242
2026-08-09,Mexico,MEX,Dengue,16034
2026-08-16,Mexico,MEX,Dengue,17842
2026-08-23,Mexico,MEX,Dengue,15660
2026-08-30,Mexico,MEX,Dengue,13695
2026-09-06,Mexico,MEX,Dengue,19293
2026-09-13,Mexico,MEX,Dengue,13769
2026-09-20,Mexico,MEX,Dengue,15963
2026-09-27,Mexico,MEX,Dengue,15661
2026-10-04,Mexico,MEX,Dengue,16480
2024-10-13,Mexico,MEX,Influenza,3017
2024-10-20,Mexico,MEX,Influenza,2607
2024-10-27,Mexico,MEX,Influenza,2557
2024-11-03,Mexico,MEX,Influenza,2506
2024-11-10,Mexico,MEX,Influenza,2528
2024-11-17,Mexico,MEX,Influenza,1267
2024-11-24,Mexico,MEX,Influenza,1509
2024-12-01,Mexico,MEX,Influenza,1080
2024-12-08,Mexico,MEX,Influenza,1360
2024-12-15,Mexico,MEX,Influenza,948
2024-12-22,Mexico,MEX,Influenza,948
2024-12-29,Mexico,MEX,Influenza,937
2025-01-05,Mexico,MEX,Influenza,1003
2025-01-12,Mexico,MEX,Influenza,1058
2025-01-19,Mexico,MEX,Influenza,1081
2025-01-26,Mexico,MEX,Influenza,1007
2025-02-02,Mexico,MEX,Influenza,807
2025-02-09,Mexico,MEX,Influenza,1119
2025-02-16,Mexico,MEX,Influenza,1006
2025-02-23,Mexico,MEX,Influenza,1207
2025-03-02,Mexico,MEX,Influenza,943
2025-03-09,Mexico,MEX,Influenza,838
2025-03-16,Mexico,MEX,Influenza,1173
2025-03-23,Mexico,MEX,Influenza,1541
2025-03-30,Mexico,MEX,Influenza,1476
2025-04-06,Mexico,MEX,Influenza,1588
2025-04-13,Mexico,MEX,Influenza,1637
2025-04-20,Mexico,MEX,Influenza,2751
2025-04-27,Mexico,MEX,Influenza,2130
2025-05-04,Mexico,MEX,Influenza,2590
2025-05-11,Mexico,MEX,Influenza,3614
2025-05-18,Mexico,MEX,Influenza,2729
2025-05-25,Mexico,MEX,Influenza,5064
2025-06-01,Mexico,MEX,Influenza,5167
2025-06-08,Mexico,MEX,Influenza,5889
2025-06-15,Mexico,MEX,Influenza,6101
2025-06-22,Mexico,MEX,Influenza,5886
2025-06-29,Mexico,MEX,Influenza,5364
2025-07-06,Mexico,MEX,Influenza,6528
2025-07-13,Mexico,MEX,Influenza,5874
2025-07-20,Mexico,MEX,Influenza,7522
2025-07-27,Mexico,MEX,Influenza,7908
2025-08-03,Mexico,MEX,Influenza,8563
2025-08-10,Mexico,MEX,Influenza,7264
2025-08-17,Mexico,MEX,Influenza,7593
2025-08-24,Mexico,MEX,Influenza,6097
2025-08-31,Mexico,MEX,Influenza,5599
2025-09-07,Mexico,MEX,Influenza,6029
2025-09-14,Mexico,MEX,Influenza,4888
2025-09-21,Mexico,MEX,Influenza,4915
2025-09-28,Mexico,MEX,Influenza,3574
2025-10-05,Mexico,MEX,Influenza,3282
2025-10-12,Mexico,MEX,Influenza,3647
2025-10-19,Mexico,MEX,Influenza,3292
2025-10-26,Mexico,MEX,Influenza,2147
2025-11-02,Mexico,MEX,Influenza,2396
2025-11-09,Mexico,MEX,Influenza,1732
2025-11-16,Mexico,MEX,Influenza,1641
2025-11-23,Mexico,MEX,Influenza,1747
2025-11-30,Mexico,MEX,Influenza,1446
2025-12-07,Mexico,MEX,Influenza,1320
2025-12-14,Mexico,MEX,Influenza,1419
2025-12-21,Mexico,MEX,Influenza,944
2025-12-28,Mexico,MEX,Influenza,876
2026-01-04,Mexico,MEX,Influenza,904
2026-01-11,Mexico,MEX,Influenza,971
2026-01-18,Mexico,MEX,Influenza,652
2026-01-25,Mexico,MEX,Influenza,976
2026-02-01,Mexico,MEX,Influenza,926
2026-02-08,Mexico,MEX,Influenza,1128
2026-02-15,Mexico,MEX,Influenza,1068
2026-02-22,Mexico,MEX,Influenza,935
2026-03-01,Mexico,MEX,Influenza,1149
2026-03-08,Mexico,MEX,Influenza,1223
2026-03-15,Mexico,MEX,Influenza,1043
2026-03-22,Mexico,MEX,Influenza,1194
2026-03-29,Mexico,MEX,Influenza,960
2026-04-05,Mexico,MEX,Influenza,1370
2026-04-12,Mexico,MEX,Influenza,1673
2026-04-19,Mexico,MEX,Influenza,2201
2026-04-26,Mexico,MEX,Influenza,2162
2026-05-03,Mexico,MEX,Influenza,2682
2026-05-10,Mexico,MEX,Influenza,2718
2026-05-17,Mexico,MEX,Influenza,3879
2026-05-24,Mexico,MEX,Influenza,4522
2026-05-31,Mexico,MEX,Influenza,5010
2026-06-07,Mexico,MEX,Influenza,5199
2026-06-14,Mexico,MEX,Influenza,4328
2026-06-21,Mexico,MEX,Influenza,5471
2026-06-28,Mexico,MEX,Influenza,5992
2026-07-05,Mexico,MEX,Influenza,6264
2026-07-12,Mexico,MEX,Influenza,6957
2026-07-19,Mexico,MEX,Influenza,8509
2026-07-26,Mexico,MEX,Influenza,7914
2026-08-02,Mexico,MEX,Influenza,5972
2026-08-09,Mexico,MEX,Influenza,7580
2026-08-16,Mexico,MEX,Influenza,7308
2026-08-23,Mexico,MEX,Influenza,5610
2026-08-30,Mexico,MEX,Influenza,6799
2026-09-06,Mexico,MEX,Influenza,5494
2026-09-13,Mexico,MEX,Influenza,4092
2026-09-20,Mexico,MEX,Influenza,5047
2026-09-27,Mexico,MEX,Influenza,4389
2026-10-04,Mexico,MEX,Influenza,3652
2024-10-13,Mexico,MEX,COVID-19,2406
2024-10-20,Mexico,MEX,COVID-19,2159
2024-10-27,Mexico,MEX,COVID-19,2643
2024-11-03,Mexico,MEX,COVID-19,2408
2024-11-10,Mexico,MEX,COVID-19,2488
2024-11-17,Mexico,MEX,COVID-19,2565
2024-11-24,Mexico,MEX,COVID-19,2023
2024-12-01,Mexico,MEX,COVID-19,2136
2024-12-08,Mexico,MEX,COVID-19,1671
2024-12-15,Mexico,MEX,COVID-19,2766
2024-12-22,Mexico,MEX,COVID-19,2148
2024-12-29,Mexico,MEX,COVID-19,2792
2025-01-05,Mexico,MEX,COVID-19,3057
2025-01-12,Mexico,MEX,COVID-19,3394
2025-01-19,Mexico,MEX,COVID-19,2786
2025-01-26,Mexico,MEX,COVID-19,3733
2025-02-02,Mexico,MEX,COVID-19,5287
2025-02-09,Mexico,MEX,COVID-19,6002
2025-02-16,Mexico,MEX,COVID-19,6202
2025-02-23,Mexico,MEX,COVID-19,6401
2025-03-02,Mexico,MEX,COVID-19,5791
2025-03-09,Mexico,MEX,COVID-19,8359
2025-03-16,Mexico,MEX,COVID-19,8034
2025-03-23,Mexico,MEX,COVID-19,9564
2025-03-30,Mexico,MEX,COVID-19,8401
2025-04-06,Mexico,MEX,COVID-19,9326
2025-04-13,Mexico,MEX,COVID-19,9913
2025-04-20,Mexico,MEX,COVID-19,9928
2025-04-27,Mexico,MEX,COVID-19,9970
2025-05-04,Mexico,MEX,COVID-19,8056
2025-05-11,Mexico,MEX,COVID-19,6571
2025-05-18,Mexico,MEX,COVID-19,9385
2025-05-25,Mexico,MEX,COVID-19,9366
2025-06-01,Mexico,MEX,COVID-19,6502
2025-06-08,Mexico,MEX,COVID-19,4329
2025-06-15,Mexico,MEX,COVID-19,4222
2025-06-22,Mexico,MEX,COVID-19,4553
2025-06-29,Mexico,MEX,COVID-19,4534
2025-07-06,Mexico,MEX,COVID-19,2788
2025-07-13,Mexico,MEX,COVID-19,3067
2025-07-20,Mexico,MEX,COVID-19,3003
2025-07-27,Mexico,MEX,COVID-19,3132
2025-08-03,Mexico,MEX,COVID-19,2543
2025-08-10,Mexico,MEX,COVID-19,2018
2025-08-17,Mexico,MEX,COVID-19,2879
2025-08-24,Mexico,MEX,COVID-19,3118
2025-08-31,Mexico,MEX,COVID-19,2709
2025-09-07,Mexico,MEX,COVID-19,3037
2025-09-14,Mexico,MEX,COVID-19,2817
2025-09-21,Mexico,MEX,COVID-19,2848
2025-09-28,Mexico,MEX,COVID-19,4108
2025-10-05,Mexico,MEX,COVID-19,4163
2025-10-12,Mexico,MEX,COVID-19,4717
2025-10-19,Mexico,MEX,COVID-19,6053
2025-10-26,Mexico,MEX,COVID-19,4691
2025-11-02,Mexico,MEX,COVID-19,5765
2025-11-09,Mexico,MEX,COVID-19,7231
2025-11-16,Mexico,MEX,COVID-19,7217
2025-11-23,Mexico,MEX,COVID-19,9746
2025-11-30,Mexico,MEX,COVID-19,9272
2025-12-07,Mexico,MEX,COVID-19,8768
2025-12-14,Mexico,MEX,COVID-19,11077
2025-12-21,Mexico,MEX,COVID-19,11799
2025-12-28,Mexico,MEX,COVID-19,13545
2026-01-04,Mexico,MEX,COVID-19,12782
2026-01-11,Mexico,MEX,COVID-19,12901
2026-01-18,Mexico,MEX,COVID-19,12438
2026-01-25,Mexico,MEX,COVID-19,11162
2026-02-01,Mexico,MEX,COVID-19,9768
2026-02-08,Mexico,MEX,COVID-19,10718
2026-02-15,Mexico,MEX,COVID-19,9033
2026-02-22,Mexico,MEX,COVID-19,10891
2026-03-01,Mexico,MEX,COVID-19,9432
2026-03-08,Mexico,MEX,COVID-19,7699
2026-03-15,Mexico,MEX,COVID-19,6611
2026-03-22,Mexico,MEX,COVID-19,5473
2026-03-29,Mexico,MEX,COVID-19,3986
2026-04-05,Mexico,MEX,COVID-19,4231
2026-04-12,Mexico,MEX,COVID-19,3977
2026-04-19,Mexico,MEX,COVID-19,3667
2026-04-26,Mexico,MEX,COVID-19,3479
2026-05-03,Mexico,MEX,COVID-19,3441
2026-05-10,Mexico,MEX,COVID-19,2561
2026-05-17,Mexico,MEX,COVID-19,2469
2026-05-24,Mexico,MEX,COVID-19,3290
2026-05-31,Mexico,MEX,COVID-19,3036
2026-06-07,Mexico,MEX,COVID-19,2662
2026-06-14,Mexico,MEX,COVID-19,2998
2026-06-21,Mexico,MEX,COVID-19,3358
2026-06-28,Mexico,MEX,COVID-19,3958
2026-07-05,Mexico,MEX,COVID-19,4966
2026-07-12,Mexico,MEX,COVID-19,7558
2026-07-19,Mexico,MEX,COVID-19,6565
2026-07-26,Mexico,MEX,COVID-19,7973
2026-08-02,Mexico,MEX,COVID-19,5943
2026-08-09,Mexico,MEX,COVID-19,7770
2026-08-16,Mexico,MEX,COVID-19,10003
2026-08-23,Mexico,MEX,COVID-19,8637
2026-08-30,Mexico,MEX,COVID-19,3765
2026-09-06,Mexico,MEX,COVID-19,7381
2026-09-13,Mexico,MEX,COVID-19,7460
2026-09-20,Mexico,MEX,COVID-19,3444
2026-09-27,Mexico,MEX,COVID-19,5101
2026-10-04,Mexico,MEX,COVID-19,2075
2024-10-13,United States,USA,Dengue,137
2024-10-20,United States,USA,Dengue,85
2024-10-27,United States,USA,Dengue,132
2024-11-03,United States,USA,Dengue,136
2024-11-10,United States,USA,Dengue,114
2024-11-17,United States,USA,Dengue,109
2024-11-24,United States,USA,Dengue,87
2024-12-01,United States,USA,Dengue,61
2024-12-08,United States,USA,Dengue,87
2024-12-15,United States,USA,Dengue,92
2024-12-22,United States,USA,Dengue,79
2024-12-29,United States,USA,Dengue,45
2025-01-05,United States,USA,Dengue,47
2025-01-12,United States,USA,Dengue,51
2025-01-19,United States,USA,Dengue,43
2025-01-26,United States,USA,Dengue,55
2025-02-02,United States,USA,Dengue,57
2025-02-09,United States,USA,Dengue,42
2025-02-16,United States,USA,Dengue,60
2025-02-23,United States,USA,Dengue,58
2025-03-02,United States,USA,Dengue,49
2025-03-09,United States,USA,Dengue,52
2025-03-16,United States,USA,Dengue,38
2025-03-23,United States,USA,Dengue,51
2025-03-30,United States,USA,Dengue,54
2025-04-06,United States,USA,Dengue,56
2025-04-13,United States,USA,Dengue,58
2025-04-20,United States,USA,Dengue,58
2025-04-27,United States,USA,Dengue,55
2025-05-04,United States,USA,Dengue,62
2025-05-11,United States,USA,Dengue,72
2025-05-18,United States,USA,Dengue,65
2025-05-25,United States,USA,Dengue,74
2025-06-01,United States,USA,Dengue,74
2025-06-08,United States,USA,Dengue,75
2025-06-15,United States,USA,Dengue,97
2025-06-22,United States,USA,Dengue,90
2025-06-29,United States,USA,Dengue,113
2025-07-06,United States,USA,Dengue,116
2025-07-13,United States,USA,Dengue,118
2025-07-20,United States,USA,Dengue,126
2025-07-27,United States,USA,Dengue,131
2025-08-03,United States,USA,Dengue,112
2025-08-10,United States,USA,Dengue,165
2025-08-17,United States,USA,Dengue,167
2025-08-24,United States,USA,Dengue,187
2025-08-31,United States,USA,Dengue,155
2025-09-07,United States,USA,Dengue,218
2025-09-14,United States,USA,Dengue,159
2025-09-21,United States,USA,Dengue,145
2025-09-28,United States,USA,Dengue,139
2025-10-05,United States,USA,Dengue,117
2025-10-12,United States,USA,Dengue,187
2025-10-19,United States,USA,Dengue,174
2025-10-26,United States,USA,Dengue,149
2025-11-02,United States,USA,Dengue,111
2025-11-09,United States,USA,Dengue,151
2025-11-16,United States,USA,Dengue,105
2025-11-23,United States,USA,Dengue,98
2025-11-30,United States,USA,Dengue,114
2025-12-07,United States,USA,Dengue,95
2025-12-14,United States,USA,Dengue,107
2025-12-21,United States,USA,Dengue,78
2025-12-28,United States,USA,Dengue,66
2026-01-04,United States,USA,Dengue,60
2026-01-11,United States,USA,Dengue,46
2026-01-18,United States,USA,Dengue,59
2026-01-25,United States,USA,Dengue,71
2026-02-01,United States,USA,Dengue,65
2026-02-08,United States,USA,Dengue,59
2026-02-15,United States,USA,Dengue,50
2026-02-22,United States,USA,Dengue,61
2026-03-01,United States,USA,Dengue,68
2026-03-08,United States,USA,Dengue,63
2026-03-15,United States,USA,Dengue,61
2026-03-22,United States,USA,Dengue,52
2026-03-29,United States,USA,Dengue,67
2026-04-05,United States,USA,Dengue,32
2026-04-12,United States,USA,Dengue,64
2026-04-19,United States,USA,Dengue,85
2026-04-26,United States,USA,Dengue,49
2026-05-03,United States,USA,Dengue,63
2026-05-10,United States,USA,Dengue,69
2026-05-17,United States,USA,Dengue,68
2026-05-24,United States,USA,Dengue,90
2026-05-31,United States,USA,Dengue,90
2026-06-07,United States,USA,Dengue,93
2026-06-14,United States,USA,Dengue,111
2026-06-21,United States,USA,Dengue,108
2026-06-28,United States,USA,Dengue,172
2026-07-05,United States,USA,Dengue,129
2026-07-12,United States,USA,Dengue,140
2026-07-19,United States,USA,Dengue,108
2026-07-26,United States,USA,Dengue,142
2026-08-02,United States,USA,Dengue,191
2026-08-09,United States,USA,Dengue,137
2026-08-16,United States,USA,Dengue,120
2026-08-23,United States,USA,Dengue,182
2026-08-30,United States,USA,Dengue,222
2026-09-06,United States,USA,Dengue,187
2026-09-13,United States,USA,Dengue,176
2026-09-20,United States,USA,Dengue,132
2026-09-27,United States,USA,Dengue,191
2026-10-04,United States,USA,Dengue,190
2024-10-13,United States,USA,Influenza,14761
2024-10-20,United States,USA,Influenza,28707
2024-10-27,United States,USA,Influenza,32869
2024-11-03,United States,USA,Influenza,40841
2024-11-10,United States,USA,Influenza,44266
2024-11-17,United States,USA,Influenza,51297
2024-11-24,United States,USA,Influenza,56910
2024-12-01,United States,USA,Influenza,66387
2024-12-08,United States,USA,Influenza,46815
2024-12-15,United States,USA,Influenza,53874
2024-12-22,United States,USA,Influenza,65845
2024-12-29,United States,USA,Influenza,76170
2025-01-05,United States,USA,Influenza,85082
2025-01-12,United States,USA,Influenza,86069
2025-01-19,United States,USA,Influenza,96483
2025-01-26,United States,USA,Influenza,96211
2025-02-02,United States,USA,Influenza,69880
2025-02-09,United States,USA,Influenza,80463
2025-02-16,United States,USA,Influenza,64603
2025-02-23,United States,USA,Influenza,67566
2025-03-02,United States,USA,Influenza,67485
2025-03-09,United States,USA,Influenza,29368
2025-03-16,United States,USA,Influenza,71879
2025-03-23,United States,USA,Influenza,50686
2025-03-30,United States,USA,Influenza,37067
2025-04-06,United States,USA,Influenza,45005
2025-04-13,United States,USA,Influenza,27946
2025-04-20,United States,USA,Influenza,25020
2025-04-27,United States,USA,Influenza,18673
2025-05-04,United States,USA,Influenza,20429
2025-05-11,United States,USA,Influenza,13024
2025-05-18,United States,USA,Influenza,10954
2025-05-25,United States,USA,Influenza,10363
2025-06-01,United States,USA,Influenza,8009
2025-06-08,United States,USA,Influenza,6338
2025-06-15,United States,USA,Influenza,6733
2025-06-22,United States,USA,Influenza,7482
2025-06-29,United States,USA,Influenza,5496
2025-07-06,United States,USA,Influenza,5272
2025-07-13,United States,USA,Influenza,5298
2025-07-20,United States,USA,Influenza,6180
2025-07-27,United States,USA,Influenza,4701
2025-08-03,United States,USA,Influenza,4965
2025-08-10,United States,USA,Influenza,4037
2025-08-17,United States,USA,Influenza,4457
2025-08-24,United States,USA,Influenza,5323
2025-08-31,United States,USA,Influenza,6336
2025-09-07,United States,USA,Influenza,9317
2025-09-14,United States,USA,Influenza,9484
2025-09-21,United States,USA,Influenza,9248
2025-09-28,United States,USA,Influenza,11787
2025-10-05,United States,USA,Influenza,19748
2025-10-12,United States,USA,Influenza,23549
2025-10-19,United States,USA,Influenza,24636
2025-10-26,United States,USA,Influenza,27526
2025-11-02,United States,USA,Influenza,40803
2025-11-09,United States,USA,Influenza,34639
2025-11-16,United States,USA,Influenza,49464
2025-11-23,United States,USA,Influenza,70782
2025-11-30,United States,USA,Influenza,60545
2025-12-07,United States,USA,Influenza,56888
2025-12-14,United States,USA,Influenza,73809
2025-12-21,United States,USA,Influenza,68798
2025-12-28,United States,USA,Influenza,61438
2026-01-04,United States,USA,Influenza,88856
2026-01-11,United States,USA,Influenza,95833
2026-01-18,United States,USA,Influenza,78782
2026-01-25,United States,USA,Influenza,77428
2026-02-01,United States,USA,Influenza,68804
2026-02-08,United States,USA,Influenza,75936
2026-02-15,United States,USA,Influenza,67772
2026-02-22,United States,USA,Influenza,58985
2026-03-01,United States,USA,Influenza,82650
2026-03-08,United States,USA,Influenza,62845
2026-03-15,United States,USA,Influenza,57319
2026-03-22,United States,USA,Influenza,52907
2026-03-29,United States,USA,Influenza,45411
2026-04-05,United States,USA,Influenza,32748
2026-04-12,United States,USA,Influenza,30688
2026-04-19,United States,USA,Influenza,23543
2026-04-26,United States,USA,Influenza,21470
2026-05-03,United States,USA,Influenza,17211
2026-05-10,United States,USA,Influenza,12473
2026-05-17,United States,USA,Influenza,8578
2026-05-24,United States,USA,Influenza,8971
2026-05-31,United States,USA,Influenza,7137
2026-06-07,United States,USA,Influenza,4578
2026-06-14,United States,USA,Influenza,6211
2026-06-21,United States,USA,Influenza,6204
2026-06-28,United States,USA,Influenza,7236
2026-07-05,United States,USA,Influenza,4877
2026-07-12,United States,USA,Influenza,4748
2026-07-19,United States,USA,Influenza,4305
2026-07-26,United States,USA,Influenza,5327
2026-08-02,United States,USA,Influenza,5338
2026-08-09,United States,USA,Influenza,4608
2026-08-16,United States,USA,Influenza,5277
2026-08-23,United States,USA,Influenza,4059
2026-08-30,United States,USA,Influenza,7278
2026-09-06,United States,USA,Influenza,6512
2026-09-13,United States,USA,Influenza,8733
2026-09-20,United States,USA,Influenza,8421
2026-09-27,United States,USA,Influenza,12076
2026-10-04,United States,USA,Influenza,15685
2024-10-13,United States,USA,COVID-19,6189
2024-10-20,United States,USA,COVID-19,6647
2024-10-27,United States,USA,COVID-19,7543
2024-11-03,United States,USA,COVID-19,6892
2024-11-10,United States,USA,COVID-19,7118
2024-11-17,United States,USA,COVID-19,7592
2024-11-24,United States,USA,COVID-19,6805
2024-12-01,United States,USA,COVID-19,6286
2024-12-08,United States,USA,COVID-19,7374
2024-12-15,United States,USA,COVID-19,7585
2024-12-22,United States,USA,COVID-19,7383
2024-12-29,United States,USA,COVID-19,5484
2025-01-05,United States,USA,COVID-19,6483
2025-01-12,United States,USA,COVID-19,7647
2025-01-19,United States,USA,COVID-19,9733
2025-01-26,United States,USA,COVID-19,9630
2025-02-02,United States,USA,COVID-19,12681
2025-02-09,United States,USA,COVID-19,14648
2025-02-16,United States,USA,COVID-19,16331
2025-02-23,United States,USA,COVID-19,18435
2025-03-02,United States,USA,COVID-19,14757
2025-03-09,United States,USA,COVID-19,20736
2025-03-16,United States,USA,COVID-19,19164
2025-03-23,United States,USA,COVID-19,17014
2025-03-30,United States,USA,COVID-19,22760
2025-04-06,United States,USA,COVID-19,29410
2025-04-13,United States,USA,COVID-19,26504
2025-04-20,United States,USA,COVID-19,31960
2025-04-27,United States,USA,COVID-19,24418
2025-05-04,United States,USA,COVID-19,30906
2025-05-11,United States,USA,COVID-19,21647
2025-05-18,United States,USA,COVID-19,19402
2025-05-25,United States,USA,COVID-19,14122
2025-06-01,United States,USA,COVID-19,18214
2025-06-08,United States,USA,COVID-19,12801
2025-06-15,United States,USA,COVID-19,11050
2025-06-22,United States,USA,COVID-19,12924
2025-06-29,United States,USA,COVID-19,11353
2025-07-06,United States,USA,COVID-19,10216
2025-07-13,United States,USA,COVID-19,7574
2025-07-20,United States,USA,COVID-19,7417
2025-07-27,United States,USA,COVID-19,7040
2025-08-03,United States,USA,COVID-19,7678
2025-08-10,United States,USA,COVID-19,8332
2025-08-17,United States,USA,COVID-19,7120
2025-08-24,United States,USA,COVID-19,8863
2025-08-31,United States,USA,COVID-19,7976
2025-09-07,United States,USA,COVID-19,7077
2025-09-14,United States,USA,COVID-19,8737
2025-09-21,United States,USA,COVID-19,10498
2025-09-28,United States,USA,COVID-19,11856
2025-10-05,United States,USA,COVID-19,11878
2025-10-12,United States,USA,COVID-19,11302
2025-10-19,United States,USA,COVID-19,12247
2025-10-26,United States,USA,COVID-19,15515
2025-11-02,United States,USA,COVID-19,20151
2025-11-09,United States,USA,COVID-19,19277
2025-11-16,United States,USA,COVID-19,21582
2025-11-23,United States,USA,COVID-19,22521
2025-11-30,United States,USA,COVID-19,23243
2025-12-07,United States,USA,COVID-19,25755
2025-12-14,United States,USA,COVID-19,28678
2025-12-21,United States,USA,COVID-19,37078
2025-12-28,United States,USA,COVID-19,29346
2026-01-04,United States,USA,COVID-19,31174
2026-01-11,United States,USA,COVID-19,26906
2026-01-18,United States,USA,COVID-19,33680
2026-01-25,United States,USA,COVID-19,35467
2026-02-01,United States,USA,COVID-19,34878
2026-02-08,United States,USA,COVID-19,27126
2026-02-15,United States,USA,COVID-19,26463
2026-02-22,United States,USA,COVID-19,21751
2026-03-01,United States,USA,COVID-19,21713
2026-03-08,United States,USA,COVID-19,18866
2026-03-15,United States,USA,COVID-19,16170
2026-03-22,United States,USA,COVID-19,14505
2026-03-29,United States,USA,COVID-19,13452
2026-04-05,United States,USA,COVID-19,10711
2026-04-12,United States,USA,COVID-19,9673
2026-04-19,United States,USA,COVID-19,11411
2026-04-26,United States,USA,COVID-19,11713
2026-05-03,United States,USA,COVID-19,6347
2026-05-10,United States,USA,COVID-19,5940
2026-05-17,United States,USA,COVID-19,6036
2026-05-24,United States,USA,COVID-19,6816
2026-05-31,United States,USA,COVID-19,7911
2026-06-07,United States,USA,COVID-19,7889
2026-06-14,United States,USA,COVID-19,8011
2026-06-21,United States,USA,COVID-19,9432
2026-06-28,United States,USA,COVID-19,9046
2026-07-05,United States,USA,COVID-19,11448
2026-07-12,United States,USA,COVID-19,13989
2026-07-19,United States,USA,COVID-19,12470
2026-07-26,United States,USA,COVID-19,15346
2026-08-02,United States,USA,COVID-19,16957
2026-08-09,United States,USA,COVID-19,23932
2026-08-16,United States,USA,COVID-19,22440
2026-08-23,United States,USA,COVID-19,22784
2026-08-30,United States,USA,COVID-19,13969
2026-09-06,United States,USA,COVID-19,13355
2026-09-13,United States,USA,COVID-19,16322
2026-09-20,United States,USA,COVID-19,7346
2026-09-27,United States,USA,COVID-19,12600
2026-10-04,United States,USA,COVID-19,6612
2024-10-13,Canada,CAN,Dengue,13
2024-10-20,Canada,CAN,Dengue,17
2024-10-27,Canada,CAN,Dengue,21
2024-11-03,Canada,CAN,Dengue,9
2024-11-10,Canada,CAN,Dengue,13
2024-11-17,Canada,CAN,Dengue,8
2024-11-24,Canada,CAN,Dengue,11
2024-12-01,Canada,CAN,Dengue,9
2024-12-08,Canada,CAN,Dengue,9
2024-12-15,Canada,CAN,Dengue,7
2024-12-22,Canada,CAN,Dengue,9
2024-12-29,Canada,CAN,Dengue,6
2025-01-05,Canada,CAN,Dengue,8
2025-01-12,Canada,CAN,Dengue,6
2025-01-19,Canada,CAN,Dengue,5
2025-01-26,Canada,CAN,Dengue,8
2025-02-02,Canada,CAN,Dengue,6
2025-02-09,Canada,CAN,Dengue,8
2025-02-16,Canada,CAN,Dengue,7
2025-02-23,Canada,CAN,Dengue,5
2025-03-02,Canada,CAN,Dengue,6
2025-03-09,Canada,CAN,Dengue,6
2025-03-16,Canada,CAN,Dengue,7
2025-03-23,Canada,CAN,Dengue,6
2025-03-30,Canada,CAN,Dengue,6
2025-04-06,Canada,CAN,Dengue,6
2025-04-13,Canada,CAN,Dengue,6
2025-04-20,Canada,CAN,Dengue,8
2025-04-27,Canada,CAN,Dengue,6
2025-05-04,Canada,CAN,Dengue,6
2025-05-11,Canada,CAN,Dengue,6
2025-05-18,Canada,CAN,Dengue,7
2025-05-25,Canada,CAN,Dengue,6
2025-06-01,Canada,CAN,Dengue,8
2025-06-08,Canada,CAN,Dengue,11
2025-06-15,Canada,CAN,Dengue,10
2025-06-22,Canada,CAN,Dengue,12
2025-06-29,Canada,CAN,Dengue,7
2025-07-06,Canada,CAN,Dengue,14
2025-07-13,Canada,CAN,Dengue,14
2025-07-20,Canada,CAN,Dengue,14
2025-07-27,Canada,CAN,Dengue,16
2025-08-03,Canada,CAN,Dengue,15
2025-08-10,Canada,CAN,Dengue,12
2025-08-17,Canada,CAN,Dengue,21
2025-08-24,Canada,CAN,Dengue,19
2025-08-31,Canada,CAN,Dengue,18
2025-09-07,Canada,CAN,Dengue,16
2025-09-14,Canada,CAN,Dengue,15
2025-09-21,Canada,CAN,Dengue,19
2025-09-28,Canada,CAN,Dengue,23
2025-10-05,Canada,CAN,Dengue,18
2025-10-12,Canada,CAN,Dengue,13
2025-10-19,Canada,CAN,Dengue,17
2025-10-26,Canada,CAN,Dengue,15
2025-11-02,Canada,CAN,Dengue,16
2025-11-09,Canada,CAN,Dengue,15
2025-11-16,Canada,CAN,Dengue,7
2025-11-23,Canada,CAN,Dengue,12
2025-11-30,Canada,CAN,Dengue,9
2025-12-07,Canada,CAN,Dengue,8
2025-12-14,Canada,CAN,Dengue,9
2025-12-21,Canada,CAN,Dengue,9
2025-12-28,Canada,CAN,Dengue,6
2026-01-04,Canada,CAN,Dengue,8
2026-01-11,Canada,CAN,Dengue,8
2026-01-18,Canada,CAN,Dengue,7
2026-01-25,Canada,CAN,Dengue,6
2026-02-01,Canada,CAN,Dengue,6
2026-02-08,Canada,CAN,Dengue,8
2026-02-15,Canada,CAN,Dengue,5
2026-02-22,Canada,CAN,Dengue,8
2026-03-01,Canada,CAN,Dengue,6
2026-03-08,Canada,CAN,Dengue,7
2026-03-15,Canada,CAN,Dengue,5
2026-03-22,Canada,CAN,Dengue,7
2026-03-29,Canada,CAN,Dengue,7
2026-04-05,Canada,CAN,Dengue,5
2026-04-12,Canada,CAN,Dengue,7
2026-04-19,Canada,CAN,Dengue,7
2026-04-26,Canada,CAN,Dengue,6
2026-05-03,Canada,CAN,Dengue,8
2026-05-10,Canada,CAN,Dengue,5
2026-05-17,Canada,CAN,Dengue,9
2026-05-24,Canada,CAN,Dengue,11
2026-05-31,Canada,CAN,Dengue,11
2026-06-07,Canada,CAN,Dengue,11
2026-06-14,Canada,CAN,Dengue,11
2026-06-21,Canada,CAN,Dengue,11
2026-06-28,Canada,CAN,Dengue,12
2026-07-05,Canada,CAN,Dengue,15
2026-07-12,Canada,CAN,Dengue,13
2026-07-19,Canada,CAN,Dengue,18
2026-07-26,Canada,CAN,Dengue,23
2026-08-02,Canada,CAN,Dengue,18
2026-08-09,Canada,CAN,Dengue,15
2026-08-16,Canada,CAN,Dengue,16
2026-08-23,Canada,CAN,Dengue,23
2026-08-30,Canada,CAN,Dengue,20
2026-09-06,Canada,CAN,Dengue,24
2026-09-13,Canada,CAN,Dengue,19
2026-09-20,Canada,CAN,Dengue,23
2026-09-27,Canada,CAN,Dengue,20
2026-10-04,Canada,CAN,Dengue,17
2024-10-13,Canada,CAN,Influenza,2123
2024-10-20,Canada,CAN,Influenza,2257
2024-10-27,Canada,CAN,Influenza,4293
2024-11-03,Canada,CAN,Influenza,3859
2024-11-10,Canada,CAN,Influenza,5006
2024-11-17,Canada,CAN,Influenza,4817
2024-11-24,Canada,CAN,Influenza,4986
2024-12-01,Canada,CAN,Influenza,6356
2024-12-08,Canada,CAN,Influenza,8412
2024-12-15,Canada,CAN,Influenza,7188
2024-12-22,Canada,CAN,Influenza,7217
2024-12-29,Canada,CAN,Influenza,8915
2025-01-05,Canada,CAN,Influenza,9692
2025-01-12,Canada,CAN,Influenza,11472
2025-01-19,Canada,CAN,Influenza,9759
2025-01-26,Canada,CAN,Influenza,10093
2025-02-02,Canada,CAN,Influenza,9989
2025-02-09,Canada,CAN,Influenza,7205
2025-02-16,Canada,CAN,Influenza,7101
2025-02-23,Canada,CAN,Influenza,6530
2025-03-02,Canada,CAN,Influenza,5777
2025-03-09,Canada,CAN,Influenza,7373
2025-03-16,Canada,CAN,Influenza,6177
2025-03-23,Canada,CAN,Influenza,5302
2025-03-30,Canada,CAN,Influenza,2789
2025-04-06,Canada,CAN,Influenza,5122
2025-04-13,Canada,CAN,Influenza,2863
2025-04-20,Canada,CAN,Influenza,3598
2025-04-27,Canada,CAN,Influenza,1768
2025-05-04,Canada,CAN,Influenza,1612
2025-05-11,Canada,CAN,Influenza,994
2025-05-18,Canada,CAN,Influenza,1267
2025-05-25,Canada,CAN,Influenza,822
2025-06-01,Canada,CAN,Influenza,693
2025-06-08,Canada,CAN,Influenza,569
2025-06-15,Canada,CAN,Influenza,723
2025-06-22,Canada,CAN,Influenza,673
2025-06-29,Canada,CAN,Influenza,748
2025-07-06,Canada,CAN,Influenza,521
2025-07-13,Canada,CAN,Influenza,598
2025-07-20,Canada,CAN,Influenza,467
2025-07-27,Canada,CAN,Influenza,550
2025-08-03,Canada,CAN,Influenza,536
2025-08-10,Canada,CAN,Influenza,629
2025-08-17,Canada,CAN,Influenza,700
2025-08-24,Canada,CAN,Influenza,743
2025-08-31,Canada,CAN,Influenza,626
2025-09-07,Canada,CAN,Influenza,949
2025-09-14,Canada,CAN,Influenza,978
2025-09-21,Canada,CAN,Influenza,1143
2025-09-28,Canada,CAN,Influenza,1326
2025-10-05,Canada,CAN,Influenza,1682
2025-10-12,Canada,CAN,Influenza,2850
2025-10-19,Canada,CAN,Influenza,2878
2025-10-26,Canada,CAN,Influenza,3393
2025-11-02,Canada,CAN,Influenza,3761
2025-11-09,Canada,CAN,Influenza,6240
2025-11-16,Canada,CAN,Influenza,6265
2025-11-23,Canada,CAN,Influenza,5280
2025-11-30,Canada,CAN,Influenza,6317
2025-12-07,Canada,CAN,Influenza,6988
2025-12-14,Canada,CAN,Influenza,7968
2025-12-21,Canada,CAN,Influenza,7428
2025-12-28,Canada,CAN,Influenza,9285
2026-01-04,Canada,CAN,Influenza,10981
2026-01-11,Canada,CAN,Influenza,7390
2026-01-18,Canada,CAN,Influenza,7699
2026-01-25,Canada,CAN,Influenza,8537
2026-02-01,Canada,CAN,Influenza,8426
2026-02-08,Canada,CAN,Influenza,11323
2026-02-15,Canada,CAN,Influenza,9548
2026-02-22,Canada,CAN,Influenza,8902
2026-03-01,Canada,CAN,Influenza,6933
2026-03-08,Canada,CAN,Influenza,6304
2026-03-15,Canada,CAN,Influenza,4631
2026-03-22,Canada,CAN,Influenza,5853
2026-03-29,Canada,CAN,Influenza,4901
2026-04-05,Canada,CAN,Influenza,4670
2026-04-12,Canada,CAN,Influenza,3202
2026-04-19,Canada,CAN,Influenza,2693
2026-04-26,Canada,CAN,Influenza,2317
2026-05-03,Canada,CAN,Influenza,2082
2026-05-10,Canada,CAN,Influenza,1157
2026-05-17,Canada,CAN,Influenza,1334
2026-05-24,Canada,CAN,Influenza,981
2026-05-31,Canada,CAN,Influenza,695
2026-06-07,Canada,CAN,Influenza,493
2026-06-14,Canada,CAN,Influenza,634
2026-06-21,Canada,CAN,Influenza,740
2026-06-28,Canada,CAN,Influenza,736
2026-07-05,Canada,CAN,Influenza,612
2026-07-12,Canada,CAN,Influenza,750
2026-07-19,Canada,CAN,Influenza,575
2026-07-26,Canada,CAN,Influenza,662
2026-08-02,Canada,CAN,Influenza,542
2026-08-09,Canada,CAN,Influenza,543
2026-08-16,Canada,CAN,Influenza,546
2026-08-23,Canada,CAN,Influenza,447
2026-08-30,Canada,CAN,Influenza,855
2026-09-06,Canada,CAN,Influenza,746
2026-09-13,Canada,CAN,Influenza,866
2026-09-20,Canada,CAN,Influenza,989
2026-09-27,Canada,CAN,Influenza,1438
2026-10-04,Canada,CAN,Influenza,2322
2024-10-13,Canada,CAN,COVID-19,914
2024-10-20,Canada,CAN,COVID-19,522
2024-10-27,Canada,CAN,COVID-19,659
2024-11-03,Canada,CAN,COVID-19,588
2024-11-10,Canada,CAN,COVID-19,801
2024-11-17,Canada,CAN,COVID-19,730
2024-11-24,Canada,CAN,COVID-19,636
2024-12-01,Canada,CAN,COVID-19,717
2024-12-08,Canada,CAN,COVID-19,667
2024-12-15,Canada,CAN,COVID-19,910
2024-12-22,Canada,CAN,COVID-19,817
2024-12-29,Canada,CAN,COVID-19,866
2025-01-05,Canada,CAN,COVID-19,499
2025-01-12,Canada,CAN,COVID-19,885
2025-01-19,Canada,CAN,COVID-19,1283
2025-01-26,Canada,CAN,COVID-19,1299
2025-02-02,Canada,CAN,COVID-19,878
2025-02-09,Canada,CAN,COVID-19,1307
2025-02-16,Canada,CAN,COVID-19,1273
2025-02-23,Canada,CAN,COVID-19,2200
2025-03-02,Canada,CAN,COVID-19,2032
2025-03-09,Canada,CAN,COVID-19,1919
2025-03-16,Canada,CAN,COVID-19,2377
2025-03-23,Canada,CAN,COVID-19,1544
2025-03-30,Canada,CAN,COVID-19,2233
2025-04-06,Canada,CAN,COVID-19,2766
2025-04-13,Canada,CAN,COVID-19,3133
2025-04-20,Canada,CAN,COVID-19,1950
2025-04-27,Canada,CAN,COVID-19,2515
2025-05-04,Canada,CAN,COVID-19,2919
2025-05-11,Canada,CAN,COVID-19,1850
2025-05-18,Canada,CAN,COVID-19,2243
2025-05-25,Canada,CAN,COVID-19,1979
2025-06-01,Canada,CAN,COVID-19,2201
2025-06-08,Canada,CAN,COVID-19,1499
2025-06-15,Canada,CAN,COVID-19,1337
2025-06-22,Canada,CAN,COVID-19,1372
2025-06-29,Canada,CAN,COVID-19,869
2025-07-06,Canada,CAN,COVID-19,947
2025-07-13,Canada,CAN,COVID-19,837
2025-07-20,Canada,CAN,COVID-19,821
2025-07-27,Canada,CAN,COVID-19,898
2025-08-03,Canada,CAN,COVID-19,835
2025-08-10,Canada,CAN,COVID-19,673
2025-08-17,Canada,CAN,COVID-19,772
2025-08-24,Canada,CAN,COVID-19,938
2025-08-31,Canada,CAN,COVID-19,690
2025-09-07,Canada,CAN,COVID-19,841
2025-09-14,Canada,CAN,COVID-19,846
2025-09-21,Canada,CAN,COVID-19,929
2025-09-28,Canada,CAN,COVID-19,773
2025-10-05,Canada,CAN,COVID-19,1370
2025-10-12,Canada,CAN,COVID-19,1116
2025-10-19,Canada,CAN,COVID-19,1638
2025-10-26,Canada,CAN,COVID-19,1452
2025-11-02,Canada,CAN,COVID-19,1637
2025-11-09,Canada,CAN,COVID-19,2399
2025-11-16,Canada,CAN,COVID-19,2604
2025-11-23,Canada,CAN,COVID-19,2585
2025-11-30,Canada,CAN,COVID-19,3054
2025-12-07,Canada,CAN,COVID-19,2832
2025-12-14,Canada,CAN,COVID-19,3148
2025-12-21,Canada,CAN,COVID-19,2978
2025-12-28,Canada,CAN,COVID-19,3877
2026-01-04,Canada,CAN,COVID-19,3108
2026-01-11,Canada,CAN,COVID-19,4240
2026-01-18,Canada,CAN,COVID-19,3249
2026-01-25,Canada,CAN,COVID-19,3311
2026-02-01,Canada,CAN,COVID-19,3503
2026-02-08,Canada,CAN,COVID-19,2963
2026-02-15,Canada,CAN,COVID-19,2610
2026-02-22,Canada,CAN,COVID-19,2486
2026-03-01,Canada,CAN,COVID-19,2559
2026-03-08,Canada,CAN,COVID-19,1820
2026-03-15,Canada,CAN,COVID-19,1764
2026-03-22,Canada,CAN,COVID-19,1596
2026-03-29,Canada,CAN,COVID-19,1596
2026-04-05,Canada,CAN,COVID-19,1238
2026-04-12,Canada,CAN,COVID-19,1431
2026-04-19,Canada,CAN,COVID-19,995
2026-04-26,Canada,CAN,COVID-19,901
2026-05-03,Canada,CAN,COVID-19,846
2026-05-10,Canada,CAN,COVID-19,659
2026-05-17,Canada,CAN,COVID-19,668
2026-05-24,Canada,CAN,COVID-19,715
2026-05-31,Canada,CAN,COVID-19,915
2026-06-07,Canada,CAN,COVID-19,809
2026-06-14,Canada,CAN,COVID-19,812
2026-06-21,Canada,CAN,COVID-19,1160
2026-06-28,Canada,CAN,COVID-19,1395
2026-07-05,Canada,CAN,COVID-19,1584
2026-07-12,Canada,CAN,COVID-19,1372
2026-07-19,Canada,CAN,COVID-19,1698
2026-07-26,Canada,CAN,COVID-19,2651
2026-08-02,Canada,CAN,COVID-19,2369
2026-08-09,Canada,CAN,COVID-19,2311
2026-08-16,Canada,CAN,COVID-19,2689
2026-08-23,Canada,CAN,COVID-19,2694
2026-08-30,Canada,CAN,COVID-19,1978
2026-09-06,Canada,CAN,COVID-19,1990
2026-09-13,Canada,CAN,COVID-19,1896
2026-09-20,Canada,CAN,COVID-19,1167
2026-09-27,Canada,CAN,COVID-19,1196
2026-10-04,Canada,CAN,COVID-19,850
2024-10-13,United Kingdom,GBR,Dengue,15
2024-10-20,United Kingdom,GBR,Dengue,17
2024-10-27,United Kingdom,GBR,Dengue,14
2024-11-03,United Kingdom,GBR,Dengue,13
2024-11-10,United Kingdom,GBR,Dengue,13
2024-11-17,United Kingdom,GBR,Dengue,10
2024-11-24,United Kingdom,GBR,Dengue,12
2024-12-01,United Kingdom,GBR,Dengue,12
2024-12-08,United Kingdom,GBR,Dengue,10
2024-12-15,United Kingdom,GBR,Dengue,9
2024-12-22,United Kingdom,GBR,Dengue,9
2024-12-29,United Kingdom,GBR,Dengue,5
2025-01-05,United Kingdom,GBR,Dengue,8
2025-01-12,United Kingdom,GBR,Dengue,10
2025-01-19,United Kingdom,GBR,Dengue,7
2025-01-26,United Kingdom,GBR,Dengue,7
2025-02-02,United Kingdom,GBR,Dengue,7
2025-02-09,United Kingdom,GBR,Dengue,8
2025-02-16,United Kingdom,GBR,Dengue,8
2025-02-23,United Kingdom,GBR,Dengue,4
2025-03-02,United Kingdom,GBR,Dengue,7
2025-03-09,United Kingdom,GBR,Dengue,9
2025-03-16,United Kingdom,GBR,Dengue,7
2025-03-23,United Kingdom,GBR,Dengue,5
2025-03-30,United Kingdom,GBR,Dengue,7
2025-04-06,United Kingdom,GBR,Dengue,5
2025-04-13,United Kingdom,GBR,Dengue,8
2025-04-20,United Kingdom,GBR,Dengue,6
2025-04-27,United Kingdom,GBR,Dengue,7
2025-05-04,United Kingdom,GBR,Dengue,6
2025-05-11,United Kingdom,GBR,Dengue,7
2025-05-18,United Kingdom,GBR,Dengue,10
2025-05-25,United Kingdom,GBR,Dengue,9
2025-06-01,United Kingdom,GBR,Dengue,9
2025-06-08,United Kingdom,GBR,Dengue,8
2025-06-15,United Kingdom,GBR,Dengue,8
2025-06-22,United Kingdom,GBR,Dengue,10
2025-06-29,United Kingdom,GBR,Dengue,13
2025-07-06,United Kingdom,GBR,Dengue,16
2025-07-13,United Kingdom,GBR,Dengue,14
2025-07-20,United Kingdom,GBR,Dengue,20
2025-07-27,United Kingdom,GBR,Dengue,15
2025-08-03,United Kingdom,GBR,Dengue,18
2025-08-10,United Kingdom,GBR,Dengue,16
2025-08-17,United Kingdom,GBR,Dengue,23
2025-08-24,United Kingdom,GBR,Dengue,27
2025-08-31,United Kingdom,GBR,Dengue,15
2025-09-07,United Kingdom,GBR,Dengue,20
2025-09-14,United Kingdom,GBR,Dengue,25
2025-09-21,United Kingdom,GBR,Dengue,16
2025-09-28,United Kingdom,GBR,Dengue,22
2025-10-05,United Kingdom,GBR,Dengue,23
2025-10-12,United Kingdom,GBR,Dengue,19
2025-10-19,United Kingdom,GBR,Dengue,19
2025-10-26,United Kingdom,GBR,Dengue,21
2025-11-02,United Kingdom,GBR,Dengue,20
2025-11-09,United Kingdom,GBR,Dengue,14
2025-11-16,United Kingdom,GBR,Dengue,12
2025-11-23,United Kingdom,GBR,Dengue,11
2025-11-30,United Kingdom,GBR,Dengue,13
2025-12-07,United Kingdom,GBR,Dengue,8
2025-12-14,United Kingdom,GBR,Dengue,9
2025-12-21,United Kingdom,GBR,Dengue,9
2025-12-28,United Kingdom,GBR,Dengue,8
2026-01-04,United Kingdom,GBR,Dengue,8
2026-01-11,United Kingdom,GBR,Dengue,11
2026-01-18,United Kingdom,GBR,Dengue,7
2026-01-25,United Kingdom,GBR,Dengue,7
2026-02-01,United Kingdom,GBR,Dengue,8
2026-02-08,United Kingdom,GBR,Dengue,8
2026-02-15,United Kingdom,GBR,Dengue,9
2026-02-22,United Kingdom,GBR,Dengue,7
2026-03-01,United Kingdom,GBR,Dengue,7
2026-03-08,United Kingdom,GBR,Dengue,5
2026-03-15,United Kingdom,GBR,Dengue,5
2026-03-22,United Kingdom,GBR,Dengue,5
2026-03-29,United Kingdom,GBR,Dengue,8
2026-04-05,United Kingdom,GBR,Dengue,6
2026-04-12,United Kingdom,GBR,Dengue,9
2026-04-19,United Kingdom,GBR,Dengue,8
2026-04-26,United Kingdom,GBR,Dengue,7
2026-05-03,United Kingdom,GBR,Dengue,7
2026-05-10,United Kingdom,GBR,Dengue,9
2026-05-17,United Kingdom,GBR,Dengue,8
2026-05-24,United Kingdom,GBR,Dengue,8
2026-05-31,United Kingdom,GBR,Dengue,12
2026-06-07,United Kingdom,GBR,Dengue,12
2026-06-14,United Kingdom,GBR,Dengue,12
2026-06-21,United Kingdom,GBR,Dengue,14
2026-06-28,United Kingdom,GBR,Dengue,14
2026-07-05,United Kingdom,GBR,Dengue,16
2026-07-12,United Kingdom,GBR,Dengue,15
2026-07-19,United Kingdom,GBR,Dengue,23
2026-07-26,United Kingdom,GBR,Dengue,17
2026-08-02,United Kingdom,GBR,Dengue,25
2026-08-09,United Kingdom,GBR,Dengue,20
2026-08-16,United Kingdom,GBR,Dengue,24
2026-08-23,United Kingdom,GBR,Dengue,25
2026-08-30,United Kingdom,GBR,Dengue,26
2026-09-06,United Kingdom,GBR,Dengue,20
2026-09-13,United Kingdom,GBR,Dengue,26
2026-09-20,United Kingdom,GBR,Dengue,29
2026-09-27,United Kingdom,GBR,Dengue,21
2026-10-04,United Kingdom,GBR,Dengue,21
2024-10-13,United Kingdom,GBR,Influenza,2272
2024-10-20,United Kingdom,GBR,Influenza,2847
2024-10-27,United Kingdom,GBR,Influenza,4536
2024-11-03,United Kingdom,GBR,Influenza,3630
2024-11-10,United Kingdom,GBR,Influenza,4278
2024-11-17,United Kingdom,GBR,Influenza,7100
2024-11-24,United Kingdom,GBR,Influenza,7067
2024-12-01,United Kingdom,GBR,Influenza,9477
2024-12-08,United Kingdom,GBR,Influenza,7348
2024-12-15,United Kingdom,GBR,Influenza,8672
2024-12-22,United Kingdom,GBR,Influenza,8162
2024-12-29,United Kingdom,GBR,Influenza,9714
2025-01-05,United Kingdom,GBR,Influenza,7223
2025-01-12,United Kingdom,GBR,Influenza,11079
2025-01-19,United Kingdom,GBR,Influenza,10606
2025-01-26,United Kingdom,GBR,Influenza,9960
2025-02-02,United Kingdom,GBR,Influenza,9266
2025-02-09,United Kingdom,GBR,Influenza,8233
2025-02-16,United Kingdom,GBR,Influenza,10049
2025-02-23,United Kingdom,GBR,Influenza,7016
2025-03-02,United Kingdom,GBR,Influenza,8486
2025-03-09,United Kingdom,GBR,Influenza,9427
2025-03-16,United Kingdom,GBR,Influenza,7901
2025-03-23,United Kingdom,GBR,Influenza,4428
2025-03-30,United Kingdom,GBR,Influenza,4581
2025-04-06,United Kingdom,GBR,Influenza,4544
2025-04-13,United Kingdom,GBR,Influenza,3571
2025-04-20,United Kingdom,GBR,Influenza,2373
2025-04-27,United Kingdom,GBR,Influenza,2608
2025-05-04,United Kingdom,GBR,Influenza,2001
2025-05-11,United Kingdom,GBR,Influenza,2085
2025-05-18,United Kingdom,GBR,Influenza,1262
2025-05-25,United Kingdom,GBR,Influenza,1263
2025-06-01,United Kingdom,GBR,Influenza,730
2025-06-08,United Kingdom,GBR,Influenza,662
2025-06-15,United Kingdom,GBR,Influenza,783
2025-06-22,United Kingdom,GBR,Influenza,771
2025-06-29,United Kingdom,GBR,Influenza,550
2025-07-06,United Kingdom,GBR,Influenza,637
2025-07-13,United Kingdom,GBR,Influenza,501
2025-07-20,United Kingdom,GBR,Influenza,615
2025-07-27,United Kingdom,GBR,Influenza,712
2025-08-03,United Kingdom,GBR,Influenza,593
2025-08-10,United Kingdom,GBR,Influenza,618
2025-08-17,United Kingdom,GBR,Influenza,551
2025-08-24,United Kingdom,GBR,Influenza,638
2025-08-31,United Kingdom,GBR,Influenza,988
2025-09-07,United Kingdom,GBR,Influenza,911
2025-09-14,United Kingdom,GBR,Influenza,913
2025-09-21,United Kingdom,GBR,Influenza,1250
2025-09-28,United Kingdom,GBR,Influenza,1232
2025-10-05,United Kingdom,GBR,Influenza,1699
2025-10-12,United Kingdom,GBR,Influenza,2969
2025-10-19,United Kingdom,GBR,Influenza,2939
2025-10-26,United Kingdom,GBR,Influenza,4633
2025-11-02,United Kingdom,GBR,Influenza,4212
2025-11-09,United Kingdom,GBR,Influenza,4956
2025-11-16,United Kingdom,GBR,Influenza,6268
2025-11-23,United Kingdom,GBR,Influenza,3871
2025-11-30,United Kingdom,GBR,Influenza,7411
2025-12-07,United Kingdom,GBR,Influenza,7823
2025-12-14,United Kingdom,GBR,Influenza,10408
2025-12-21,United Kingdom,GBR,Influenza,10371
2025-12-28,United Kingdom,GBR,Influenza,7892
2026-01-04,United Kingdom,GBR,Influenza,11676
2026-01-11,United Kingdom,GBR,Influenza,9651
2026-01-18,United Kingdom,GBR,Influenza,8743
2026-01-25,United Kingdom,GBR,Influenza,10344
2026-02-01,United Kingdom,GBR,Influenza,9543
2026-02-08,United Kingdom,GBR,Influenza,11704
2026-02-15,United Kingdom,GBR,Influenza,9523
2026-02-22,United Kingdom,GBR,Influenza,8774
2026-03-01,United Kingdom,GBR,Influenza,8945
2026-03-08,United Kingdom,GBR,Influenza,8368
2026-03-15,United Kingdom,GBR,Influenza,7221
2026-03-22,United Kingdom,GBR,Influenza,6936
2026-03-29,United Kingdom,GBR,Influenza,5437
2026-04-05,United Kingdom,GBR,Influenza,4381
2026-04-12,United Kingdom,GBR,Influenza,4280
2026-04-19,United Kingdom,GBR,Influenza,2962
2026-04-26,United Kingdom,GBR,Influenza,2478
2026-05-03,United Kingdom,GBR,Influenza,2522
2026-05-10,United Kingdom,GBR,Influenza,2014
2026-05-17,United Kingdom,GBR,Influenza,1310
2026-05-24,United Kingdom,GBR,Influenza,1001
2026-05-31,United Kingdom,GBR,Influenza,1099
2026-06-07,United Kingdom,GBR,Influenza,876
2026-06-14,United Kingdom,GBR,Influenza,740
2026-06-21,United Kingdom,GBR,Influenza,631
2026-06-28,United Kingdom,GBR,Influenza,674
2026-07-05,United Kingdom,GBR,Influenza,632
2026-07-12,United Kingdom,GBR,Influenza,569
2026-07-19,United Kingdom,GBR,Influenza,644
2026-07-26,United Kingdom,GBR,Influenza,658
2026-08-02,United Kingdom,GBR,Influenza,599
2026-08-09,United Kingdom,GBR,Influenza,729
2026-08-16,United Kingdom,GBR,Influenza,792
2026-08-23,United Kingdom,GBR,Influenza,809
2026-08-30,United Kingdom,GBR,Influenza,750
2026-09-06,United Kingdom,GBR,Influenza,1003
2026-09-13,United Kingdom,GBR,Influenza,1087
2026-09-20,United Kingdom,GBR,Influenza,1068
2026-09-27,United Kingdom,GBR,Influenza,1783
2026-10-04,United Kingdom,GBR,Influenza,2048
2024-10-13,United Kingdom,GBR,COVID-19,1054
2024-10-20,United Kingdom,GBR,COVID-19,925
2024-10-27,United Kingdom,GBR,COVID-19,840
2024-11-03,United Kingdom,GBR,COVID-19,789
2024-11-10,United Kingdom,GBR,COVID-19,780
2024-11-17,United Kingdom,GBR,COVID-19,649
2024-11-24,United Kingdom,GBR,COVID-19,567
2024-12-01,United Kingdom,GBR,COVID-19,673
2024-12-08,United Kingdom,GBR,COVID-19,778
2024-12-15,United Kingdom,GBR,COVID-19,547
2024-12-22,United Kingdom,GBR,COVID-19,756
2024-12-29,United Kingdom,GBR,COVID-19,827
2025-01-05,United Kingdom,GBR,COVID-19,879
2025-01-12,United Kingdom,GBR,COVID-19,879
2025-01-19,United Kingdom,GBR,COVID-19,1012
2025-01-26,United Kingdom,GBR,COVID-19,1488
2025-02-02,United Kingdom,GBR,COVID-19,1458
2025-02-09,United Kingdom,GBR,COVID-19,1372
2025-02-16,United Kingdom,GBR,COVID-19,1677
2025-02-23,United Kingdom,GBR,COVID-19,1903
2025-03-02,United Kingdom,GBR,COVID-19,1893
2025-03-09,United Kingdom,GBR,COVID-19,2094
2025-03-16,United Kingdom,GBR,COVID-19,2972
2025-03-23,United Kingdom,GBR,COVID-19,2593
2025-03-30,United Kingdom,GBR,COVID-19,2434
2025-04-06,United Kingdom,GBR,COVID-19,2984
2025-04-13,United Kingdom,GBR,COVID-19,3088
2025-04-20,United Kingdom,GBR,COVID-19,2115
2025-04-27,United Kingdom,GBR,COVID-19,2894
2025-05-04,United Kingdom,GBR,COVID-19,3128
2025-05-11,United Kingdom,GBR,COVID-19,2756
2025-05-18,United Kingdom,GBR,COVID-19,3159
2025-05-25,United Kingdom,GBR,COVID-19,2541
2025-06-01,United Kingdom,GBR,COVID-19,2327
2025-06-08,United Kingdom,GBR,COVID-19,2406
2025-06-15,United Kingdom,GBR,COVID-19,1668
2025-06-22,United Kingdom,GBR,COVID-19,1359
2025-06-29,United Kingdom,GBR,COVID-19,1357
2025-07-06,United Kingdom,GBR,COVID-19,979
2025-07-13,United Kingdom,GBR,COVID-19,996
2025-07-20,United Kingdom,GBR,COVID-19,826
2025-07-27,United Kingdom,GBR,COVID-19,922
2025-08-03,United Kingdom,GBR,COVID-19,759
2025-08-10,United Kingdom,GBR,COVID-19,742
2025-08-17,United Kingdom,GBR,COVID-19,877
2025-08-24,United Kingdom,GBR,COVID-19,820
2025-08-31,United Kingdom,GBR,COVID-19,612
2025-09-07,United Kingdom,GBR,COVID-19,702
2025-09-14,United Kingdom,GBR,COVID-19,788
2025-09-21,United Kingdom,GBR,COVID-19,888
2025-09-28,United Kingdom,GBR,COVID-19,1186
2025-10-05,United Kingdom,GBR,COVID-19,1275
2025-10-12,United Kingdom,GBR,COVID-19,1598
2025-10-19,United Kingdom,GBR,COVID-19,1725
2025-10-26,United Kingdom,GBR,COVID-19,2029
2025-11-02,United Kingdom,GBR,COVID-19,2152
2025-11-09,United Kingdom,GBR,COVID-19,2285
2025-11-16,United Kingdom,GBR,COVID-19,2881
2025-11-23,United Kingdom,GBR,COVID-19,3113
2025-11-30,United Kingdom,GBR,COVID-19,3161
2025-12-07,United Kingdom,GBR,COVID-19,3847
2025-12-14,United Kingdom,GBR,COVID-19,2230
2025-12-21,United Kingdom,GBR,COVID-19,3451
2025-12-28,United Kingdom,GBR,COVID-19,3555
2026-01-04,United Kingdom,GBR,COVID-19,4441
2026-01-11,United Kingdom,GBR,COVID-19,4677
2026-01-18,United Kingdom,GBR,COVID-19,2913
2026-01-25,United Kingdom,GBR,COVID-19,4366
2026-02-01,United Kingdom,GBR,COVID-19,2830
2026-02-08,United Kingdom,GBR,COVID-19,2671
2026-02-15,United Kingdom,GBR,COVID-19,2878
2026-02-22,United Kingdom,GBR,COVID-19,2595
2026-03-01,United Kingdom,GBR,COVID-19,1887
2026-03-08,United Kingdom,GBR,COVID-19,2420
2026-03-15,United Kingdom,GBR,COVID-19,2162
2026-03-22,United Kingdom,GBR,COVID-19,2015
2026-03-29,United Kingdom,GBR,COVID-19,1442
2026-04-05,United Kingdom,GBR,COVID-19,1364
2026-04-12,United Kingdom,GBR,COVID-19,1223
2026-04-19,United Kingdom,GBR,COVID-19,1394
2026-04-26,United Kingdom,GBR,COVID-19,586
2026-05-03,United Kingdom,GBR,COVID-19,812
2026-05-10,United Kingdom,GBR,COVID-19,897
2026-05-17,United Kingdom,GBR,COVID-19,722
2026-05-24,United Kingdom,GBR,COVID-19,815
2026-05-31,United Kingdom,GBR,COVID-19,838
2026-06-07,United Kingdom,GBR,COVID-19,800
2026-06-14,United Kingdom,GBR,COVID-19,965
2026-06-21,United Kingdom,GBR,COVID-19,1170
2026-06-28,United Kingdom,GBR,COVID-19,1192
2026-07-05,United Kingdom,GBR,COVID-19,1356
2026-07-12,United Kingdom,GBR,COVID-19,1675
2026-07-19,United Kingdom,GBR,COVID-19,2000
2026-07-26,United Kingdom,GBR,COVID-19,1681
2026-08-02,United Kingdom,GBR,COVID-19,2668
2026-08-09,United Kingdom,GBR,COVID-19,2451
2026-08-16,United Kingdom,GBR,COVID-19,3151
2026-08-23,United Kingdom,GBR,COVID-19,2781
2026-08-30,United Kingdom,GBR,COVID-19,2776
2026-09-06,United Kingdom,GBR,COVID-19,1784
2026-09-13,United Kingdom,GBR,COVID-19,1716
2026-09-20,United Kingdom,GBR,COVID-19,1255
2026-09-27,United Kingdom,GBR,COVID-19,1165
2026-10-04,United Kingdom,GBR,COVID-19,1323
2024-10-13,France,FRA,Dengue,19
2024-10-20,France,FRA,Dengue,21
2024-10-27,France,FRA,Dengue,21
2024-11-03,France,FRA,Dengue,21
2024-11-10,France,FRA,Dengue,13
2024-11-17,France,FRA,Dengue,13
2024-11-24,France,FRA,Dengue,17
2024-12-01,France,FRA,Dengue,10
2024-12-08,France,FRA,Dengue,12
2024-12-15,France,FRA,Dengue,13
2024-12-22,France,FRA,Dengue,12
2024-12-29,France,FRA,Dengue,11
2025-01-05,France,FRA,Dengue,10
2025-01-12,France,FRA,Dengue,11
2025-01-19,France,FRA,Dengue,10
2025-01-26,France,FRA,Dengue,8
2025-02-02,France,FRA,Dengue,9
2025-02-09,France,FRA,Dengue,10
2025-02-16,France,FRA,Dengue,11
2025-02-23,France,FRA,Dengue,10
2025-03-02,France,FRA,Dengue,11
2025-03-09,France,FRA,Dengue,8
2025-03-16,France,FRA,Dengue,8
2025-03-23,France,FRA,Dengue,9
2025-03-30,France,FRA,Dengue,9
2025-04-06,France,FRA,Dengue,8
2025-04-13,France,FRA,Dengue,11
2025-04-20,France,FRA,Dengue,11
2025-04-27,France,FRA,Dengue,9
2025-05-04,France,FRA,Dengue,11
2025-05-11,France,FRA,Dengue,11
2025-05-18,France,FRA,Dengue,12
2025-05-25,France,FRA,Dengue,10
2025-06-01,France,FRA,Dengue,13
2025-06-08,France,FRA,Dengue,14
2025-06-15,France,FRA,Dengue,17
2025-06-22,France,FRA,Dengue,15
2025-06-29,France,FRA,Dengue,11
2025-07-06,France,FRA,Dengue,16
2025-07-13,France,FRA,Dengue,21
2025-07-20,France,FRA,Dengue,23
2025-07-27,France,FRA,Dengue,30
2025-08-03,France,FRA,Dengue,27
2025-08-10,France,FRA,Dengue,27
2025-08-17,France,FRA,Dengue,27
2025-08-24,France,FRA,Dengue,32
2025-08-31,France,FRA,Dengue,26
2025-09-07,France,FRA,Dengue,28
2025-09-14,France,FRA,Dengue,24
2025-09-21,France,FRA,Dengue,34
2025-09-28,France,FRA,Dengue,29
2025-10-05,France,FRA,Dengue,24
2025-10-12,France,FRA,Dengue,25
2025-10-19,France,FRA,Dengue,26
2025-10-26,France,FRA,Dengue,22
2025-11-02,France,FRA,Dengue,20
2025-11-09,France,FRA,Dengue,18
2025-11-16,France,FRA,Dengue,20
2025-11-23,France,FRA,Dengue,16
2025-11-30,France,FRA,Dengue,15
2025-12-07,France,FRA,Dengue,12
2025-12-14,France,FRA,Dengue,14
2025-12-21,France,FRA,Dengue,12
2025-12-28,France,FRA,Dengue,11
2026-01-04,France,FRA,Dengue,12
2026-01-11,France,FRA,Dengue,12
2026-01-18,France,FRA,Dengue,11
2026-01-25,France,FRA,Dengue,11
2026-02-01,France,FRA,Dengue,10
2026-02-08,France,FRA,Dengue,9
2026-02-15,France,FRA,Dengue,8
2026-02-22,France,FRA,Dengue,9
2026-03-01,France,FRA,Dengue,10
2026-03-08,France,FRA,Dengue,9
2026-03-15,France,FRA,Dengue,10
2026-03-22,France,FRA,Dengue,9
2026-03-29,France,FRA,Dengue,8
2026-04-05,France,FRA,Dengue,11
2026-04-12,France,FRA,Dengue,9
2026-04-19,France,FRA,Dengue,9
2026-04-26,France,FRA,Dengue,9
2026-05-03,France,FRA,Dengue,12
2026-05-10,France,FRA,Dengue,14
2026-05-17,France,FRA,Dengue,12
2026-05-24,France,FRA,Dengue,13
2026-05-31,France,FRA,Dengue,16
2026-06-07,France,FRA,Dengue,11
2026-06-14,France,FRA,Dengue,22
2026-06-21,France,FRA,Dengue,25
2026-06-28,France,FRA,Dengue,12
2026-07-05,France,FRA,Dengue,21
2026-07-12,France,FRA,Dengue,20
2026-07-19,France,FRA,Dengue,24
2026-07-26,France,FRA,Dengue,24
2026-08-02,France,FRA,Dengue,31
2026-08-09,France,FRA,Dengue,28
2026-08-16,France,FRA,Dengue,26
2026-08-23,France,FRA,Dengue,30
2026-08-30,France,FRA,Dengue,33
2026-09-06,France,FRA,Dengue,26
2026-09-13,France,FRA,Dengue,23
2026-09-20,France,FRA,Dengue,40
2026-09-27,France,FRA,Dengue,27
2026-10-04,France,FRA,Dengue,29
2024-10-13,France,FRA,Influenza,3188
2024-10-20,France,FRA,Influenza,4468
2024-10-27,France,FRA,Influenza,6281
2024-11-03,France,FRA,Influenza,6386
2024-11-10,France,FRA,Influenza,5290
2024-11-17,France,FRA,Influenza,6229
2024-11-24,France,FRA,Influenza,8351
2024-12-01,France,FRA,Influenza,9486
2024-12-08,France,FRA,Influenza,8035
2024-12-15,France,FRA,Influenza,13139
2024-12-22,France,FRA,Influenza,10426
2024-12-29,France,FRA,Influenza,16001
2025-01-05,France,FRA,Influenza,17225
2025-01-12,France,FRA,Influenza,13297
2025-01-19,France,FRA,Influenza,14822
2025-01-26,France,FRA,Influenza,11259
2025-02-02,France,FRA,Influenza,14796
2025-02-09,France,FRA,Influenza,12096
2025-02-16,France,FRA,Influenza,10424
2025-02-23,France,FRA,Influenza,11193
2025-03-02,France,FRA,Influenza,10077
2025-03-09,France,FRA,Influenza,9402
2025-03-16,France,FRA,Influenza,10149
2025-03-23,France,FRA,Influenza,6936
2025-03-30,France,FRA,Influenza,8632
2025-04-06,France,FRA,Influenza,4707
2025-04-13,France,FRA,Influenza,6164
2025-04-20,France,FRA,Influenza,3499
2025-04-27,France,FRA,Influenza,3390
2025-05-04,France,FRA,Influenza,2552
2025-05-11,France,FRA,Influenza,2112
2025-05-18,France,FRA,Influenza,2020
2025-05-25,France,FRA,Influenza,1810
2025-06-01,France,FRA,Influenza,1460
2025-06-08,France,FRA,Influenza,1010
2025-06-15,France,FRA,Influenza,998
2025-06-22,France,FRA,Influenza,805
2025-06-29,France,FRA,Influenza,752
2025-07-06,France,FRA,Influenza,722
2025-07-13,France,FRA,Influenza,812
2025-07-20,France,FRA,Influenza,902
2025-07-27,France,FRA,Influenza,620
2025-08-03,France,FRA,Influenza,866
2025-08-10,France,FRA,Influenza,1084
2025-08-17,France,FRA,Influenza,1065
2025-08-24,France,FRA,Influenza,886
2025-08-31,France,FRA,Influenza,850
2025-09-07,France,FRA,Influenza,1324
2025-09-14,France,FRA,Influenza,964
2025-09-21,France,FRA,Influenza,2103
2025-09-28,France,FRA,Influenza,2155
2025-10-05,France,FRA,Influenza,3512
2025-10-12,France,FRA,Influenza,2512
2025-10-19,France,FRA,Influenza,4697
2025-10-26,France,FRA,Influenza,4887
2025-11-02,France,FRA,Influenza,5583
2025-11-09,France,FRA,Influenza,5442
2025-11-16,France,FRA,Influenza,8564
2025-11-23,France,FRA,Influenza,9784
2025-11-30,France,FRA,Influenza,12531
2025-12-07,France,FRA,Influenza,12472
2025-12-14,France,FRA,Influenza,10658
2025-12-21,France,FRA,Influenza,10580
2025-12-28,France,FRA,Influenza,10389
2026-01-04,France,FRA,Influenza,16520
2026-01-11,France,FRA,Influenza,12199
2026-01-18,France,FRA,Influenza,16994
2026-01-25,France,FRA,Influenza,14899
2026-02-01,France,FRA,Influenza,14200
2026-02-08,France,FRA,Influenza,12471
2026-02-15,France,FRA,Influenza,13690
2026-02-22,France,FRA,Influenza,11673
2026-03-01,France,FRA,Influenza,10234
2026-03-08,France,FRA,Influenza,10916
2026-03-15,France,FRA,Influenza,8691
2026-03-22,France,FRA,Influenza,6920
2026-03-29,France,FRA,Influenza,7466
2026-04-05,France,FRA,Influenza,5819
2026-04-12,France,FRA,Influenza,5325
2026-04-19,France,FRA,Influenza,3847
2026-04-26,France,FRA,Influenza,2775
2026-05-03,France,FRA,Influenza,3472
2026-05-10,France,FRA,Influenza,2743
2026-05-17,France,FRA,Influenza,2042
2026-05-24,France,FRA,Influenza,1391
2026-05-31,France,FRA,Influenza,1183
2026-06-07,France,FRA,Influenza,1298
2026-06-14,France,FRA,Influenza,920
2026-06-21,France,FRA,Influenza,825
2026-06-28,France,FRA,Influenza,1131
2026-07-05,France,FRA,Influenza,866
2026-07-12,France,FRA,Influenza,1100
2026-07-19,France,FRA,Influenza,687
2026-07-26,France,FRA,Influenza,937
2026-08-02,France,FRA,Influenza,1143
2026-08-09,France,FRA,Influenza,887
2026-08-16,France,FRA,Influenza,876
2026-08-23,France,FRA,Influenza,801
2026-08-30,France,FRA,Influenza,1250
2026-09-06,France,FRA,Influenza,1096
2026-09-13,France,FRA,Influenza,1456
2026-09-20,France,FRA,Influenza,1469
2026-09-27,France,FRA,Influenza,2747
2026-10-04,France,FRA,Influenza,3232
2024-10-13,France,FRA,COVID-19,1038
2024-10-20,France,FRA,COVID-19,863
2024-10-27,France,FRA,COVID-19,1285
2024-11-03,France,FRA,COVID-19,988
2024-11-10,France,FRA,COVID-19,873
2024-11-17,France,FRA,COVID-19,772
2024-11-24,France,FRA,COVID-19,953
2024-12-01,France,FRA,COVID-19,832
2024-12-08,France,FRA,COVID-19,977
2024-12-15,France,FRA,COVID-19,1222
2024-12-22,France,FRA,COVID-19,1069
2024-12-29,France,FRA,COVID-19,1243
2025-01-05,France,FRA,COVID-19,1113
2025-01-12,France,FRA,COVID-19,1355
2025-01-19,France,FRA,COVID-19,1889
2025-01-26,France,FRA,COVID-19,1541
2025-02-02,France,FRA,COVID-19,1928
2025-02-09,France,FRA,COVID-19,1575
2025-02-16,France,FRA,COVID-19,2860
2025-02-23,France,FRA,COVID-19,2439
2025-03-02,France,FRA,COVID-19,3404
2025-03-09,France,FRA,COVID-19,3194
2025-03-16,France,FRA,COVID-19,3874
2025-03-23,France,FRA,COVID-19,4187
2025-03-30,France,FRA,COVID-19,3731
2025-04-06,France,FRA,COVID-19,4805
2025-04-13,France,FRA,COVID-19,3697
2025-04-20,France,FRA,COVID-19,4610
2025-04-27,France,FRA,COVID-19,3768
2025-05-04,France,FRA,COVID-19,4004
2025-05-11,France,FRA,COVID-19,3303
2025-05-18,France,FRA,COVID-19,3278
2025-05-25,France,FRA,COVID-19,2467
2025-06-01,France,FRA,COVID-19,2725
2025-06-08,France,FRA,COVID-19,2345
2025-06-15,France,FRA,COVID-19,1892
2025-06-22,France,FRA,COVID-19,1809
2025-06-29,France,FRA,COVID-19,1660
2025-07-06,France,FRA,COVID-19,1334
2025-07-13,France,FRA,COVID-19,1322
2025-07-20,France,FRA,COVID-19,1068
2025-07-27,France,FRA,COVID-19,1616
2025-08-03,France,FRA,COVID-19,1340
2025-08-10,France,FRA,COVID-19,1184
2025-08-17,France,FRA,COVID-19,1335
2025-08-24,France,FRA,COVID-19,809
2025-08-31,France,FRA,COVID-19,729
2025-09-07,France,FRA,COVID-19,1160
2025-09-14,France,FRA,COVID-19,1037
2025-09-21,France,FRA,COVID-19,1357
2025-09-28,France,FRA,COVID-19,1582
2025-10-05,France,FRA,COVID-19,1931
2025-10-12,France,FRA,COVID-19,1571
2025-10-19,France,FRA,COVID-19,2258
2025-10-26,France,FRA,COVID-19,2408
2025-11-02,France,FRA,COVID-19,2852
2025-11-09,France,FRA,COVID-19,2808
2025-11-16,France,FRA,COVID-19,4105
2025-11-23,France,FRA,COVID-19,3703
2025-11-30,France,FRA,COVID-19,5209
2025-12-07,France,FRA,COVID-19,3916
2025-12-14,France,FRA,COVID-19,5257
2025-12-21,France,FRA,COVID-19,4917
2025-12-28,France,FRA,COVID-19,4871
2026-01-04,France,FRA,COVID-19,5699
2026-01-11,France,FRA,COVID-19,4970
2026-01-18,France,FRA,COVID-19,3074
2026-01-25,France,FRA,COVID-19,2677
2026-02-01,France,FRA,COVID-19,5620
2026-02-08,France,FRA,COVID-19,5247
2026-02-15,France,FRA,COVID-19,5261
2026-02-22,France,FRA,COVID-19,3737
2026-03-01,France,FRA,COVID-19,2729
2026-03-08,France,FRA,COVID-19,2841
2026-03-15,France,FRA,COVID-19,2702
2026-03-22,France,FRA,COVID-19,2030
2026-03-29,France,FRA,COVID-19,2644
2026-04-05,France,FRA,COVID-19,2519
2026-04-12,France,FRA,COVID-19,1810
2026-04-19,France,FRA,COVID-19,1526
2026-04-26,France,FRA,COVID-19,1129
2026-05-03,France,FRA,COVID-19,1606
2026-05-10,France,FRA,COVID-19,1247
2026-05-17,France,FRA,COVID-19,1135
2026-05-24,France,FRA,COVID-19,1249
2026-05-31,France,FRA,COVID-19,1070
2026-06-07,France,FRA,COVID-19,1246
2026-06-14,France,FRA,COVID-19,1030
2026-06-21,France,FRA,COVID-19,1710
2026-06-28,France,FRA,COVID-19,1672
2026-07-05,France,FRA,COVID-19,2347
2026-07-12,France,FRA,COVID-19,2290
2026-07-19,France,FRA,COVID-19,2696
2026-07-26,France,FRA,COVID-19,2559
2026-08-02,France,FRA,COVID-19,3822
2026-08-09,France,FRA,COVID-19,3139
2026-08-16,France,FRA,COVID-19,3376
2026-08-23,France,FRA,COVID-19,3513
2026-08-30,France,FRA,COVID-19,3306
2026-09-06,France,FRA,COVID-19,2151
2026-09-13,France,FRA,COVID-19,2412
2026-09-20,France,FRA,COVID-19,2373
2026-09-27,France,FRA,COVID-19,1690
2026-10-04,France,FRA,COVID-19,1480
2024-10-13,Germany,DEU,Dengue,11
2024-10-20,Germany,DEU,Dengue,9
2024-10-27,Germany,DEU,Dengue,10
2024-11-03,Germany,DEU,Dengue,11
2024-11-10,Germany,DEU,Dengue,8
2024-11-17,Germany,DEU,Dengue,8
2024-11-24,Germany,DEU,Dengue,6
2024-12-01,Germany,DEU,Dengue,8
2024-12-08,Germany,DEU,Dengue,7
2024-12-15,Germany,DEU,Dengue,5
2024-12-22,Germany,DEU,Dengue,6
2024-12-29,Germany,DEU,Dengue,4
2025-01-05,Germany,DEU,Dengue,4
2025-01-12,Germany,DEU,Dengue,4
2025-01-19,Germany,DEU,Dengue,4
2025-01-26,Germany,DEU,Dengue,6
2025-02-02,Germany,DEU,Dengue,4
2025-02-09,Germany,DEU,Dengue,5
2025-02-16,Germany,DEU,Dengue,4
2025-02-23,Germany,DEU,Dengue,5
2025-03-02,Germany,DEU,Dengue,4
2025-03-09,Germany,DEU,Dengue,5
2025-03-16,Germany,DEU,Dengue,5
2025-03-23,Germany,DEU,Dengue,6
2025-03-30,Germany,DEU,Dengue,5
2025-04-06,Germany,DEU,Dengue,4
2025-04-13,Germany,DEU,Dengue,5
2025-04-20,Germany,DEU,Dengue,6
2025-04-27,Germany,DEU,Dengue,4
2025-05-04,Germany,DEU,Dengue,4
2025-05-11,Germany,DEU,Dengue,5
2025-05-18,Germany,DEU,Dengue,5
2025-05-25,Germany,DEU,Dengue,6
2025-06-01,Germany,DEU,Dengue,5
2025-06-08,Germany,DEU,Dengue,8
2025-06-15,Germany,DEU,Dengue,6
2025-06-22,Germany,DEU,Dengue,8
2025-06-29,Germany,DEU,Dengue,10
2025-07-06,Germany,DEU,Dengue,10
2025-07-13,Germany,DEU,Dengue,9
2025-07-20,Germany,DEU,Dengue,9
2025-07-27,Germany,DEU,Dengue,11
2025-08-03,Germany,DEU,Dengue,11
2025-08-10,Germany,DEU,Dengue,13
2025-08-17,Germany,DEU,Dengue,11
2025-08-24,Germany,DEU,Dengue,16
2025-08-31,Germany,DEU,Dengue,14
2025-09-07,Germany,DEU,Dengue,15
2025-09-14,Germany,DEU,Dengue,17
2025-09-21,Germany,DEU,Dengue,13
2025-09-28,Germany,DEU,Dengue,12
2025-10-05,Germany,DEU,Dengue,12
2025-10-12,Germany,DEU,Dengue,12
2025-10-19,Germany,DEU,Dengue,12
2025-10-26,Germany,DEU,Dengue,10
2025-11-02,Germany,DEU,Dengue,7
2025-11-09,Germany,DEU,Dengue,9
2025-11-16,Germany,DEU,Dengue,10
2025-11-23,Germany,DEU,Dengue,9
2025-11-30,Germany,DEU,Dengue,9
2025-12-07,Germany,DEU,Dengue,9
2025-12-14,Germany,DEU,Dengue,8
2025-12-21,Germany,DEU,Dengue,8
2025-12-28,Germany,DEU,Dengue,7
2026-01-04,Germany,DEU,Dengue,7
2026-01-11,Germany,DEU,Dengue,7
2026-01-18,Germany,DEU,Dengue,6
2026-01-25,Germany,DEU,Dengue,6
2026-02-01,Germany,DEU,Dengue,5
2026-02-08,Germany,DEU,Dengue,5
2026-02-15,Germany,DEU,Dengue,5
2026-02-22,Germany,DEU,Dengue,5
2026-03-01,Germany,DEU,Dengue,4
2026-03-08,Germany,DEU,Dengue,5
2026-03-15,Germany,DEU,Dengue,3
2026-03-22,Germany,DEU,Dengue,6
2026-03-29,Germany,DEU,Dengue,5
2026-04-05,Germany,DEU,Dengue,5
2026-04-12,Germany,DEU,Dengue,6
2026-04-19,Germany,DEU,Dengue,5
2026-04-26,Germany,DEU,Dengue,6
2026-05-03,Germany,DEU,Dengue,4
2026-05-10,Germany,DEU,Dengue,8
2026-05-17,Germany,DEU,Dengue,7
2026-05-24,Germany,DEU,Dengue,7
2026-05-31,Germany,DEU,Dengue,9
2026-06-07,Germany,DEU,Dengue,6
2026-06-14,Germany,DEU,Dengue,8
2026-06-21,Germany,DEU,Dengue,11
2026-06-28,Germany,DEU,Dengue,7
2026-07-05,Germany,DEU,Dengue,11
2026-07-12,Germany,DEU,Dengue,12
2026-07-19,Germany,DEU,Dengue,16
2026-07-26,Germany,DEU,Dengue,10
2026-08-02,Germany,DEU,Dengue,17
2026-08-09,Germany,DEU,Dengue,13
2026-08-16,Germany,DEU,Dengue,14
2026-08-23,Germany,DEU,Dengue,12
2026-08-30,Germany,DEU,Dengue,13
2026-09-06,Germany,DEU,Dengue,17
2026-09-13,Germany,DEU,Dengue,13
2026-09-20,Germany,DEU,Dengue,17
2026-09-27,Germany,DEU,Dengue,13
2026-10-04,Germany,DEU,Dengue,12
2024-10-13,Germany,DEU,Influenza,1557
2024-10-20,Germany,DEU,Influenza,2163
2024-10-27,Germany,DEU,Influenza,2372
2024-11-03,Germany,DEU,Influenza,2945
2024-11-10,Germany,DEU,Influenza,3773
2024-11-17,Germany,DEU,Influenza,4557
2024-11-24,Germany,DEU,Influenza,4224
2024-12-01,Germany,DEU,Influenza,4157
2024-12-08,Germany,DEU,Influenza,5465
2024-12-15,Germany,DEU,Influenza,6247
2024-12-22,Germany,DEU,Influenza,4851
2024-12-29,Germany,DEU,Influenza,5649
2025-01-05,Germany,DEU,Influenza,6020
2025-01-12,Germany,DEU,Influenza,6673
2025-01-19,Germany,DEU,Influenza,6144
2025-01-26,Germany,DEU,Influenza,7619
2025-02-02,Germany,DEU,Influenza,5123
2025-02-09,Germany,DEU,Influenza,4975
2025-02-16,Germany,DEU,Influenza,5901
2025-02-23,Germany,DEU,Influenza,5682
2025-03-02,Germany,DEU,Influenza,4224
2025-03-09,Germany,DEU,Influenza,4481
2025-03-16,Germany,DEU,Influenza,4164
2025-03-23,Germany,DEU,Influenza,3690
2025-03-30,Germany,DEU,Influenza,3494
2025-04-06,Germany,DEU,Influenza,2639
2025-04-13,Germany,DEU,Influenza,3023
2025-04-20,Germany,DEU,Influenza,2210
2025-04-27,Germany,DEU,Influenza,1486
2025-05-04,Germany,DEU,Influenza,1394
2025-05-11,Germany,DEU,Influenza,1131
2025-05-18,Germany,DEU,Influenza,1063
2025-05-25,Germany,DEU,Influenza,670
2025-06-01,Germany,DEU,Influenza,689
2025-06-08,Germany,DEU,Influenza,540
2025-06-15,Germany,DEU,Influenza,593
2025-06-22,Germany,DEU,Influenza,543
2025-06-29,Germany,DEU,Influenza,453
2025-07-06,Germany,DEU,Influenza,418
2025-07-13,Germany,DEU,Influenza,467
2025-07-20,Germany,DEU,Influenza,422
2025-07-27,Germany,DEU,Influenza,543
2025-08-03,Germany,DEU,Influenza,440
2025-08-10,Germany,DEU,Influenza,414
2025-08-17,Germany,DEU,Influenza,423
2025-08-24,Germany,DEU,Influenza,396
2025-08-31,Germany,DEU,Influenza,581
2025-09-07,Germany,DEU,Influenza,542
2025-09-14,Germany,DEU,Influenza,858
2025-09-21,Germany,DEU,Influenza,725
2025-09-28,Germany,DEU,Influenza,1132
2025-10-05,Germany,DEU,Influenza,1611
2025-10-12,Germany,DEU,Influenza,1145
2025-10-19,Germany,DEU,Influenza,2682
2025-10-26,Germany,DEU,Influenza,2317
2025-11-02,Germany,DEU,Influenza,2992
2025-11-09,Germany,DEU,Influenza,3709
2025-11-16,Germany,DEU,Influenza,4348
2025-11-23,Germany,DEU,Influenza,4612
2025-11-30,Germany,DEU,Influenza,5667
2025-12-07,Germany,DEU,Influenza,5824
2025-12-14,Germany,DEU,Influenza,7377
2025-12-21,Germany,DEU,Influenza,6699
2025-12-28,Germany,DEU,Influenza,8441
2026-01-04,Germany,DEU,Influenza,7660
2026-01-11,Germany,DEU,Influenza,5022
2026-01-18,Germany,DEU,Influenza,9652
2026-01-25,Germany,DEU,Influenza,6295
2026-02-01,Germany,DEU,Influenza,8262
2026-02-08,Germany,DEU,Influenza,6546
2026-02-15,Germany,DEU,Influenza,7201
2026-02-22,Germany,DEU,Influenza,5233
2026-03-01,Germany,DEU,Influenza,5910
2026-03-08,Germany,DEU,Influenza,4742
2026-03-15,Germany,DEU,Influenza,5480
2026-03-22,Germany,DEU,Influenza,4179
2026-03-29,Germany,DEU,Influenza,3896
2026-04-05,Germany,DEU,Influenza,1979
2026-04-12,Germany,DEU,Influenza,2443
2026-04-19,Germany,DEU,Influenza,2186
2026-04-26,Germany,DEU,Influenza,1747
2026-05-03,Germany,DEU,Influenza,1572
2026-05-10,Germany,DEU,Influenza,1050
2026-05-17,Germany,DEU,Influenza,906
2026-05-24,Germany,DEU,Influenza,867
2026-05-31,Germany,DEU,Influenza,407
2026-06-07,Germany,DEU,Influenza,584
2026-06-14,Germany,DEU,Influenza,460
2026-06-21,Germany,DEU,Influenza,393
2026-06-28,Germany,DEU,Influenza,463
2026-07-05,Germany,DEU,Influenza,515
2026-07-12,Germany,DEU,Influenza,501
2026-07-19,Germany,DEU,Influenza,425
2026-07-26,Germany,DEU,Influenza,491
2026-08-02,Germany,DEU,Influenza,491
2026-08-09,Germany,DEU,Influenza,435
2026-08-16,Germany,DEU,Influenza,408
2026-08-23,Germany,DEU,Influenza,438
2026-08-30,Germany,DEU,Influenza,604
2026-09-06,Germany,DEU,Influenza,614
2026-09-13,Germany,DEU,Influenza,621
2026-09-20,Germany,DEU,Influenza,672
2026-09-27,Germany,DEU,Influenza,1249
2026-10-04,Germany,DEU,Influenza,1261
2024-10-13,Germany,DEU,COVID-19,546
2024-10-20,Germany,DEU,COVID-19,617
2024-10-27,Germany,DEU,COVID-19,418
2024-11-03,Germany,DEU,COVID-19,518
2024-11-10,Germany,DEU,COVID-19,509
2024-11-17,Germany,DEU,COVID-19,553
2024-11-24,Germany,DEU,COVID-19,624
2024-12-01,Germany,DEU,COVID-19,425
2024-12-08,Germany,DEU,COVID-19,583
2024-12-15,Germany,DEU,COVID-19,633
2024-12-22,Germany,DEU,COVID-19,549
2024-12-29,Germany,DEU,COVID-19,577
2025-01-05,Germany,DEU,COVID-19,662
2025-01-12,Germany,DEU,COVID-19,704
2025-01-19,Germany,DEU,COVID-19,795
2025-01-26,Germany,DEU,COVID-19,879
2025-02-02,Germany,DEU,COVID-19,775
2025-02-09,Germany,DEU,COVID-19,1179
2025-02-16,Germany,DEU,COVID-19,1365
2025-02-23,Germany,DEU,COVID-19,1347
2025-03-02,Germany,DEU,COVID-19,1138
2025-03-09,Germany,DEU,COVID-19,1595
2025-03-16,Germany,DEU,COVID-19,1821
2025-03-23,Germany,DEU,COVID-19,1572
2025-03-30,Germany,DEU,COVID-19,1888
2025-04-06,Germany,DEU,COVID-19,1624
2025-04-13,Germany,DEU,COVID-19,2270
2025-04-20,Germany,DEU,COVID-19,2110
2025-04-27,Germany,DEU,COVID-19,1504
2025-05-04,Germany,DEU,COVID-19,1997
2025-05-11,Germany,DEU,COVID-19,1755
2025-05-18,Germany,DEU,COVID-19,1749
2025-05-25,Germany,DEU,COVID-19,1381
2025-06-01,Germany,DEU,COVID-19,1153
2025-06-08,Germany,DEU,COVID-19,1028
2025-06-15,Germany,DEU,COVID-19,944
2025-06-22,Germany,DEU,COVID-19,912
2025-06-29,Germany,DEU,COVID-19,830
2025-07-06,Germany,DEU,COVID-19,712
2025-07-13,Germany,DEU,COVID-19,629
2025-07-20,Germany,DEU,COVID-19,594
2025-07-27,Germany,DEU,COVID-19,821
2025-08-03,Germany,DEU,COVID-19,510
2025-08-10,Germany,DEU,COVID-19,520
2025-08-17,Germany,DEU,COVID-19,846
2025-08-24,Germany,DEU,COVID-19,610
2025-08-31,Germany,DEU,COVID-19,468
2025-09-07,Germany,DEU,COVID-19,693
2025-09-14,Germany,DEU,COVID-19,563
2025-09-21,Germany,DEU,COVID-19,797
2025-09-28,Germany,DEU,COVID-19,741
2025-10-05,Germany,DEU,COVID-19,790
2025-10-12,Germany,DEU,COVID-19,1173
2025-10-19,Germany,DEU,COVID-19,1153
2025-10-26,Germany,DEU,COVID-19,1374
2025-11-02,Germany,DEU,COVID-19,1440
2025-11-09,Germany,DEU,COVID-19,1418
2025-11-16,Germany,DEU,COVID-19,1851
2025-11-23,Germany,DEU,COVID-19,2216
2025-11-30,Germany,DEU,COVID-19,2093
2025-12-07,Germany,DEU,COVID-19,2814
2025-12-14,Germany,DEU,COVID-19,2660
2025-12-21,Germany,DEU,COVID-19,2553
2025-12-28,Germany,DEU,COVID-19,2651
2026-01-04,Germany,DEU,COVID-19,2649
2026-01-11,Germany,DEU,COVID-19,2108
2026-01-18,Germany,DEU,COVID-19,2518
2026-01-25,Germany,DEU,COVID-19,2552
2026-02-01,Germany,DEU,COVID-19,2207
2026-02-08,Germany,DEU,COVID-19,2321
2026-02-15,Germany,DEU,COVID-19,2051
2026-02-22,Germany,DEU,COVID-19,2085
2026-03-01,Germany,DEU,COVID-19,1857
2026-03-08,Germany,DEU,COVID-19,1550
2026-03-15,Germany,DEU,COVID-19,1069
2026-03-22,Germany,DEU,COVID-19,1513
2026-03-29,Germany,DEU,COVID-19,1035
2026-04-05,Germany,DEU,COVID-19,929
2026-04-12,Germany,DEU,COVID-19,799
2026-04-19,Germany,DEU,COVID-19,707
2026-04-26,Germany,DEU,COVID-19,861
2026-05-03,Germany,DEU,COVID-19,785
2026-05-10,Germany,DEU,COVID-19,656
2026-05-17,Germany,DEU,COVID-19,582
2026-05-24,Germany,DEU,COVID-19,635
2026-05-31,Germany,DEU,COVID-19,592
2026-06-07,Germany,DEU,COVID-19,591
2026-06-14,Germany,DEU,COVID-19,689
2026-06-21,Germany,DEU,COVID-19,685
2026-06-28,Germany,DEU,COVID-19,879
2026-07-05,Germany,DEU,COVID-19,1028
2026-07-12,Germany,DEU,COVID-19,1284
2026-07-19,Germany,DEU,COVID-19,1245
2026-07-26,Germany,DEU,COVID-19,1726
2026-08-02,Germany,DEU,COVID-19,1478
2026-08-09,Germany,DEU,COVID-19,1647
2026-08-16,Germany,DEU,COVID-19,1672
2026-08-23,Germany,DEU,COVID-19,1470
2026-08-30,Germany,DEU,COVID-19,1866
2026-09-06,Germany,DEU,COVID-19,1232
2026-09-13,Germany,DEU,COVID-19,1115
2026-09-20,Germany,DEU,COVID-19,1256
2026-09-27,Germany,DEU,COVID-19,817
2026-10-04,Germany,DEU,COVID-19,742
2024-10-13,Italy,ITA,Dengue,11
2024-10-20,Italy,ITA,Dengue,10
2024-10-27,Italy,ITA,Dengue,9
2024-11-03,Italy,ITA,Dengue,9
2024-11-10,Italy,ITA,Dengue,8
2024-11-17,Italy,ITA,Dengue,6
2024-11-24,Italy,ITA,Dengue,6
2024-12-01,Italy,ITA,Dengue,7
2024-12-08,Italy,ITA,Dengue,6
2024-12-15,Italy,ITA,Dengue,4
2024-12-22,Italy,ITA,Dengue,5
2024-12-29,Italy,ITA,Dengue,4
2025-01-05,Italy,ITA,Dengue,3
2025-01-12,Italy,ITA,Dengue,4
2025-01-19,Italy,ITA,Dengue,4
2025-01-26,Italy,ITA,Dengue,3
2025-02-02,Italy,ITA,Dengue,3
2025-02-09,Italy,ITA,Dengue,3
2025-02-16,Italy,ITA,Dengue,3
2025-02-23,Italy,ITA,Dengue,4
2025-03-02,Italy,ITA,Dengue,3
2025-03-09,Italy,ITA,Dengue,4
2025-03-16,Italy,ITA,Dengue,4
2025-03-23,Italy,ITA,Dengue,4
2025-03-30,Italy,ITA,Dengue,4
2025-04-06,Italy,ITA,Dengue,3
2025-04-13,Italy,ITA,Dengue,4
2025-04-20,Italy,ITA,Dengue,3
2025-04-27,Italy,ITA,Dengue,4
2025-05-04,Italy,ITA,Dengue,4
2025-05-11,Italy,ITA,Dengue,5
2025-05-18,Italy,ITA,Dengue,4
2025-05-25,Italy,ITA,Dengue,6
2025-06-01,Italy,ITA,Dengue,4
2025-06-08,Italy,ITA,Dengue,5
2025-06-15,Italy,ITA,Dengue,7
2025-06-22,Italy,ITA,Dengue,8
2025-06-29,Italy,ITA,Dengue,9
2025-07-06,Italy,ITA,Dengue,8
2025-07-13,Italy,ITA,Dengue,11
2025-07-20,Italy,ITA,Dengue,9
2025-07-27,Italy,ITA,Dengue,11
2025-08-03,Italy,ITA,Dengue,9
2025-08-10,Italy,ITA,Dengue,11
2025-08-17,Italy,ITA,Dengue,7
2025-08-24,Italy,ITA,Dengue,9
2025-08-31,Italy,ITA,Dengue,12
2025-09-07,Italy,ITA,Dengue,9
2025-09-14,Italy,ITA,Dengue,12
2025-09-21,Italy,ITA,Dengue,13
2025-09-28,Italy,ITA,Dengue,10
2025-10-05,Italy,ITA,Dengue,9
2025-10-12,Italy,ITA,Dengue,10
2025-10-19,Italy,ITA,Dengue,9
2025-10-26,Italy,ITA,Dengue,9
2025-11-02,Italy,ITA,Dengue,9
2025-11-09,Italy,ITA,Dengue,8
2025-11-16,Italy,ITA,Dengue,10
2025-11-23,Italy,ITA,Dengue,6
2025-11-30,Italy,ITA,Dengue,8
2025-12-07,Italy,ITA,Dengue,5
2025-12-14,Italy,ITA,Dengue,6
2025-12-21,Italy,ITA,Dengue,6
2025-12-28,Italy,ITA,Dengue,6
2026-01-04,Italy,ITA,Dengue,4
2026-01-11,Italy,ITA,Dengue,5
2026-01-18,Italy,ITA,Dengue,5
2026-01-25,Italy,ITA,Dengue,4
2026-02-01,Italy,ITA,Dengue,4
2026-02-08,Italy,ITA,Dengue,5
2026-02-15,Italy,ITA,Dengue,4
2026-02-22,Italy,ITA,Dengue,4
2026-03-01,Italy,ITA,Dengue,4
2026-03-08,Italy,ITA,Dengue,3
2026-03-15,Italy,ITA,Dengue,4
2026-03-22,Italy,ITA,Dengue,3
2026-03-29,Italy,ITA,Dengue,4
2026-04-05,Italy,ITA,Dengue,5
2026-04-12,Italy,ITA,Dengue,4
2026-04-19,Italy,ITA,Dengue,4
2026-04-26,Italy,ITA,Dengue,5
2026-05-03,Italy,ITA,Dengue,4
2026-05-10,Italy,ITA,Dengue,4
2026-05-17,Italy,ITA,Dengue,6
2026-05-24,Italy,ITA,Dengue,5
2026-05-31,Italy,ITA,Dengue,4
2026-06-07,Italy,ITA,Dengue,7
2026-06-14,Italy,ITA,Dengue,6
2026-06-21,Italy,ITA,Dengue,9
2026-06-28,Italy,ITA,Dengue,7
2026-07-05,Italy,ITA,Dengue,10
2026-07-12,Italy,ITA,Dengue,12
2026-07-19,Italy,ITA,Dengue,9
2026-07-26,Italy,ITA,Dengue,10
2026-08-02,Italy,ITA,Dengue,12
2026-08-09,Italy,ITA,Dengue,10
2026-08-16,Italy,ITA,Dengue,13
2026-08-23,Italy,ITA,Dengue,12
2026-08-30,Italy,ITA,Dengue,12
2026-09-06,Italy,ITA,Dengue,13
2026-09-13,Italy,ITA,Dengue,13
2026-09-20,Italy,ITA,Dengue,13
2026-09-27,Italy,ITA,Dengue,11
2026-10-04,Italy,ITA,Dengue,11
2024-10-13,Italy,ITA,Influenza,1363
2024-10-20,Italy,ITA,Influenza,1679
2024-10-27,Italy,ITA,Influenza,1897
2024-11-03,Italy,ITA,Influenza,2522
2024-11-10,Italy,ITA,Influenza,2041
2024-11-17,Italy,ITA,Influenza,2865
2024-11-24,Italy,ITA,Influenza,3483
2024-12-01,Italy,ITA,Influenza,3526
2024-12-08,Italy,ITA,Influenza,5518
2024-12-15,Italy,ITA,Influenza,4803
2024-12-22,Italy,ITA,Influenza,5234
2024-12-29,Italy,ITA,Influenza,4963
2025-01-05,Italy,ITA,Influenza,5525
2025-01-12,Italy,ITA,Influenza,4623
2025-01-19,Italy,ITA,Influenza,5547
2025-01-26,Italy,ITA,Influenza,4859
2025-02-02,Italy,ITA,Influenza,5308
2025-02-09,Italy,ITA,Influenza,3296
2025-02-16,Italy,ITA,Influenza,4236
2025-02-23,Italy,ITA,Influenza,5841
2025-03-02,Italy,ITA,Influenza,4987
2025-03-09,Italy,ITA,Influenza,4846
2025-03-16,Italy,ITA,Influenza,4393
2025-03-23,Italy,ITA,Influenza,3543
2025-03-30,Italy,ITA,Influenza,2613
2025-04-06,Italy,ITA,Influenza,2031
2025-04-13,Italy,ITA,Influenza,2380
2025-04-20,Italy,ITA,Influenza,1706
2025-04-27,Italy,ITA,Influenza,1907
2025-05-04,Italy,ITA,Influenza,1066
2025-05-11,Italy,ITA,Influenza,1181
2025-05-18,Italy,ITA,Influenza,721
2025-05-25,Italy,ITA,Influenza,726
2025-06-01,Italy,ITA,Influenza,636
2025-06-08,Italy,ITA,Influenza,373
2025-06-15,Italy,ITA,Influenza,369
2025-06-22,Italy,ITA,Influenza,315
2025-06-29,Italy,ITA,Influenza,295
2025-07-06,Italy,ITA,Influenza,393
2025-07-13,Italy,ITA,Influenza,345
2025-07-20,Italy,ITA,Influenza,359
2025-07-27,Italy,ITA,Influenza,386
2025-08-03,Italy,ITA,Influenza,257
2025-08-10,Italy,ITA,Influenza,431
2025-08-17,Italy,ITA,Influenza,354
2025-08-24,Italy,ITA,Influenza,429
2025-08-31,Italy,ITA,Influenza,481
2025-09-07,Italy,ITA,Influenza,611
2025-09-14,Italy,ITA,Influenza,595
2025-09-21,Italy,ITA,Influenza,503
2025-09-28,Italy,ITA,Influenza,919
2025-10-05,Italy,ITA,Influenza,1162
2025-10-12,Italy,ITA,Influenza,1172
2025-10-19,Italy,ITA,Influenza,1727
2025-10-26,Italy,ITA,Influenza,1921
2025-11-02,Italy,ITA,Influenza,1920
2025-11-09,Italy,ITA,Influenza,3086
2025-11-16,Italy,ITA,Influenza,2946
2025-11-23,Italy,ITA,Influenza,3414
2025-11-30,Italy,ITA,Influenza,3765
2025-12-07,Italy,ITA,Influenza,5256
2025-12-14,Italy,ITA,Influenza,4760
2025-12-21,Italy,ITA,Influenza,5159
2025-12-28,Italy,ITA,Influenza,4997
2026-01-04,Italy,ITA,Influenza,5923
2026-01-11,Italy,ITA,Influenza,6798
2026-01-18,Italy,ITA,Influenza,6245
2026-01-25,Italy,ITA,Influenza,6236
2026-02-01,Italy,ITA,Influenza,6042
2026-02-08,Italy,ITA,Influenza,4243
2026-02-15,Italy,ITA,Influenza,4428
2026-02-22,Italy,ITA,Influenza,4642
2026-03-01,Italy,ITA,Influenza,3952
2026-03-08,Italy,ITA,Influenza,3400
2026-03-15,Italy,ITA,Influenza,2615
2026-03-22,Italy,ITA,Influenza,2568
2026-03-29,Italy,ITA,Influenza,2696
2026-04-05,Italy,ITA,Influenza,2380
2026-04-12,Italy,ITA,Influenza,1789
2026-04-19,Italy,ITA,Influenza,1710
2026-04-26,Italy,ITA,Influenza,1297
2026-05-03,Italy,ITA,Influenza,1312
2026-05-10,Italy,ITA,Influenza,889
2026-05-17,Italy,ITA,Influenza,815
2026-05-24,Italy,ITA,Influenza,623
2026-05-31,Italy,ITA,Influenza,401
2026-06-07,Italy,ITA,Influenza,434
2026-06-14,Italy,ITA,Influenza,324
2026-06-21,Italy,ITA,Influenza,367
2026-06-28,Italy,ITA,Influenza,321
2026-07-05,Italy,ITA,Influenza,377
2026-07-12,Italy,ITA,Influenza,284
2026-07-19,Italy,ITA,Influenza,357
2026-07-26,Italy,ITA,Influenza,386
2026-08-02,Italy,ITA,Influenza,405
2026-08-09,Italy,ITA,Influenza,320
2026-08-16,Italy,ITA,Influenza,374
2026-08-23,Italy,ITA,Influenza,409
2026-08-30,Italy,ITA,Influenza,542
2026-09-06,Italy,ITA,Influenza,394
2026-09-13,Italy,ITA,Influenza,522
2026-09-20,Italy,ITA,Influenza,1048
2026-09-27,Italy,ITA,Influenza,874
2026-10-04,Italy,ITA,Influenza,808
2024-10-13,Italy,ITA,COVID-19,390
2024-10-20,Italy,ITA,COVID-19,250
2024-10-27,Italy,ITA,COVID-19,443
2024-11-03,Italy,ITA,COVID-19,480
2024-11-10,Italy,ITA,COVID-19,370
2024-11-17,Italy,ITA,COVID-19,399
2024-11-24,Italy,ITA,COVID-19,492
2024-12-01,Italy,ITA,COVID-19,321
2024-12-08,Italy,ITA,COVID-19,354
2024-12-15,Italy,ITA,COVID-19,435
2024-12-22,Italy,ITA,COVID-19,411
2024-12-29,Italy,ITA,COVID-19,462
2025-01-05,Italy,ITA,COVID-19,414
2025-01-12,Italy,ITA,COVID-19,567
2025-01-19,Italy,ITA,COVID-19,587
2025-01-26,Italy,ITA,COVID-19,720
2025-02-02,Italy,ITA,COVID-19,769
2025-02-09,Italy,ITA,COVID-19,869
2025-02-16,Italy,ITA,COVID-19,747
2025-02-23,Italy,ITA,COVID-19,1155
2025-03-02,Italy,ITA,COVID-19,1144
2025-03-09,Italy,ITA,COVID-19,1299
2025-03-16,Italy,ITA,COVID-19,1681
2025-03-23,Italy,ITA,COVID-19,1389
2025-03-30,Italy,ITA,COVID-19,1971
2025-04-06,Italy,ITA,COVID-19,2056
2025-04-13,Italy,ITA,COVID-19,1900
2025-04-20,Italy,ITA,COVID-19,1441
2025-04-27,Italy,ITA,COVID-19,1101
2025-05-04,Italy,ITA,COVID-19,1809
2025-05-11,Italy,ITA,COVID-19,1477
2025-05-18,Italy,ITA,COVID-19,1183
2025-05-25,Italy,ITA,COVID-19,1416
2025-06-01,Italy,ITA,COVID-19,936
2025-06-08,Italy,ITA,COVID-19,893
2025-06-15,Italy,ITA,COVID-19,909
2025-06-22,Italy,ITA,COVID-19,622
2025-06-29,Italy,ITA,COVID-19,655
2025-07-06,Italy,ITA,COVID-19,700
2025-07-13,Italy,ITA,COVID-19,569
2025-07-20,Italy,ITA,COVID-19,611
2025-07-27,Italy,ITA,COVID-19,573
2025-08-03,Italy,ITA,COVID-19,474
2025-08-10,Italy,ITA,COVID-19,302
2025-08-17,Italy,ITA,COVID-19,388
2025-08-24,Italy,ITA,COVID-19,525
2025-08-31,Italy,ITA,COVID-19,372
2025-09-07,Italy,ITA,COVID-19,481
2025-09-14,Italy,ITA,COVID-19,562
2025-09-21,Italy,ITA,COVID-19,703
2025-09-28,Italy,ITA,COVID-19,574
2025-10-05,Italy,ITA,COVID-19,627
2025-10-12,Italy,ITA,COVID-19,769
2025-10-19,Italy,ITA,COVID-19,918
2025-10-26,Italy,ITA,COVID-19,961
2025-11-02,Italy,ITA,COVID-19,1284
2025-11-09,Italy,ITA,COVID-19,1097
2025-11-16,Italy,ITA,COVID-19,1417
2025-11-23,Italy,ITA,COVID-19,1642
2025-11-30,Italy,ITA,COVID-19,1583
2025-12-07,Italy,ITA,COVID-19,2047
2025-12-14,Italy,ITA,COVID-19,1979
2025-12-21,Italy,ITA,COVID-19,2271
2025-12-28,Italy,ITA,COVID-19,2158
2026-01-04,Italy,ITA,COVID-19,2251
2026-01-11,Italy,ITA,COVID-19,1928
2026-01-18,Italy,ITA,COVID-19,1897
2026-01-25,Italy,ITA,COVID-19,2400
2026-02-01,Italy,ITA,COVID-19,2116
2026-02-08,Italy,ITA,COVID-19,1535
2026-02-15,Italy,ITA,COVID-19,1724
2026-02-22,Italy,ITA,COVID-19,988
2026-03-01,Italy,ITA,COVID-19,1267
2026-03-08,Italy,ITA,COVID-19,1420
2026-03-15,Italy,ITA,COVID-19,1083
2026-03-22,Italy,ITA,COVID-19,996
2026-03-29,Italy,ITA,COVID-19,475
2026-04-05,Italy,ITA,COVID-19,726
2026-04-12,Italy,ITA,COVID-19,727
2026-04-19,Italy,ITA,COVID-19,669
2026-04-26,Italy,ITA,COVID-19,656
2026-05-03,Italy,ITA,COVID-19,517
2026-05-10,Italy,ITA,COVID-19,492
2026-05-17,Italy,ITA,COVID-19,388
2026-05-24,Italy,ITA,COVID-19,462
2026-05-31,Italy,ITA,COVID-19,389
2026-06-07,Italy,ITA,COVID-19,361
2026-06-14,Italy,ITA,COVID-19,450
2026-06-21,Italy,ITA,COVID-19,738
2026-06-28,Italy,ITA,COVID-19,667
2026-07-05,Italy,ITA,COVID-19,846
2026-07-12,Italy,ITA,COVID-19,892
2026-07-19,Italy,ITA,COVID-19,824
2026-07-26,Italy,ITA,COVID-19,1460
2026-08-02,Italy,ITA,COVID-19,947
2026-08-09,Italy,ITA,COVID-19,1356
2026-08-16,Italy,ITA,COVID-19,1479
2026-08-23,Italy,ITA,COVID-19,1487
2026-08-30,Italy,ITA,COVID-19,1184
2026-09-06,Italy,ITA,COVID-19,857
2026-09-13,Italy,ITA,COVID-19,900
2026-09-20,Italy,ITA,COVID-19,770
2026-09-27,Italy,ITA,COVID-19,648
2026-10-04,Italy,ITA,COVID-19,718
2024-10-13,Russia,RUS,Dengue,50
2024-10-20,Russia,RUS,Dengue,47
2024-10-27,Russia,RUS,Dengue,49
2024-11-03,Russia,RUS,Dengue,40
2024-11-10,Russia,RUS,Dengue,42
2024-11-17,Russia,RUS,Dengue,34
2024-11-24,Russia,RUS,Dengue,34
2024-12-01,Russia,RUS,Dengue,23
2024-12-08,Russia,RUS,Dengue,17
2024-12-15,Russia,RUS,Dengue,27
2024-12-22,Russia,RUS,Dengue,25
2024-12-29,Russia,RUS,Dengue,24
2025-01-05,Russia,RUS,Dengue,19
2025-01-12,Russia,RUS,Dengue,25
2025-01-19,Russia,RUS,Dengue,18
2025-01-26,Russia,RUS,Dengue,20
2025-02-02,Russia,RUS,Dengue,21
2025-02-09,Russia,RUS,Dengue,24
2025-02-16,Russia,RUS,Dengue,18
2025-02-23,Russia,RUS,Dengue,17
2025-03-02,Russia,RUS,Dengue,15
2025-03-09,Russia,RUS,Dengue,23
2025-03-16,Russia,RUS,Dengue,20
2025-03-23,Russia,RUS,Dengue,20
2025-03-30,Russia,RUS,Dengue,28
2025-04-06,Russia,RUS,Dengue,20
2025-04-13,Russia,RUS,Dengue,15
2025-04-20,Russia,RUS,Dengue,19
2025-04-27,Russia,RUS,Dengue,17
2025-05-04,Russia,RUS,Dengue,20
2025-05-11,Russia,RUS,Dengue,21
2025-05-18,Russia,RUS,Dengue,21
2025-05-25,Russia,RUS,Dengue,20
2025-06-01,Russia,RUS,Dengue,33
2025-06-08,Russia,RUS,Dengue,30
2025-06-15,Russia,RUS,Dengue,30
2025-06-22,Russia,RUS,Dengue,38
2025-06-29,Russia,RUS,Dengue,40
2025-07-06,Russia,RUS,Dengue,42
2025-07-13,Russia,RUS,Dengue,48
2025-07-20,Russia,RUS,Dengue,47
2025-07-27,Russia,RUS,Dengue,54
2025-08-03,Russia,RUS,Dengue,58
2025-08-10,Russia,RUS,Dengue,56
2025-08-17,Russia,RUS,Dengue,54
2025-08-24,Russia,RUS,Dengue,71
2025-08-31,Russia,RUS,Dengue,55
2025-09-07,Russia,RUS,Dengue,63
2025-09-14,Russia,RUS,Dengue,63
2025-09-21,Russia,RUS,Dengue,53
2025-09-28,Russia,RUS,Dengue,50
2025-10-05,Russia,RUS,Dengue,52
2025-10-12,Russia,RUS,Dengue,49
2025-10-19,Russia,RUS,Dengue,39
2025-10-26,Russia,RUS,Dengue,43
2025-11-02,Russia,RUS,Dengue,46
2025-11-09,Russia,RUS,Dengue,49
2025-11-16,Russia,RUS,Dengue,42
2025-11-23,Russia,RUS,Dengue,22
2025-11-30,Russia,RUS,Dengue,36
2025-12-07,Russia,RUS,Dengue,28
2025-12-14,Russia,RUS,Dengue,30
2025-12-21,Russia,RUS,Dengue,26
2025-12-28,Russia,RUS,Dengue,24
2026-01-04,Russia,RUS,Dengue,23
2026-01-11,Russia,RUS,Dengue,22
2026-01-18,Russia,RUS,Dengue,26
2026-01-25,Russia,RUS,Dengue,21
2026-02-01,Russia,RUS,Dengue,24
2026-02-08,Russia,RUS,Dengue,24
2026-02-15,Russia,RUS,Dengue,23
2026-02-22,Russia,RUS,Dengue,15
2026-03-01,Russia,RUS,Dengue,24
2026-03-08,Russia,RUS,Dengue,19
2026-03-15,Russia,RUS,Dengue,23
2026-03-22,Russia,RUS,Dengue,18
2026-03-29,Russia,RUS,Dengue,17
2026-04-05,Russia,RUS,Dengue,27
2026-04-12,Russia,RUS,Dengue,18
2026-04-19,Russia,RUS,Dengue,25
2026-04-26,Russia,RUS,Dengue,22
2026-05-03,Russia,RUS,Dengue,21
2026-05-10,Russia,RUS,Dengue,24
2026-05-17,Russia,RUS,Dengue,20
2026-05-24,Russia,RUS,Dengue,27
2026-05-31,Russia,RUS,Dengue,24
2026-06-07,Russia,RUS,Dengue,30
2026-06-14,Russia,RUS,Dengue,39
2026-06-21,Russia,RUS,Dengue,39
2026-06-28,Russia,RUS,Dengue,32
2026-07-05,Russia,RUS,Dengue,50
2026-07-12,Russia,RUS,Dengue,47
2026-07-19,Russia,RUS,Dengue,47
2026-07-26,Russia,RUS,Dengue,60
2026-08-02,Russia,RUS,Dengue,56
2026-08-09,Russia,RUS,Dengue,49
2026-08-16,Russia,RUS,Dengue,79
2026-08-23,Russia,RUS,Dengue,63
2026-08-30,Russia,RUS,Dengue,64
2026-09-06,Russia,RUS,Dengue,61
2026-09-13,Russia,RUS,Dengue,76
2026-09-20,Russia,RUS,Dengue,59
2026-09-27,Russia,RUS,Dengue,48
2026-10-04,Russia,RUS,Dengue,54
2024-10-13,Russia,RUS,Influenza,8424
2024-10-20,Russia,RUS,Influenza,9624
2024-10-27,Russia,RUS,Influenza,9890
2024-11-03,Russia,RUS,Influenza,14685
2024-11-10,Russia,RUS,Influenza,15789
2024-11-17,Russia,RUS,Influenza,15642
2024-11-24,Russia,RUS,Influenza,17953
2024-12-01,Russia,RUS,Influenza,21498
2024-12-08,Russia,RUS,Influenza,19652
2024-12-15,Russia,RUS,Influenza,24267
2024-12-22,Russia,RUS,Influenza,27010
2024-12-29,Russia,RUS,Influenza,20238
2025-01-05,Russia,RUS,Influenza,27246
2025-01-12,Russia,RUS,Influenza,27324
2025-01-19,Russia,RUS,Influenza,33266
2025-01-26,Russia,RUS,Influenza,20705
2025-02-02,Russia,RUS,Influenza,26437
2025-02-09,Russia,RUS,Influenza,25136
2025-02-16,Russia,RUS,Influenza,29533
2025-02-23,Russia,RUS,Influenza,24092
2025-03-02,Russia,RUS,Influenza,28503
2025-03-09,Russia,RUS,Influenza,22521
2025-03-16,Russia,RUS,Influenza,17278
2025-03-23,Russia,RUS,Influenza,16880
2025-03-30,Russia,RUS,Influenza,13443
2025-04-06,Russia,RUS,Influenza,13746
2025-04-13,Russia,RUS,Influenza,8228
2025-04-20,Russia,RUS,Influenza,7499
2025-04-27,Russia,RUS,Influenza,7506
2025-05-04,Russia,RUS,Influenza,6760
2025-05-11,Russia,RUS,Influenza,3091
2025-05-18,Russia,RUS,Influenza,4507
2025-05-25,Russia,RUS,Influenza,2997
2025-06-01,Russia,RUS,Influenza,1842
2025-06-08,Russia,RUS,Influenza,1225
2025-06-15,Russia,RUS,Influenza,1551
2025-06-22,Russia,RUS,Influenza,1884
2025-06-29,Russia,RUS,Influenza,1812
2025-07-06,Russia,RUS,Influenza,1979
2025-07-13,Russia,RUS,Influenza,1653
2025-07-20,Russia,RUS,Influenza,1502
2025-07-27,Russia,RUS,Influenza,1690
2025-08-03,Russia,RUS,Influenza,1816
2025-08-10,Russia,RUS,Influenza,1893
2025-08-17,Russia,RUS,Influenza,1666
2025-08-24,Russia,RUS,Influenza,2285
2025-08-31,Russia,RUS,Influenza,2021
2025-09-07,Russia,RUS,Influenza,2233
2025-09-14,Russia,RUS,Influenza,2813
2025-09-21,Russia,RUS,Influenza,4339
2025-09-28,Russia,RUS,Influenza,4523
2025-10-05,Russia,RUS,Influenza,5115
2025-10-12,Russia,RUS,Influenza,8002
2025-10-19,Russia,RUS,Influenza,11307
2025-10-26,Russia,RUS,Influenza,10606
2025-11-02,Russia,RUS,Influenza,14430
2025-11-09,Russia,RUS,Influenza,16403
2025-11-16,Russia,RUS,Influenza,14814
2025-11-23,Russia,RUS,Influenza,18484
2025-11-30,Russia,RUS,Influenza,16545
2025-12-07,Russia,RUS,Influenza,21763
2025-12-14,Russia,RUS,Influenza,21972
2025-12-21,Russia,RUS,Influenza,24255
2025-12-28,Russia,RUS,Influenza,24047
2026-01-04,Russia,RUS,Influenza,26835
2026-01-11,Russia,RUS,Influenza,30910
2026-01-18,Russia,RUS,Influenza,28305
2026-01-25,Russia,RUS,Influenza,20620
2026-02-01,Russia,RUS,Influenza,24904
2026-02-08,Russia,RUS,Influenza,20919
2026-02-15,Russia,RUS,Influenza,26760
2026-02-22,Russia,RUS,Influenza,26081
2026-03-01,Russia,RUS,Influenza,23318
2026-03-08,Russia,RUS,Influenza,18066
2026-03-15,Russia,RUS,Influenza,19093
2026-03-22,Russia,RUS,Influenza,15145
2026-03-29,Russia,RUS,Influenza,11773
2026-04-05,Russia,RUS,Influenza,13532
2026-04-12,Russia,RUS,Influenza,11545
2026-04-19,Russia,RUS,Influenza,9774
2026-04-26,Russia,RUS,Influenza,6385
2026-05-03,Russia,RUS,Influenza,6720
2026-05-10,Russia,RUS,Influenza,4273
2026-05-17,Russia,RUS,Influenza,4103
2026-05-24,Russia,RUS,Influenza,2827
2026-05-31,Russia,RUS,Influenza,2482
2026-06-07,Russia,RUS,Influenza,1419
2026-06-14,Russia,RUS,Influenza,1922
2026-06-21,Russia,RUS,Influenza,1916
2026-06-28,Russia,RUS,Influenza,1717
2026-07-05,Russia,RUS,Influenza,2283
2026-07-12,Russia,RUS,Influenza,1488
2026-07-19,Russia,RUS,Influenza,1649
2026-07-26,Russia,RUS,Influenza,1557
2026-08-02,Russia,RUS,Influenza,1654
2026-08-09,Russia,RUS,Influenza,2113
2026-08-16,Russia,RUS,Influenza,2309
2026-08-23,Russia,RUS,Influenza,1801
2026-08-30,Russia,RUS,Influenza,1987
2026-09-06,Russia,RUS,Influenza,2122
2026-09-13,Russia,RUS,Influenza,3662
2026-09-20,Russia,RUS,Influenza,4365
2026-09-27,Russia,RUS,Influenza,4542
2026-10-04,Russia,RUS,Influenza,4514
2024-10-13,Russia,RUS,COVID-19,1738
2024-10-20,Russia,RUS,COVID-19,2218
2024-10-27,Russia,RUS,COVID-19,2342
2024-11-03,Russia,RUS,COVID-19,1495
2024-11-10,Russia,RUS,COVID-19,2065
2024-11-17,Russia,RUS,COVID-19,2704
2024-11-24,Russia,RUS,COVID-19,2115
2024-12-01,Russia,RUS,COVID-19,2697
2024-12-08,Russia,RUS,COVID-19,2451
2024-12-15,Russia,RUS,COVID-19,1908
2024-12-22,Russia,RUS,COVID-19,2244
2024-12-29,Russia,RUS,COVID-19,2399
2025-01-05,Russia,RUS,COVID-19,2218
2025-01-12,Russia,RUS,COVID-19,2377
2025-01-19,Russia,RUS,COVID-19,3726
2025-01-26,Russia,RUS,COVID-19,2876
2025-02-02,Russia,RUS,COVID-19,4390
2025-02-09,Russia,RUS,COVID-19,3988
2025-02-16,Russia,RUS,COVID-19,4809
2025-02-23,Russia,RUS,COVID-19,5904
2025-03-02,Russia,RUS,COVID-19,5548
2025-03-09,Russia,RUS,COVID-19,7319
2025-03-16,Russia,RUS,COVID-19,5097
2025-03-23,Russia,RUS,COVID-19,8405
2025-03-30,Russia,RUS,COVID-19,5224
2025-04-06,Russia,RUS,COVID-19,8266
2025-04-13,Russia,RUS,COVID-19,9754
2025-04-20,Russia,RUS,COVID-19,9356
2025-04-27,Russia,RUS,COVID-19,6680
2025-05-04,Russia,RUS,COVID-19,6501
2025-05-11,Russia,RUS,COVID-19,6595
2025-05-18,Russia,RUS,COVID-19,6933
2025-05-25,Russia,RUS,COVID-19,4237
2025-06-01,Russia,RUS,COVID-19,5435
2025-06-08,Russia,RUS,COVID-19,5054
2025-06-15,Russia,RUS,COVID-19,4087
2025-06-22,Russia,RUS,COVID-19,4079
2025-06-29,Russia,RUS,COVID-19,3487
2025-07-06,Russia,RUS,COVID-19,2799
2025-07-13,Russia,RUS,COVID-19,1982
2025-07-20,Russia,RUS,COVID-19,2659
2025-07-27,Russia,RUS,COVID-19,2123
2025-08-03,Russia,RUS,COVID-19,2189
2025-08-10,Russia,RUS,COVID-19,2526
2025-08-17,Russia,RUS,COVID-19,2854
2025-08-24,Russia,RUS,COVID-19,2371
2025-08-31,Russia,RUS,COVID-19,2656
2025-09-07,Russia,RUS,COVID-19,2004
2025-09-14,Russia,RUS,COVID-19,2810
2025-09-21,Russia,RUS,COVID-19,2889
2025-09-28,Russia,RUS,COVID-19,3768
2025-10-05,Russia,RUS,COVID-19,3232
2025-10-12,Russia,RUS,COVID-19,3784
2025-10-19,Russia,RUS,COVID-19,5116
2025-10-26,Russia,RUS,COVID-19,4912
2025-11-02,Russia,RUS,COVID-19,4683
2025-11-09,Russia,RUS,COVID-19,8729
2025-11-16,Russia,RUS,COVID-19,5907
2025-11-23,Russia,RUS,COVID-19,7719
2025-11-30,Russia,RUS,COVID-19,8969
2025-12-07,Russia,RUS,COVID-19,9576
2025-12-14,Russia,RUS,COVID-19,9524
2025-12-21,Russia,RUS,COVID-19,9997
2025-12-28,Russia,RUS,COVID-19,10243
2026-01-04,Russia,RUS,COVID-19,8982
2026-01-11,Russia,RUS,COVID-19,14263
2026-01-18,Russia,RUS,COVID-19,10257
2026-01-25,Russia,RUS,COVID-19,11185
2026-02-01,Russia,RUS,COVID-19,9290
2026-02-08,Russia,RUS,COVID-19,8692
2026-02-15,Russia,RUS,COVID-19,7917
2026-02-22,Russia,RUS,COVID-19,5960
2026-03-01,Russia,RUS,COVID-19,6848
2026-03-08,Russia,RUS,COVID-19,5900
2026-03-15,Russia,RUS,COVID-19,6573
2026-03-22,Russia,RUS,COVID-19,4067
2026-03-29,Russia,RUS,COVID-19,4013
2026-04-05,Russia,RUS,COVID-19,3382
2026-04-12,Russia,RUS,COVID-19,4258
2026-04-19,Russia,RUS,COVID-19,2755
2026-04-26,Russia,RUS,COVID-19,3149
2026-05-03,Russia,RUS,COVID-19,3095
2026-05-10,Russia,RUS,COVID-19,2498
2026-05-17,Russia,RUS,COVID-19,1951
2026-05-24,Russia,RUS,COVID-19,1921
2026-05-31,Russia,RUS,COVID-19,2746
2026-06-07,Russia,RUS,COVID-19,2049
2026-06-14,Russia,RUS,COVID-19,2884
2026-06-21,Russia,RUS,COVID-19,3100
2026-06-28,Russia,RUS,COVID-19,3720
2026-07-05,Russia,RUS,COVID-19,4438
2026-07-12,Russia,RUS,COVID-19,4208
2026-07-19,Russia,RUS,COVID-19,4870
2026-07-26,Russia,RUS,COVID-19,7176
2026-08-02,Russia,RUS,COVID-19,6439
2026-08-09,Russia,RUS,COVID-19,4399
2026-08-16,Russia,RUS,COVID-19,8283
2026-08-23,Russia,RUS,COVID-19,6148
2026-08-30,Russia,RUS,COVID-19,7201
2026-09-06,Russia,RUS,COVID-19,7243
2026-09-13,Russia,RUS,COVID-19,5191
2026-09-20,Russia,RUS,COVID-19,5049
2026-09-27,Russia,RUS,COVID-19,3798
2026-10-04,Russia,RUS,COVID-19,3930
2024-10-13,Nigeria,NGA,Dengue,11815
2024-10-20,Nigeria,NGA,Dengue,11894
2024-10-27,Nigeria,NGA,Dengue,9422
2024-11-03,Nigeria,NGA,Dengue,10040
2024-11-10,Nigeria,NGA,Dengue,6950
2024-11-17,Nigeria,NGA,Dengue,8319
2024-11-24,Nigeria,NGA,Dengue,7047
2024-12-01,Nigeria,NGA,Dengue,4634
2024-12-08,Nigeria,NGA,Dengue,3970
2024-12-15,Nigeria,NGA,Dengue,3553
2024-12-22,Nigeria,NGA,Dengue,2046
2024-12-29,Nigeria,NGA,Dengue,1674
2025-01-05,Nigeria,NGA,Dengue,2123
2025-01-12,Nigeria,NGA,Dengue,1644
2025-01-19,Nigeria,NGA,Dengue,1396
2025-01-26,Nigeria,NGA,Dengue,1367
2025-02-02,Nigeria,NGA,Dengue,849
2025-02-09,Nigeria,NGA,Dengue,1266
2025-02-16,Nigeria,NGA,Dengue,1151
2025-02-23,Nigeria,NGA,Dengue,1477
2025-03-02,Nigeria,NGA,Dengue,1494
2025-03-09,Nigeria,NGA,Dengue,1416
2025-03-16,Nigeria,NGA,Dengue,1383
2025-03-23,Nigeria,NGA,Dengue,1014
2025-03-30,Nigeria,NGA,Dengue,1429
2025-04-06,Nigeria,NGA,Dengue,1449
2025-04-13,Nigeria,NGA,Dengue,1600
2025-04-20,Nigeria,NGA,Dengue,1840
2025-04-27,Nigeria,NGA,Dengue,1108
2025-05-04,Nigeria,NGA,Dengue,1534
2025-05-11,Nigeria,NGA,Dengue,1643
2025-05-18,Nigeria,NGA,Dengue,2222
2025-05-25,Nigeria,NGA,Dengue,2602
2025-06-01,Nigeria,NGA,Dengue,3045
2025-06-08,Nigeria,NGA,Dengue,4447
2025-06-15,Nigeria,NGA,Dengue,3916
2025-06-22,Nigeria,NGA,Dengue,4778
2025-06-29,Nigeria,NGA,Dengue,5714
2025-07-06,Nigeria,NGA,Dengue,7504
2025-07-13,Nigeria,NGA,Dengue,7483
2025-07-20,Nigeria,NGA,Dengue,10357
2025-07-27,Nigeria,NGA,Dengue,11376
2025-08-03,Nigeria,NGA,Dengue,11310
2025-08-10,Nigeria,NGA,Dengue,15673
2025-08-17,Nigeria,NGA,Dengue,14590
2025-08-24,Nigeria,NGA,Dengue,17829
2025-08-31,Nigeria,NGA,Dengue,15335
2025-09-07,Nigeria,NGA,Dengue,15901
2025-09-14,Nigeria,NGA,Dengue,14517
2025-09-21,Nigeria,NGA,Dengue,15475
2025-09-28,Nigeria,NGA,Dengue,16474
2025-10-05,Nigeria,NGA,Dengue,13193
2025-10-12,Nigeria,NGA,Dengue,14075
2025-10-19,Nigeria,NGA,Dengue,10471
2025-10-26,Nigeria,NGA,Dengue,11922
2025-11-02,Nigeria,NGA,Dengue,8624
2025-11-09,Nigeria,NGA,Dengue,9245
2025-11-16,Nigeria,NGA,Dengue,7066
2025-11-23,Nigeria,NGA,Dengue,7239
2025-11-30,Nigeria,NGA,Dengue,4053
2025-12-07,Nigeria,NGA,Dengue,3146
2025-12-14,Nigeria,NGA,Dengue,3015
2025-12-21,Nigeria,NGA,Dengue,2173
2025-12-28,Nigeria,NGA,Dengue,1820
2026-01-04,Nigeria,NGA,Dengue,2151
2026-01-11,Nigeria,NGA,Dengue,1738
2026-01-18,Nigeria,NGA,Dengue,1477
2026-01-25,Nigeria,NGA,Dengue,1415
2026-02-01,Nigeria,NGA,Dengue,1325
2026-02-08,Nigeria,NGA,Dengue,1790
2026-02-15,Nigeria,NGA,Dengue,1271
2026-02-22,Nigeria,NGA,Dengue,1145
2026-03-01,Nigeria,NGA,Dengue,1601
2026-03-08,Nigeria,NGA,Dengue,1387
2026-03-15,Nigeria,NGA,Dengue,1874
2026-03-22,Nigeria,NGA,Dengue,1325
2026-03-29,Nigeria,NGA,Dengue,1626
2026-04-05,Nigeria,NGA,Dengue,1691
2026-04-12,Nigeria,NGA,Dengue,1366
2026-04-19,Nigeria,NGA,Dengue,1364
2026-04-26,Nigeria,NGA,Dengue,1812
2026-05-03,Nigeria,NGA,Dengue,1943
2026-05-10,Nigeria,NGA,Dengue,1601
2026-05-17,Nigeria,NGA,Dengue,1975
2026-05-24,Nigeria,NGA,Dengue,1766
2026-05-31,Nigeria,NGA,Dengue,3773
2026-06-07,Nigeria,NGA,Dengue,4063
2026-06-14,Nigeria,NGA,Dengue,5022
2026-06-21,Nigeria,NGA,Dengue,4635
2026-06-28,Nigeria,NGA,Dengue,6185
2026-07-05,Nigeria,NGA,Dengue,8075
2026-07-12,Nigeria,NGA,Dengue,9044
2026-07-19,Nigeria,NGA,Dengue,11640
2026-07-26,Nigeria,NGA,Dengue,13906
2026-08-02,Nigeria,NGA,Dengue,18838
2026-08-09,Nigeria,NGA,Dengue,15138
2026-08-16,Nigeria,NGA,Dengue,18827
2026-08-23,Nigeria,NGA,Dengue,14748
2026-08-30,Nigeria,NGA,Dengue,12955
2026-09-06,Nigeria,NGA,Dengue,16552
2026-09-13,Nigeria,NGA,Dengue,13199
2026-09-20,Nigeria,NGA,Dengue,16996
2026-09-27,Nigeria,NGA,Dengue,14384
2026-10-04,Nigeria,NGA,Dengue,10877
2024-10-13,Nigeria,NGA,Influenza,4339
2024-10-20,Nigeria,NGA,Influenza,2762
2024-10-27,Nigeria,NGA,Influenza,1965
2024-11-03,Nigeria,NGA,Influenza,2554
2024-11-10,Nigeria,NGA,Influenza,1734
2024-11-17,Nigeria,NGA,Influenza,1970
2024-11-24,Nigeria,NGA,Influenza,1326
2024-12-01,Nigeria,NGA,Influenza,1225
2024-12-08,Nigeria,NGA,Influenza,1282
2024-12-15,Nigeria,NGA,Influenza,1242
2024-12-22,Nigeria,NGA,Influenza,1217
2024-12-29,Nigeria,NGA,Influenza,1048
2025-01-05,Nigeria,NGA,Influenza,1132
2025-01-12,Nigeria,NGA,Influenza,1160
2025-01-19,Nigeria,NGA,Influenza,1073
2025-01-26,Nigeria,NGA,Influenza,1020
2025-02-02,Nigeria,NGA,Influenza,816
2025-02-09,Nigeria,NGA,Influenza,1137
2025-02-16,Nigeria,NGA,Influenza,1055
2025-02-23,Nigeria,NGA,Influenza,997
2025-03-02,Nigeria,NGA,Influenza,1300
2025-03-09,Nigeria,NGA,Influenza,896
2025-03-16,Nigeria,NGA,Influenza,1520
2025-03-23,Nigeria,NGA,Influenza,1329
2025-03-30,Nigeria,NGA,Influenza,1561
2025-04-06,Nigeria,NGA,Influenza,1593
2025-04-13,Nigeria,NGA,Influenza,1460
2025-04-20,Nigeria,NGA,Influenza,2204
2025-04-27,Nigeria,NGA,Influenza,2736
2025-05-04,Nigeria,NGA,Influenza,3309
2025-05-11,Nigeria,NGA,Influenza,3340
2025-05-18,Nigeria,NGA,Influenza,2624
2025-05-25,Nigeria,NGA,Influenza,3379
2025-06-01,Nigeria,NGA,Influenza,6389
2025-06-08,Nigeria,NGA,Influenza,4486
2025-06-15,Nigeria,NGA,Influenza,7066
2025-06-22,Nigeria,NGA,Influenza,5362
2025-06-29,Nigeria,NGA,Influenza,6418
2025-07-06,Nigeria,NGA,Influenza,7541
2025-07-13,Nigeria,NGA,Influenza,6238
2025-07-20,Nigeria,NGA,Influenza,8979
2025-07-27,Nigeria,NGA,Influenza,7377
2025-08-03,Nigeria,NGA,Influenza,7749
2025-08-10,Nigeria,NGA,Influenza,6828
2025-08-17,Nigeria,NGA,Influenza,7575
2025-08-24,Nigeria,NGA,Influenza,8161
2025-08-31,Nigeria,NGA,Influenza,6113
2025-09-07,Nigeria,NGA,Influenza,7331
2025-09-14,Nigeria,NGA,Influenza,4873
2025-09-21,Nigeria,NGA,Influenza,5445
2025-09-28,Nigeria,NGA,Influenza,4718
2025-10-05,Nigeria,NGA,Influenza,3283
2025-10-12,Nigeria,NGA,Influenza,3553
2025-10-19,Nigeria,NGA,Influenza,3008
2025-10-26,Nigeria,NGA,Influenza,2272
2025-11-02,Nigeria,NGA,Influenza,2372
2025-11-09,Nigeria,NGA,Influenza,1989
2025-11-16,Nigeria,NGA,Influenza,1675
2025-11-23,Nigeria,NGA,Influenza,1474
2025-11-30,Nigeria,NGA,Influenza,1316
2025-12-07,Nigeria,NGA,Influenza,1152
2025-12-14,Nigeria,NGA,Influenza,1165
2025-12-21,Nigeria,NGA,Influenza,986
2025-12-28,Nigeria,NGA,Influenza,1486
2026-01-04,Nigeria,NGA,Influenza,827
2026-01-11,Nigeria,NGA,Influenza,952
2026-01-18,Nigeria,NGA,Influenza,963
2026-01-25,Nigeria,NGA,Influenza,1361
2026-02-01,Nigeria,NGA,Influenza,836
2026-02-08,Nigeria,NGA,Influenza,1110
2026-02-15,Nigeria,NGA,Influenza,1088
2026-02-22,Nigeria,NGA,Influenza,1116
2026-03-01,Nigeria,NGA,Influenza,1293
2026-03-08,Nigeria,NGA,Influenza,1349
2026-03-15,Nigeria,NGA,Influenza,1137
2026-03-22,Nigeria,NGA,Influenza,1372
2026-03-29,Nigeria,NGA,Influenza,1073
2026-04-05,Nigeria,NGA,Influenza,1718
2026-04-12,Nigeria,NGA,Influenza,1715
2026-04-19,Nigeria,NGA,Influenza,2188
2026-04-26,Nigeria,NGA,Influenza,1946
2026-05-03,Nigeria,NGA,Influenza,3187
2026-05-10,Nigeria,NGA,Influenza,2566
2026-05-17,Nigeria,NGA,Influenza,3997
2026-05-24,Nigeria,NGA,Influenza,3587
2026-05-31,Nigeria,NGA,Influenza,4262
2026-06-07,Nigeria,NGA,Influenza,6294
2026-06-14,Nigeria,NGA,Influenza,6334
2026-06-21,Nigeria,NGA,Influenza,7311
2026-06-28,Nigeria,NGA,Influenza,8142
2026-07-05,Nigeria,NGA,Influenza,6095
2026-07-12,Nigeria,NGA,Influenza,8713
2026-07-19,Nigeria,NGA,Influenza,5655
2026-07-26,Nigeria,NGA,Influenza,8110
2026-08-02,Nigeria,NGA,Influenza,6712
2026-08-09,Nigeria,NGA,Influenza,6121
2026-08-16,Nigeria,NGA,Influenza,7530
2026-08-23,Nigeria,NGA,Influenza,7533
2026-08-30,Nigeria,NGA,Influenza,7092
2026-09-06,Nigeria,NGA,Influenza,6008
2026-09-13,Nigeria,NGA,Influenza,5471
2026-09-20,Nigeria,NGA,Influenza,5271
2026-09-27,Nigeria,NGA,Influenza,4595
2026-10-04,Nigeria,NGA,Influenza,4227
2024-10-13,Nigeria,NGA,COVID-19,2578
2024-10-20,Nigeria,NGA,COVID-19,2818
2024-10-27,Nigeria,NGA,COVID-19,1892
2024-11-03,Nigeria,NGA,COVID-19,2456
2024-11-10,Nigeria,NGA,COVID-19,1989
2024-11-17,Nigeria,NGA,COVID-19,2622
2024-11-24,Nigeria,NGA,COVID-19,3153
2024-12-01,Nigeria,NGA,COVID-19,2369
2024-12-08,Nigeria,NGA,COVID-19,2633
2024-12-15,Nigeria,NGA,COVID-19,2935
2024-12-22,Nigeria,NGA,COVID-19,1873
2024-12-29,Nigeria,NGA,COVID-19,2609
2025-01-05,Nigeria,NGA,COVID-19,3158
2025-01-12,Nigeria,NGA,COVID-19,1820
2025-01-19,Nigeria,NGA,COVID-19,3001
2025-01-26,Nigeria,NGA,COVID-19,4542
2025-02-02,Nigeria,NGA,COVID-19,5029
2025-02-09,Nigeria,NGA,COVID-19,5213
2025-02-16,Nigeria,NGA,COVID-19,6324
2025-02-23,Nigeria,NGA,COVID-19,6503
2025-03-02,Nigeria,NGA,COVID-19,7638
2025-03-09,Nigeria,NGA,COVID-19,7433
2025-03-16,Nigeria,NGA,COVID-19,8656
2025-03-23,Nigeria,NGA,COVID-19,8256
2025-03-30,Nigeria,NGA,COVID-19,11416
2025-04-06,Nigeria,NGA,COVID-19,12159
2025-04-13,Nigeria,NGA,COVID-19,12073
2025-04-20,Nigeria,NGA,COVID-19,9293
2025-04-27,Nigeria,NGA,COVID-19,8224
2025-05-04,Nigeria,NGA,COVID-19,10869
2025-05-11,Nigeria,NGA,COVID-19,9202
2025-05-18,Nigeria,NGA,COVID-19,8187
2025-05-25,Nigeria,NGA,COVID-19,6381
2025-06-01,Nigeria,NGA,COVID-19,6702
2025-06-08,Nigeria,NGA,COVID-19,4676
2025-06-15,Nigeria,NGA,COVID-19,5407
2025-06-22,Nigeria,NGA,COVID-19,5279
2025-06-29,Nigeria,NGA,COVID-19,4857
2025-07-06,Nigeria,NGA,COVID-19,3898
2025-07-13,Nigeria,NGA,COVID-19,2562
2025-07-20,Nigeria,NGA,COVID-19,3105
2025-07-27,Nigeria,NGA,COVID-19,3786
2025-08-03,Nigeria,NGA,COVID-19,2411
2025-08-10,Nigeria,NGA,COVID-19,2702
2025-08-17,Nigeria,NGA,COVID-19,3300
2025-08-24,Nigeria,NGA,COVID-19,3014
2025-08-31,Nigeria,NGA,COVID-19,3892
2025-09-07,Nigeria,NGA,COVID-19,2634
2025-09-14,Nigeria,NGA,COVID-19,2670
2025-09-21,Nigeria,NGA,COVID-19,3992
2025-09-28,Nigeria,NGA,COVID-19,3020
2025-10-05,Nigeria,NGA,COVID-19,3948
2025-10-12,Nigeria,NGA,COVID-19,4498
2025-10-19,Nigeria,NGA,COVID-19,5901
2025-10-26,Nigeria,NGA,COVID-19,6293
2025-11-02,Nigeria,NGA,COVID-19,6944
2025-11-09,Nigeria,NGA,COVID-19,6862
2025-11-16,Nigeria,NGA,COVID-19,9638
2025-11-23,Nigeria,NGA,COVID-19,14428
2025-11-30,Nigeria,NGA,COVID-19,10886
2025-12-07,Nigeria,NGA,COVID-19,10810
2025-12-14,Nigeria,NGA,COVID-19,9133
2025-12-21,Nigeria,NGA,COVID-19,10758
2025-12-28,Nigeria,NGA,COVID-19,11889
2026-01-04,Nigeria,NGA,COVID-19,11479
2026-01-11,Nigeria,NGA,COVID-19,12446
2026-01-18,Nigeria,NGA,COVID-19,15543
2026-01-25,Nigeria,NGA,COVID-19,14098
2026-02-01,Nigeria,NGA,COVID-19,11046
2026-02-08,Nigeria,NGA,COVID-19,8696
2026-02-15,Nigeria,NGA,COVID-19,11803
2026-02-22,Nigeria,NGA,COVID-19,8917
2026-03-01,Nigeria,NGA,COVID-19,6016
2026-03-08,Nigeria,NGA,COVID-19,8047
2026-03-15,Nigeria,NGA,COVID-19,7463
2026-03-22,Nigeria,NGA,COVID-19,3648
2026-03-29,Nigeria,NGA,COVID-19,4454
2026-04-05,Nigeria,NGA,COVID-19,4446
2026-04-12,Nigeria,NGA,COVID-19,4496
2026-04-19,Nigeria,NGA,COVID-19,3382
2026-04-26,Nigeria,NGA,COVID-19,2941
2026-05-03,Nigeria,NGA,COVID-19,3467
2026-05-10,Nigeria,NGA,COVID-19,2748
2026-05-17,Nigeria,NGA,COVID-19,3075
2026-05-24,Nigeria,NGA,COVID-19,2328
2026-05-31,Nigeria,NGA,COVID-19,2243
2026-06-07,Nigeria,NGA,COVID-19,3255
2026-06-14,Nigeria,NGA,COVID-19,3270
2026-06-21,Nigeria,NGA,COVID-19,4014
2026-06-28,Nigeria,NGA,COVID-19,3747
2026-07-05,Nigeria,NGA,COVID-19,4223
2026-07-12,Nigeria,NGA,COVID-19,6817
2026-07-19,Nigeria,NGA,COVID-19,5092
2026-07-26,Nigeria,NGA,COVID-19,8906
2026-08-02,Nigeria,NGA,COVID-19,9856
2026-08-09,Nigeria,NGA,COVID-19,9781
2026-08-16,Nigeria,NGA,COVID-19,7832
2026-08-23,Nigeria,NGA,COVID-19,7390
2026-08-30,Nigeria,NGA,COVID-19,7539
2026-09-06,Nigeria,NGA,COVID-19,5585
2026-09-13,Nigeria,NGA,COVID-19,5126
2026-09-20,Nigeria,NGA,COVID-19,5574
2026-09-27,Nigeria,NGA,COVID-19,4713
2026-10-04,Nigeria,NGA,COVID-19,3094
2024-10-13,Kenya,KEN,Dengue,2142
2024-10-20,Kenya,KEN,Dengue,2246
2024-10-27,Kenya,KEN,Dengue,1785
2024-11-03,Kenya,KEN,Dengue,1682
2024-11-10,Kenya,KEN,Dengue,1350
2024-11-17,Kenya,KEN,Dengue,1235
2024-11-24,Kenya,KEN,Dengue,731
2024-12-01,Kenya,KEN,Dengue,740
2024-12-08,Kenya,KEN,Dengue,618
2024-12-15,Kenya,KEN,Dengue,492
2024-12-22,Kenya,KEN,Dengue,450
2024-12-29,Kenya,KEN,Dengue,387
2025-01-05,Kenya,KEN,Dengue,321
2025-01-12,Kenya,KEN,Dengue,261
2025-01-19,Kenya,KEN,Dengue,218
2025-01-26,Kenya,KEN,Dengue,269
2025-02-02,Kenya,KEN,Dengue,236
2025-02-09,Kenya,KEN,Dengue,187
2025-02-16,Kenya,KEN,Dengue,214
2025-02-23,Kenya,KEN,Dengue,163
2025-03-02,Kenya,KEN,Dengue,222
2025-03-09,Kenya,KEN,Dengue,214
2025-03-16,Kenya,KEN,Dengue,202
2025-03-23,Kenya,KEN,Dengue,275
2025-03-30,Kenya,KEN,Dengue,184
2025-04-06,Kenya,KEN,Dengue,248
2025-04-13,Kenya,KEN,Dengue,304
2025-04-20,Kenya,KEN,Dengue,275
2025-04-27,Kenya,KEN,Dengue,250
2025-05-04,Kenya,KEN,Dengue,229
2025-05-11,Kenya,KEN,Dengue,249
2025-05-18,Kenya,KEN,Dengue,345
2025-05-25,Kenya,KEN,Dengue,395
2025-06-01,Kenya,KEN,Dengue,477
2025-06-08,Kenya,KEN,Dengue,621
2025-06-15,Kenya,KEN,Dengue,783
2025-06-22,Kenya,KEN,Dengue,1030
2025-06-29,Kenya,KEN,Dengue,932
2025-07-06,Kenya,KEN,Dengue,1207
2025-07-13,Kenya,KEN,Dengue,1518
2025-07-20,Kenya,KEN,Dengue,1717
2025-07-27,Kenya,KEN,Dengue,2523
2025-08-03,Kenya,KEN,Dengue,2250
2025-08-10,Kenya,KEN,Dengue,1781
2025-08-17,Kenya,KEN,Dengue,2652
2025-08-24,Kenya,KEN,Dengue,2821
2025-08-31,Kenya,KEN,Dengue,2628
2025-09-07,Kenya,KEN,Dengue,2213
2025-09-14,Kenya,KEN,Dengue,3397
2025-09-21,Kenya,KEN,Dengue,2205
2025-09-28,Kenya,KEN,Dengue,2773
2025-10-05,Kenya,KEN,Dengue,2455
2025-10-12,Kenya,KEN,Dengue,2414
2025-10-19,Kenya,KEN,Dengue,2539
2025-10-26,Kenya,KEN,Dengue,1968
2025-11-02,Kenya,KEN,Dengue,1467
2025-11-09,Kenya,KEN,Dengue,1620
2025-11-16,Kenya,KEN,Dengue,1075
2025-11-23,Kenya,KEN,Dengue,1024
2025-11-30,Kenya,KEN,Dengue,670
2025-12-07,Kenya,KEN,Dengue,579
2025-12-14,Kenya,KEN,Dengue,567
2025-12-21,Kenya,KEN,Dengue,491
2025-12-28,Kenya,KEN,Dengue,290
2026-01-04,Kenya,KEN,Dengue,359
2026-01-11,Kenya,KEN,Dengue,259
2026-01-18,Kenya,KEN,Dengue,322
2026-01-25,Kenya,KEN,Dengue,241
2026-02-01,Kenya,KEN,Dengue,205
2026-02-08,Kenya,KEN,Dengue,246
2026-02-15,Kenya,KEN,Dengue,209
2026-02-22,Kenya,KEN,Dengue,288
2026-03-01,Kenya,KEN,Dengue,243
2026-03-08,Kenya,KEN,Dengue,237
2026-03-15,Kenya,KEN,Dengue,265
2026-03-22,Kenya,KEN,Dengue,207
2026-03-29,Kenya,KEN,Dengue,197
2026-04-05,Kenya,KEN,Dengue,262
2026-04-12,Kenya,KEN,Dengue,210
2026-04-19,Kenya,KEN,Dengue,217
2026-04-26,Kenya,KEN,Dengue,311
2026-05-03,Kenya,KEN,Dengue,327
2026-05-10,Kenya,KEN,Dengue,280
2026-05-17,Kenya,KEN,Dengue,366
2026-05-24,Kenya,KEN,Dengue,418
2026-05-31,Kenya,KEN,Dengue,744
2026-06-07,Kenya,KEN,Dengue,814
2026-06-14,Kenya,KEN,Dengue,818
2026-06-21,Kenya,KEN,Dengue,1144
2026-06-28,Kenya,KEN,Dengue,1000
2026-07-05,Kenya,KEN,Dengue,1326
2026-07-12,Kenya,KEN,Dengue,1732
2026-07-19,Kenya,KEN,Dengue,2071
2026-07-26,Kenya,KEN,Dengue,2136
2026-08-02,Kenya,KEN,Dengue,2471
2026-08-09,Kenya,KEN,Dengue,2604
2026-08-16,Kenya,KEN,Dengue,2667
2026-08-23,Kenya,KEN,Dengue,2729
2026-08-30,Kenya,KEN,Dengue,2746
2026-09-06,Kenya,KEN,Dengue,3066
2026-09-13,Kenya,KEN,Dengue,3125
2026-09-20,Kenya,KEN,Dengue,2961
2026-09-27,Kenya,KEN,Dengue,2274
2026-10-04,Kenya,KEN,Dengue,2218
2024-10-13,Kenya,KEN,Influenza,619
2024-10-20,Kenya,KEN,Influenza,622
2024-10-27,Kenya,KEN,Influenza,452
2024-11-03,Kenya,KEN,Influenza,358
2024-11-10,Kenya,KEN,Influenza,341
2024-11-17,Kenya,KEN,Influenza,238
2024-11-24,Kenya,KEN,Influenza,302
2024-12-01,Kenya,KEN,Influenza,232
2024-12-08,Kenya,KEN,Influenza,186
2024-12-15,Kenya,KEN,Influenza,189
2024-12-22,Kenya,KEN,Influenza,170
2024-12-29,Kenya,KEN,Influenza,216
2025-01-05,Kenya,KEN,Influenza,172
2025-01-12,Kenya,KEN,Influenza,181
2025-01-19,Kenya,KEN,Influenza,192
2025-01-26,Kenya,KEN,Influenza,157
2025-02-02,Kenya,KEN,Influenza,182
2025-02-09,Kenya,KEN,Influenza,184
2025-02-16,Kenya,KEN,Influenza,136
2025-02-23,Kenya,KEN,Influenza,187
2025-03-02,Kenya,KEN,Influenza,184
2025-03-09,Kenya,KEN,Influenza,197
2025-03-16,Kenya,KEN,Influenza,208
2025-03-23,Kenya,KEN,Influenza,235
2025-03-30,Kenya,KEN,Influenza,303
2025-04-06,Kenya,KEN,Influenza,236
2025-04-13,Kenya,KEN,Influenza,313
2025-04-20,Kenya,KEN,Influenza,420
2025-04-27,Kenya,KEN,Influenza,473
2025-05-04,Kenya,KEN,Influenza,544
2025-05-11,Kenya,KEN,Influenza,825
2025-05-18,Kenya,KEN,Influenza,724
2025-05-25,Kenya,KEN,Influenza,872
2025-06-01,Kenya,KEN,Influenza,790
2025-06-08,Kenya,KEN,Influenza,774
2025-06-15,Kenya,KEN,Influenza,940
2025-06-22,Kenya,KEN,Influenza,1170
2025-06-29,Kenya,KEN,Influenza,1187
2025-07-06,Kenya,KEN,Influenza,1240
2025-07-13,Kenya,KEN,Influenza,1167
2025-07-20,Kenya,KEN,Influenza,1160
2025-07-27,Kenya,KEN,Influenza,1203
2025-08-03,Kenya,KEN,Influenza,1362
2025-08-10,Kenya,KEN,Influenza,1358
2025-08-17,Kenya,KEN,Influenza,992
2025-08-24,Kenya,KEN,Influenza,1247
2025-08-31,Kenya,KEN,Influenza,954
2025-09-07,Kenya,KEN,Influenza,1056
2025-09-14,Kenya,KEN,Influenza,883
2025-09-21,Kenya,KEN,Influenza,1023
2025-09-28,Kenya,KEN,Influenza,698
2025-10-05,Kenya,KEN,Influenza,681
2025-10-12,Kenya,KEN,Influenza,637
2025-10-19,Kenya,KEN,Influenza,443
2025-10-26,Kenya,KEN,Influenza,437
2025-11-02,Kenya,KEN,Influenza,366
2025-11-09,Kenya,KEN,Influenza,305
2025-11-16,Kenya,KEN,Influenza,268
2025-11-23,Kenya,KEN,Influenza,295
2025-11-30,Kenya,KEN,Influenza,206
2025-12-07,Kenya,KEN,Influenza,224
2025-12-14,Kenya,KEN,Influenza,203
2025-12-21,Kenya,KEN,Influenza,146
2025-12-28,Kenya,KEN,Influenza,194
2026-01-04,Kenya,KEN,Influenza,140
2026-01-11,Kenya,KEN,Influenza,194
2026-01-18,Kenya,KEN,Influenza,163
2026-01-25,Kenya,KEN,Influenza,177
2026-02-01,Kenya,KEN,Influenza,142
2026-02-08,Kenya,KEN,Influenza,180
2026-02-15,Kenya,KEN,Influenza,202
2026-02-22,Kenya,KEN,Influenza,158
2026-03-01,Kenya,KEN,Influenza,168
2026-03-08,Kenya,KEN,Influenza,207
2026-03-15,Kenya,KEN,Influenza,222
2026-03-22,Kenya,KEN,Influenza,144
2026-03-29,Kenya,KEN,Influenza,329
2026-04-05,Kenya,KEN,Influenza,310
2026-04-12,Kenya,KEN,Influenza,364
2026-04-19,Kenya,KEN,Influenza,373
2026-04-26,Kenya,KEN,Influenza,319
2026-05-03,Kenya,KEN,Influenza,561
2026-05-10,Kenya,KEN,Influenza,534
2026-05-17,Kenya,KEN,Influenza,717
2026-05-24,Kenya,KEN,Influenza,721
2026-05-31,Kenya,KEN,Influenza,858
2026-06-07,Kenya,KEN,Influenza,804
2026-06-14,Kenya,KEN,Influenza,1115
2026-06-21,Kenya,KEN,Influenza,869
2026-06-28,Kenya,KEN,Influenza,1495
2026-07-05,Kenya,KEN,Influenza,1561
2026-07-12,Kenya,KEN,Influenza,1501
2026-07-19,Kenya,KEN,Influenza,1464
2026-07-26,Kenya,KEN,Influenza,1221
2026-08-02,Kenya,KEN,Influenza,1444
2026-08-09,Kenya,KEN,Influenza,1189
2026-08-16,Kenya,KEN,Influenza,896
2026-08-23,Kenya,KEN,Influenza,1371
2026-08-30,Kenya,KEN,Influenza,1236
2026-09-06,Kenya,KEN,Influenza,982
2026-09-13,Kenya,KEN,Influenza,742
2026-09-20,Kenya,KEN,Influenza,755
2026-09-27,Kenya,KEN,Influenza,542
2026-10-04,Kenya,KEN,Influenza,757
2024-10-13,Kenya,KEN,COVID-19,322
2024-10-20,Kenya,KEN,COVID-19,442
2024-10-27,Kenya,KEN,COVID-19,371
2024-11-03,Kenya,KEN,COVID-19,334
2024-11-10,Kenya,KEN,COVID-19,441
2024-11-17,Kenya,KEN,COVID-19,405
2024-11-24,Kenya,KEN,COVID-19,483
2024-12-01,Kenya,KEN,COVID-19,350
2024-12-08,Kenya,KEN,COVID-19,388
2024-12-15,Kenya,KEN,COVID-19,287
2024-12-22,Kenya,KEN,COVID-19,309
2024-12-29,Kenya,KEN,COVID-19,609
2025-01-05,Kenya,KEN,COVID-19,666
2025-01-12,Kenya,KEN,COVID-19,553
2025-01-19,Kenya,KEN,COVID-19,522
2025-01-26,Kenya,KEN,COVID-19,631
2025-02-02,Kenya,KEN,COVID-19,838
2025-02-09,Kenya,KEN,COVID-19,772
2025-02-16,Kenya,KEN,COVID-19,981
2025-02-23,Kenya,KEN,COVID-19,1066
2025-03-02,Kenya,KEN,COVID-19,1093
2025-03-09,Kenya,KEN,COVID-19,1218
2025-03-16,Kenya,KEN,COVID-19,1506
2025-03-23,Kenya,KEN,COVID-19,1320
2025-03-30,Kenya,KEN,COVID-19,1737
2025-04-06,Kenya,KEN,COVID-19,1560
2025-04-13,Kenya,KEN,COVID-19,1728
2025-04-20,Kenya,KEN,COVID-19,2027
2025-04-27,Kenya,KEN,COVID-19,1586
2025-05-04,Kenya,KEN,COVID-19,1760
2025-05-11,Kenya,KEN,COVID-19,1055
2025-05-18,Kenya,KEN,COVID-19,1229
2025-05-25,Kenya,KEN,COVID-19,1200
2025-06-01,Kenya,KEN,COVID-19,1376
2025-06-08,Kenya,KEN,COVID-19,669
2025-06-15,Kenya,KEN,COVID-19,825
2025-06-22,Kenya,KEN,COVID-19,904
2025-06-29,Kenya,KEN,COVID-19,584
2025-07-06,Kenya,KEN,COVID-19,578
2025-07-13,Kenya,KEN,COVID-19,575
2025-07-20,Kenya,KEN,COVID-19,525
2025-07-27,Kenya,KEN,COVID-19,600
2025-08-03,Kenya,KEN,COVID-19,502
2025-08-10,Kenya,KEN,COVID-19,554
2025-08-17,Kenya,KEN,COVID-19,437
2025-08-24,Kenya,KEN,COVID-19,416
2025-08-31,Kenya,KEN,COVID-19,465
2025-09-07,Kenya,KEN,COVID-19,415
2025-09-14,Kenya,KEN,COVID-19,570
2025-09-21,Kenya,KEN,COVID-19,539
2025-09-28,Kenya,KEN,COVID-19,561
2025-10-05,Kenya,KEN,COVID-19,741
2025-10-12,Kenya,KEN,COVID-19,638
2025-10-19,Kenya,KEN,COVID-19,966
2025-10-26,Kenya,KEN,COVID-19,907
2025-11-02,Kenya,KEN,COVID-19,1293
2025-11-09,Kenya,KEN,COVID-19,1165
2025-11-16,Kenya,KEN,COVID-19,1513
2025-11-23,Kenya,KEN,COVID-19,1570
2025-11-30,Kenya,KEN,COVID-19,1859
2025-12-07,Kenya,KEN,COVID-19,1836
2025-12-14,Kenya,KEN,COVID-19,1443
2025-12-21,Kenya,KEN,COVID-19,2322
2025-12-28,Kenya,KEN,COVID-19,2055
2026-01-04,Kenya,KEN,COVID-19,2366
2026-01-11,Kenya,KEN,COVID-19,2334
2026-01-18,Kenya,KEN,COVID-19,1839
2026-01-25,Kenya,KEN,COVID-19,1737
2026-02-01,Kenya,KEN,COVID-19,2107
2026-02-08,Kenya,KEN,COVID-19,1719
2026-02-15,Kenya,KEN,COVID-19,1901
2026-02-22,Kenya,KEN,COVID-19,1482
2026-03-01,Kenya,KEN,COVID-19,1588
2026-03-08,Kenya,KEN,COVID-19,1311
2026-03-15,Kenya,KEN,COVID-19,1144
2026-03-22,Kenya,KEN,COVID-19,918
2026-03-29,Kenya,KEN,COVID-19,892
2026-04-05,Kenya,KEN,COVID-19,904
2026-04-12,Kenya,KEN,COVID-19,681
2026-04-19,Kenya,KEN,COVID-19,671
2026-04-26,Kenya,KEN,COVID-19,574
2026-05-03,Kenya,KEN,COVID-19,540
2026-05-10,Kenya,KEN,COVID-19,631
2026-05-17,Kenya,KEN,COVID-19,569
2026-05-24,Kenya,KEN,COVID-19,479
2026-05-31,Kenya,KEN,COVID-19,492
2026-06-07,Kenya,KEN,COVID-19,444
2026-06-14,Kenya,KEN,COVID-19,520
2026-06-21,Kenya,KEN,COVID-19,626
2026-06-28,Kenya,KEN,COVID-19,779
2026-07-05,Kenya,KEN,COVID-19,904
2026-07-12,Kenya,KEN,COVID-19,800
2026-07-19,Kenya,KEN,COVID-19,1283
2026-07-26,Kenya,KEN,COVID-19,1254
2026-08-02,Kenya,KEN,COVID-19,1188
2026-08-09,Kenya,KEN,COVID-19,1763
2026-08-16,Kenya,KEN,COVID-19,1806
2026-08-23,Kenya,KEN,COVID-19,1484
2026-08-30,Kenya,KEN,COVID-19,1460
2026-09-06,Kenya,KEN,COVID-19,1310
2026-09-13,Kenya,KEN,COVID-19,1228
2026-09-20,Kenya,KEN,COVID-19,956
2026-09-27,Kenya,KEN,COVID-19,583
2026-10-04,Kenya,KEN,COVID-19,810
2024-10-13,Ethiopia,ETH,Dengue,4907
2024-10-20,Ethiopia,ETH,Dengue,4103
2024-10-27,Ethiopia,ETH,Dengue,4686
2024-11-03,Ethiopia,ETH,Dengue,3684
2024-11-10,Ethiopia,ETH,Dengue,3503
2024-11-17,Ethiopia,ETH,Dengue,3169
2024-11-24,Ethiopia,ETH,Dengue,2197
2024-12-01,Ethiopia,ETH,Dengue,1662
2024-12-08,Ethiopia,ETH,Dengue,1742
2024-12-15,Ethiopia,ETH,Dengue,1245
2024-12-22,Ethiopia,ETH,Dengue,1142
2024-12-29,Ethiopia,ETH,Dengue,747
2025-01-05,Ethiopia,ETH,Dengue,772
2025-01-12,Ethiopia,ETH,Dengue,785
2025-01-19,Ethiopia,ETH,Dengue,708
2025-01-26,Ethiopia,ETH,Dengue,541
2025-02-02,Ethiopia,ETH,Dengue,490
2025-02-09,Ethiopia,ETH,Dengue,587
2025-02-16,Ethiopia,ETH,Dengue,632
2025-02-23,Ethiopia,ETH,Dengue,619
2025-03-02,Ethiopia,ETH,Dengue,539
2025-03-09,Ethiopia,ETH,Dengue,611
2025-03-16,Ethiopia,ETH,Dengue,718
2025-03-23,Ethiopia,ETH,Dengue,606
2025-03-30,Ethiopia,ETH,Dengue,445
2025-04-06,Ethiopia,ETH,Dengue,613
2025-04-13,Ethiopia,ETH,Dengue,791
2025-04-20,Ethiopia,ETH,Dengue,506
2025-04-27,Ethiopia,ETH,Dengue,670
2025-05-04,Ethiopia,ETH,Dengue,707
2025-05-11,Ethiopia,ETH,Dengue,843
2025-05-18,Ethiopia,ETH,Dengue,1001
2025-05-25,Ethiopia,ETH,Dengue,1366
2025-06-01,Ethiopia,ETH,Dengue,1435
2025-06-08,Ethiopia,ETH,Dengue,2062
2025-06-15,Ethiopia,ETH,Dengue,2070
2025-06-22,Ethiopia,ETH,Dengue,2409
2025-06-29,Ethiopia,ETH,Dengue,2728
2025-07-06,Ethiopia,ETH,Dengue,2592
2025-07-13,Ethiopia,ETH,Dengue,4291
2025-07-20,Ethiopia,ETH,Dengue,6130
2025-07-27,Ethiopia,ETH,Dengue,5600
2025-08-03,Ethiopia,ETH,Dengue,6353
2025-08-10,Ethiopia,ETH,Dengue,5838
2025-08-17,Ethiopia,ETH,Dengue,6369
2025-08-24,Ethiopia,ETH,Dengue,7927
2025-08-31,Ethiopia,ETH,Dengue,9233
2025-09-07,Ethiopia,ETH,Dengue,8767
2025-09-14,Ethiopia,ETH,Dengue,7981
2025-09-21,Ethiopia,ETH,Dengue,6994
2025-09-28,Ethiopia,ETH,Dengue,6895
2025-10-05,Ethiopia,ETH,Dengue,5601
2025-10-12,Ethiopia,ETH,Dengue,4591
2025-10-19,Ethiopia,ETH,Dengue,4451
2025-10-26,Ethiopia,ETH,Dengue,4843
2025-11-02,Ethiopia,ETH,Dengue,4057
2025-11-09,Ethiopia,ETH,Dengue,2870
2025-11-16,Ethiopia,ETH,Dengue,3127
2025-11-23,Ethiopia,ETH,Dengue,2521
2025-11-30,Ethiopia,ETH,Dengue,1814
2025-12-07,Ethiopia,ETH,Dengue,1714
2025-12-14,Ethiopia,ETH,Dengue,1420
2025-12-21,Ethiopia,ETH,Dengue,1118
2025-12-28,Ethiopia,ETH,Dengue,1175
2026-01-04,Ethiopia,ETH,Dengue,632
2026-01-11,Ethiopia,ETH,Dengue,549
2026-01-18,Ethiopia,ETH,Dengue,715
2026-01-25,Ethiopia,ETH,Dengue,685
2026-02-01,Ethiopia,ETH,Dengue,693
2026-02-08,Ethiopia,ETH,Dengue,592
2026-02-15,Ethiopia,ETH,Dengue,553
2026-02-22,Ethiopia,ETH,Dengue,641
2026-03-01,Ethiopia,ETH,Dengue,600
2026-03-08,Ethiopia,ETH,Dengue,793
2026-03-15,Ethiopia,ETH,Dengue,613
2026-03-22,Ethiopia,ETH,Dengue,641
2026-03-29,Ethiopia,ETH,Dengue,889
2026-04-05,Ethiopia,ETH,Dengue,634
2026-04-12,Ethiopia,ETH,Dengue,721
2026-04-19,Ethiopia,ETH,Dengue,756
2026-04-26,Ethiopia,ETH,Dengue,813
2026-05-03,Ethiopia,ETH,Dengue,838
2026-05-10,Ethiopia,ETH,Dengue,939
2026-05-17,Ethiopia,ETH,Dengue,1084
2026-05-24,Ethiopia,ETH,Dengue,1170
2026-05-31,Ethiopia,ETH,Dengue,1632
2026-06-07,Ethiopia,ETH,Dengue,2477
2026-06-14,Ethiopia,ETH,Dengue,2731
2026-06-21,Ethiopia,ETH,Dengue,2917
2026-06-28,Ethiopia,ETH,Dengue,3752
2026-07-05,Ethiopia,ETH,Dengue,3398
2026-07-12,Ethiopia,ETH,Dengue,4341
2026-07-19,Ethiopia,ETH,Dengue,5868
2026-07-26,Ethiopia,ETH,Dengue,7024
2026-08-02,Ethiopia,ETH,Dengue,5582
2026-08-09,Ethiopia,ETH,Dengue,6325
2026-08-16,Ethiopia,ETH,Dengue,9614
2026-08-23,Ethiopia,ETH,Dengue,7675
2026-08-30,Ethiopia,ETH,Dengue,9896
2026-09-06,Ethiopia,ETH,Dengue,8093
2026-09-13,Ethiopia,ETH,Dengue,8085
2026-09-20,Ethiopia,ETH,Dengue,7267
2026-09-27,Ethiopia,ETH,Dengue,8351
2026-10-04,Ethiopia,ETH,Dengue,8319
2024-10-13,Ethiopia,ETH,Influenza,1306
2024-10-20,Ethiopia,ETH,Influenza,1278
2024-10-27,Ethiopia,ETH,Influenza,1331
2024-11-03,Ethiopia,ETH,Influenza,991
2024-11-10,Ethiopia,ETH,Influenza,809
2024-11-17,Ethiopia,ETH,Influenza,876
2024-11-24,Ethiopia,ETH,Influenza,780
2024-12-01,Ethiopia,ETH,Influenza,559
2024-12-08,Ethiopia,ETH,Influenza,565
2024-12-15,Ethiopia,ETH,Influenza,419
2024-12-22,Ethiopia,ETH,Influenza,424
2024-12-29,Ethiopia,ETH,Influenza,486
2025-01-05,Ethiopia,ETH,Influenza,473
2025-01-12,Ethiopia,ETH,Influenza,401
2025-01-19,Ethiopia,ETH,Influenza,418
2025-01-26,Ethiopia,ETH,Influenza,393
2025-02-02,Ethiopia,ETH,Influenza,500
2025-02-09,Ethiopia,ETH,Influenza,330
2025-02-16,Ethiopia,ETH,Influenza,399
2025-02-23,Ethiopia,ETH,Influenza,344
2025-03-02,Ethiopia,ETH,Influenza,521
2025-03-09,Ethiopia,ETH,Influenza,374
2025-03-16,Ethiopia,ETH,Influenza,550
2025-03-23,Ethiopia,ETH,Influenza,746
2025-03-30,Ethiopia,ETH,Influenza,837
2025-04-06,Ethiopia,ETH,Influenza,554
2025-04-13,Ethiopia,ETH,Influenza,913
2025-04-20,Ethiopia,ETH,Influenza,861
2025-04-27,Ethiopia,ETH,Influenza,961
2025-05-04,Ethiopia,ETH,Influenza,1326
2025-05-11,Ethiopia,ETH,Influenza,1831
2025-05-18,Ethiopia,ETH,Influenza,1914
2025-05-25,Ethiopia,ETH,Influenza,1762
2025-06-01,Ethiopia,ETH,Influenza,2426
2025-06-08,Ethiopia,ETH,Influenza,1599
2025-06-15,Ethiopia,ETH,Influenza,2319
2025-06-22,Ethiopia,ETH,Influenza,2455
2025-06-29,Ethiopia,ETH,Influenza,2998
2025-07-06,Ethiopia,ETH,Influenza,3002
2025-07-13,Ethiopia,ETH,Influenza,3127
2025-07-20,Ethiopia,ETH,Influenza,3170
2025-07-27,Ethiopia,ETH,Influenza,3287
2025-08-03,Ethiopia,ETH,Influenza,3519
2025-08-10,Ethiopia,ETH,Influenza,3266
2025-08-17,Ethiopia,ETH,Influenza,2964
2025-08-24,Ethiopia,ETH,Influenza,3142
2025-08-31,Ethiopia,ETH,Influenza,3148
2025-09-07,Ethiopia,ETH,Influenza,2396
2025-09-14,Ethiopia,ETH,Influenza,2388
2025-09-21,Ethiopia,ETH,Influenza,2576
2025-09-28,Ethiopia,ETH,Influenza,1647
2025-10-05,Ethiopia,ETH,Influenza,2231
2025-10-12,Ethiopia,ETH,Influenza,1236
2025-10-19,Ethiopia,ETH,Influenza,1279
2025-10-26,Ethiopia,ETH,Influenza,1003
2025-11-02,Ethiopia,ETH,Influenza,1343
2025-11-09,Ethiopia,ETH,Influenza,808
2025-11-16,Ethiopia,ETH,Influenza,703
2025-11-23,Ethiopia,ETH,Influenza,632
2025-11-30,Ethiopia,ETH,Influenza,608
2025-12-07,Ethiopia,ETH,Influenza,521
2025-12-14,Ethiopia,ETH,Influenza,502
2025-12-21,Ethiopia,ETH,Influenza,245
2025-12-28,Ethiopia,ETH,Influenza,481
2026-01-04,Ethiopia,ETH,Influenza,472
2026-01-11,Ethiopia,ETH,Influenza,542
2026-01-18,Ethiopia,ETH,Influenza,560
2026-01-25,Ethiopia,ETH,Influenza,455
2026-02-01,Ethiopia,ETH,Influenza,525
2026-02-08,Ethiopia,ETH,Influenza,391
2026-02-15,Ethiopia,ETH,Influenza,525
2026-02-22,Ethiopia,ETH,Influenza,436
2026-03-01,Ethiopia,ETH,Influenza,403
2026-03-08,Ethiopia,ETH,Influenza,498
2026-03-15,Ethiopia,ETH,Influenza,663
2026-03-22,Ethiopia,ETH,Influenza,615
2026-03-29,Ethiopia,ETH,Influenza,819
2026-04-05,Ethiopia,ETH,Influenza,675
2026-04-12,Ethiopia,ETH,Influenza,1012
2026-04-19,Ethiopia,ETH,Influenza,912
2026-04-26,Ethiopia,ETH,Influenza,1209
2026-05-03,Ethiopia,ETH,Influenza,1393
2026-05-10,Ethiopia,ETH,Influenza,1700
2026-05-17,Ethiopia,ETH,Influenza,1822
2026-05-24,Ethiopia,ETH,Influenza,1755
2026-05-31,Ethiopia,ETH,Influenza,2484
2026-06-07,Ethiopia,ETH,Influenza,3036
2026-06-14,Ethiopia,ETH,Influenza,2385
2026-06-21,Ethiopia,ETH,Influenza,2030
2026-06-28,Ethiopia,ETH,Influenza,3185
2026-07-05,Ethiopia,ETH,Influenza,2943
2026-07-12,Ethiopia,ETH,Influenza,3132
2026-07-19,Ethiopia,ETH,Influenza,3527
2026-07-26,Ethiopia,ETH,Influenza,3052
2026-08-02,Ethiopia,ETH,Influenza,3124
2026-08-09,Ethiopia,ETH,Influenza,3147
2026-08-16,Ethiopia,ETH,Influenza,3779
2026-08-23,Ethiopia,ETH,Influenza,2977
2026-08-30,Ethiopia,ETH,Influenza,2282
2026-09-06,Ethiopia,ETH,Influenza,2145
2026-09-13,Ethiopia,ETH,Influenza,2460
2026-09-20,Ethiopia,ETH,Influenza,1822
2026-09-27,Ethiopia,ETH,Influenza,1511
2026-10-04,Ethiopia,ETH,Influenza,1923
2024-10-13,Ethiopia,ETH,COVID-19,1239
2024-10-20,Ethiopia,ETH,COVID-19,1062
2024-10-27,Ethiopia,ETH,COVID-19,1174
2024-11-03,Ethiopia,ETH,COVID-19,1157
2024-11-10,Ethiopia,ETH,COVID-19,1229
2024-11-17,Ethiopia,ETH,COVID-19,1233
2024-11-24,Ethiopia,ETH,COVID-19,692
2024-12-01,Ethiopia,ETH,COVID-19,1104
2024-12-08,Ethiopia,ETH,COVID-19,1251
2024-12-15,Ethiopia,ETH,COVID-19,1111
2024-12-22,Ethiopia,ETH,COVID-19,1226
2024-12-29,Ethiopia,ETH,COVID-19,1414
2025-01-05,Ethiopia,ETH,COVID-19,1361
2025-01-12,Ethiopia,ETH,COVID-19,1772
2025-01-19,Ethiopia,ETH,COVID-19,1846
2025-01-26,Ethiopia,ETH,COVID-19,1720
2025-02-02,Ethiopia,ETH,COVID-19,1905
2025-02-09,Ethiopia,ETH,COVID-19,1269
2025-02-16,Ethiopia,ETH,COVID-19,2386
2025-02-23,Ethiopia,ETH,COVID-19,2255
2025-03-02,Ethiopia,ETH,COVID-19,3272
2025-03-09,Ethiopia,ETH,COVID-19,3585
2025-03-16,Ethiopia,ETH,COVID-19,4220
2025-03-23,Ethiopia,ETH,COVID-19,4955
2025-03-30,Ethiopia,ETH,COVID-19,4294
2025-04-06,Ethiopia,ETH,COVID-19,5967
2025-04-13,Ethiopia,ETH,COVID-19,4649
2025-04-20,Ethiopia,ETH,COVID-19,3572
2025-04-27,Ethiopia,ETH,COVID-19,3947
2025-05-04,Ethiopia,ETH,COVID-19,3868
2025-05-11,Ethiopia,ETH,COVID-19,4161
2025-05-18,Ethiopia,ETH,COVID-19,3006
2025-05-25,Ethiopia,ETH,COVID-19,3025
2025-06-01,Ethiopia,ETH,COVID-19,2761
2025-06-08,Ethiopia,ETH,COVID-19,2340
2025-06-15,Ethiopia,ETH,COVID-19,2488
2025-06-22,Ethiopia,ETH,COVID-19,2153
2025-06-29,Ethiopia,ETH,COVID-19,2060
2025-07-06,Ethiopia,ETH,COVID-19,1504
2025-07-13,Ethiopia,ETH,COVID-19,1713
2025-07-20,Ethiopia,ETH,COVID-19,1077
2025-07-27,Ethiopia,ETH,COVID-19,1019
2025-08-03,Ethiopia,ETH,COVID-19,1019
2025-08-10,Ethiopia,ETH,COVID-19,1226
2025-08-17,Ethiopia,ETH,COVID-19,1443
2025-08-24,Ethiopia,ETH,COVID-19,1127
2025-08-31,Ethiopia,ETH,COVID-19,1183
2025-09-07,Ethiopia,ETH,COVID-19,1286
2025-09-14,Ethiopia,ETH,COVID-19,1529
2025-09-21,Ethiopia,ETH,COVID-19,1406
2025-09-28,Ethiopia,ETH,COVID-19,1521
2025-10-05,Ethiopia,ETH,COVID-19,1458
2025-10-12,Ethiopia,ETH,COVID-19,1865
2025-10-19,Ethiopia,ETH,COVID-19,2699
2025-10-26,Ethiopia,ETH,COVID-19,2623
2025-11-02,Ethiopia,ETH,COVID-19,2595
2025-11-09,Ethiopia,ETH,COVID-19,3888
2025-11-16,Ethiopia,ETH,COVID-19,3340
2025-11-23,Ethiopia,ETH,COVID-19,4913
2025-11-30,Ethiopia,ETH,COVID-19,5363
2025-12-07,Ethiopia,ETH,COVID-19,4824
2025-12-14,Ethiopia,ETH,COVID-19,3949
2025-12-21,Ethiopia,ETH,COVID-19,7177
2025-12-28,Ethiopia,ETH,COVID-19,5837
2026-01-04,Ethiopia,ETH,COVID-19,5333
2026-01-11,Ethiopia,ETH,COVID-19,6407
2026-01-18,Ethiopia,ETH,COVID-19,6092
2026-01-25,Ethiopia,ETH,COVID-19,6383
2026-02-01,Ethiopia,ETH,COVID-19,4577
2026-02-08,Ethiopia,ETH,COVID-19,4998
2026-02-15,Ethiopia,ETH,COVID-19,3630
2026-02-22,Ethiopia,ETH,COVID-19,4438
2026-03-01,Ethiopia,ETH,COVID-19,3633
2026-03-08,Ethiopia,ETH,COVID-19,3403
2026-03-15,Ethiopia,ETH,COVID-19,2841
2026-03-22,Ethiopia,ETH,COVID-19,2478
2026-03-29,Ethiopia,ETH,COVID-19,1986
2026-04-05,Ethiopia,ETH,COVID-19,2271
2026-04-12,Ethiopia,ETH,COVID-19,2226
2026-04-19,Ethiopia,ETH,COVID-19,1509
2026-04-26,Ethiopia,ETH,COVID-19,1634
2026-05-03,Ethiopia,ETH,COVID-19,1495
2026-05-10,Ethiopia,ETH,COVID-19,1329
2026-05-17,Ethiopia,ETH,COVID-19,985
2026-05-24,Ethiopia,ETH,COVID-19,1010
2026-05-31,Ethiopia,ETH,COVID-19,1116
2026-06-07,Ethiopia,ETH,COVID-19,892
2026-06-14,Ethiopia,ETH,COVID-19,1714
2026-06-21,Ethiopia,ETH,COVID-19,1671
2026-06-28,Ethiopia,ETH,COVID-19,1821
2026-07-05,Ethiopia,ETH,COVID-19,1446
2026-07-12,Ethiopia,ETH,COVID-19,1847
2026-07-19,Ethiopia,ETH,COVID-19,2963
2026-07-26,Ethiopia,ETH,COVID-19,4363
2026-08-02,Ethiopia,ETH,COVID-19,3307
2026-08-09,Ethiopia,ETH,COVID-19,4395
2026-08-16,Ethiopia,ETH,COVID-19,3640
2026-08-23,Ethiopia,ETH,COVID-19,3814
2026-08-30,Ethiopia,ETH,COVID-19,4133
2026-09-06,Ethiopia,ETH,COVID-19,2951
2026-09-13,Ethiopia,ETH,COVID-19,2412
2026-09-20,Ethiopia,ETH,COVID-19,2768
2026-09-27,Ethiopia,ETH,COVID-19,1942
2026-10-04,Ethiopia,ETH,COVID-19,1919
2024-10-13,South Africa,ZAF,Dengue,11
2024-10-20,South Africa,ZAF,Dengue,9
2024-10-27,South Africa,ZAF,Dengue,9
2024-11-03,South Africa,ZAF,Dengue,8
2024-11-10,South Africa,ZAF,Dengue,7
2024-11-17,South Africa,ZAF,Dengue,7
2024-11-24,South Africa,ZAF,Dengue,6
2024-12-01,South Africa,ZAF,Dengue,6
2024-12-08,South Africa,ZAF,Dengue,5
2024-12-15,South Africa,ZAF,Dengue,4
2024-12-22,South Africa,ZAF,Dengue,3
2024-12-29,South Africa,ZAF,Dengue,3
2025-01-05,South Africa,ZAF,Dengue,4
2025-01-12,South Africa,ZAF,Dengue,3
2025-01-19,South Africa,ZAF,Dengue,4
2025-01-26,South Africa,ZAF,Dengue,4
2025-02-02,South Africa,ZAF,Dengue,4
2025-02-09,South Africa,ZAF,Dengue,4
2025-02-16,South Africa,ZAF,Dengue,4
2025-02-23,South Africa,ZAF,Dengue,2
2025-03-02,South Africa,ZAF,Dengue,3
2025-03-09,South Africa,ZAF,Dengue,4
2025-03-16,South Africa,ZAF,Dengue,4
2025-03-23,South Africa,ZAF,Dengue,5
2025-03-30,South Africa,ZAF,Dengue,3
2025-04-06,South Africa,ZAF,Dengue,3
2025-04-13,South Africa,ZAF,Dengue,3
2025-04-20,South Africa,ZAF,Dengue,5
2025-04-27,South Africa,ZAF,Dengue,4
2025-05-04,South Africa,ZAF,Dengue,4
2025-05-11,South Africa,ZAF,Dengue,4
2025-05-18,South Africa,ZAF,Dengue,5
2025-05-25,South Africa,ZAF,Dengue,6
2025-06-01,South Africa,ZAF,Dengue,6
2025-06-08,South Africa,ZAF,Dengue,6
2025-06-15,South Africa,ZAF,Dengue,6
2025-06-22,South Africa,ZAF,Dengue,7
2025-06-29,South Africa,ZAF,Dengue,8
2025-07-06,South Africa,ZAF,Dengue,7
2025-07-13,South Africa,ZAF,Dengue,8
2025-07-20,South Africa,ZAF,Dengue,10
2025-07-27,South Africa,ZAF,Dengue,12
2025-08-03,South Africa,ZAF,Dengue,9
2025-08-10,South Africa,ZAF,Dengue,10
2025-08-17,South Africa,ZAF,Dengue,11
2025-08-24,South Africa,ZAF,Dengue,12
2025-08-31,South Africa,ZAF,Dengue,10
2025-09-07,South Africa,ZAF,Dengue,14
2025-09-14,South Africa,ZAF,Dengue,12
2025-09-21,South Africa,ZAF,Dengue,12
2025-09-28,South Africa,ZAF,Dengue,14
2025-10-05,South Africa,ZAF,Dengue,10
2025-10-12,South Africa,ZAF,Dengue,10
2025-10-19,South Africa,ZAF,Dengue,8
2025-10-26,South Africa,ZAF,Dengue,9
2025-11-02,South Africa,ZAF,Dengue,7
2025-11-09,South Africa,ZAF,Dengue,9
2025-11-16,South Africa,ZAF,Dengue,8
2025-11-23,South Africa,ZAF,Dengue,7
2025-11-30,South Africa,ZAF,Dengue,6
2025-12-07,South Africa,ZAF,Dengue,6
2025-12-14,South Africa,ZAF,Dengue,4
2025-12-21,South Africa,ZAF,Dengue,5
2025-12-28,South Africa,ZAF,Dengue,5
2026-01-04,South Africa,ZAF,Dengue,3
2026-01-11,South Africa,ZAF,Dengue,5
2026-01-18,South Africa,ZAF,Dengue,3
2026-01-25,South Africa,ZAF,Dengue,4
2026-02-01,South Africa,ZAF,Dengue,3
2026-02-08,South Africa,ZAF,Dengue,5
2026-02-15,South Africa,ZAF,Dengue,3
2026-02-22,South Africa,ZAF,Dengue,3
2026-03-01,South Africa,ZAF,Dengue,4
2026-03-08,South Africa,ZAF,Dengue,4
2026-03-15,South Africa,ZAF,Dengue,3
2026-03-22,South Africa,ZAF,Dengue,4
2026-03-29,South Africa,ZAF,Dengue,3
2026-04-05,South Africa,ZAF,Dengue,3
2026-04-12,South Africa,ZAF,Dengue,4
2026-04-19,South Africa,ZAF,Dengue,5
2026-04-26,South Africa,ZAF,Dengue,5
2026-05-03,South Africa,ZAF,Dengue,5
2026-05-10,South Africa,ZAF,Dengue,4
2026-05-17,South Africa,ZAF,Dengue,3
2026-05-24,South Africa,ZAF,Dengue,5
2026-05-31,South Africa,ZAF,Dengue,7
2026-06-07,South Africa,ZAF,Dengue,7
2026-06-14,South Africa,ZAF,Dengue,7
2026-06-21,South Africa,ZAF,Dengue,6
2026-06-28,South Africa,ZAF,Dengue,7
2026-07-05,South Africa,ZAF,Dengue,11
2026-07-12,South Africa,ZAF,Dengue,7
2026-07-19,South Africa,ZAF,Dengue,8
2026-07-26,South Africa,ZAF,Dengue,12
2026-08-02,South Africa,ZAF,Dengue,10
2026-08-09,South Africa,ZAF,Dengue,9
2026-08-16,South Africa,ZAF,Dengue,14
2026-08-23,South Africa,ZAF,Dengue,13
2026-08-30,South Africa,ZAF,Dengue,12
2026-09-06,South Africa,ZAF,Dengue,10
2026-09-13,South Africa,ZAF,Dengue,16
2026-09-20,South Africa,ZAF,Dengue,12
2026-09-27,South Africa,ZAF,Dengue,14
2026-10-04,South Africa,ZAF,Dengue,13
2024-10-13,South Africa,ZAF,Influenza,2144
2024-10-20,South Africa,ZAF,Influenza,1813
2024-10-27,South Africa,ZAF,Influenza,1989
2024-11-03,South Africa,ZAF,Influenza,1637
2024-11-10,South Africa,ZAF,Influenza,784
2024-11-17,South Africa,ZAF,Influenza,954
2024-11-24,South Africa,ZAF,Influenza,701
2024-12-01,South Africa,ZAF,Influenza,494
2024-12-08,South Africa,ZAF,Influenza,510
2024-12-15,South Africa,ZAF,Influenza,340
2024-12-22,South Africa,ZAF,Influenza,358
2024-12-29,South Africa,ZAF,Influenza,318
2025-01-05,South Africa,ZAF,Influenza,323
2025-01-12,South Africa,ZAF,Influenza,341
2025-01-19,South Africa,ZAF,Influenza,292
2025-01-26,South Africa,ZAF,Influenza,425
2025-02-02,South Africa,ZAF,Influenza,370
2025-02-09,South Africa,ZAF,Influenza,438
2025-02-16,South Africa,ZAF,Influenza,341
2025-02-23,South Africa,ZAF,Influenza,331
2025-03-02,South Africa,ZAF,Influenza,486
2025-03-09,South Africa,ZAF,Influenza,389
2025-03-16,South Africa,ZAF,Influenza,477
2025-03-23,South Africa,ZAF,Influenza,648
2025-03-30,South Africa,ZAF,Influenza,581
2025-04-06,South Africa,ZAF,Influenza,976
2025-04-13,South Africa,ZAF,Influenza,1186
2025-04-20,South Africa,ZAF,Influenza,1598
2025-04-27,South Africa,ZAF,Influenza,1853
2025-05-04,South Africa,ZAF,Influenza,2347
2025-05-11,South Africa,ZAF,Influenza,2287
2025-05-18,South Africa,ZAF,Influenza,2361
2025-05-25,South Africa,ZAF,Influenza,4098
2025-06-01,South Africa,ZAF,Influenza,2712
2025-06-08,South Africa,ZAF,Influenza,3076
2025-06-15,South Africa,ZAF,Influenza,4653
2025-06-22,South Africa,ZAF,Influenza,5761
2025-06-29,South Africa,ZAF,Influenza,5072
2025-07-06,South Africa,ZAF,Influenza,5951
2025-07-13,South Africa,ZAF,Influenza,3753
2025-07-20,South Africa,ZAF,Influenza,5058
2025-07-27,South Africa,ZAF,Influenza,3958
2025-08-03,South Africa,ZAF,Influenza,6108
2025-08-10,South Africa,ZAF,Influenza,4113
2025-08-17,South Africa,ZAF,Influenza,4184
2025-08-24,South Africa,ZAF,Influenza,5312
2025-08-31,South Africa,ZAF,Influenza,5370
2025-09-07,South Africa,ZAF,Influenza,4187
2025-09-14,South Africa,ZAF,Influenza,4248
2025-09-21,South Africa,ZAF,Influenza,3801
2025-09-28,South Africa,ZAF,Influenza,3012
2025-10-05,South Africa,ZAF,Influenza,2267
2025-10-12,South Africa,ZAF,Influenza,2523
2025-10-19,South Africa,ZAF,Influenza,2145
2025-10-26,South Africa,ZAF,Influenza,1854
2025-11-02,South Africa,ZAF,Influenza,1405
2025-11-09,South Africa,ZAF,Influenza,900
2025-11-16,South Africa,ZAF,Influenza,973
2025-11-23,South Africa,ZAF,Influenza,714
2025-11-30,South Africa,ZAF,Influenza,542
2025-12-07,South Africa,ZAF,Influenza,469
2025-12-14,South Africa,ZAF,Influenza,382
2025-12-21,South Africa,ZAF,Influenza,436
2025-12-28,South Africa,ZAF,Influenza,284
2026-01-04,South Africa,ZAF,Influenza,297
2026-01-11,South Africa,ZAF,Influenza,328
2026-01-18,South Africa,ZAF,Influenza,427
2026-01-25,South Africa,ZAF,Influenza,399
2026-02-01,South Africa,ZAF,Influenza,259
2026-02-08,South Africa,ZAF,Influenza,415
2026-02-15,South Africa,ZAF,Influenza,420
2026-02-22,South Africa,ZAF,Influenza,297
2026-03-01,South Africa,ZAF,Influenza,239
2026-03-08,South Africa,ZAF,Influenza,421
2026-03-15,South Africa,ZAF,Influenza,573
2026-03-22,South Africa,ZAF,Influenza,724
2026-03-29,South Africa,ZAF,Influenza,621
2026-04-05,South Africa,ZAF,Influenza,1113
2026-04-12,South Africa,ZAF,Influenza,726
2026-04-19,South Africa,ZAF,Influenza,1268
2026-04-26,South Africa,ZAF,Influenza,1532
2026-05-03,South Africa,ZAF,Influenza,2304
2026-05-10,South Africa,ZAF,Influenza,2779
2026-05-17,South Africa,ZAF,Influenza,3100
2026-05-24,South Africa,ZAF,Influenza,2482
2026-05-31,South Africa,ZAF,Influenza,3972
2026-06-07,South Africa,ZAF,Influenza,4212
2026-06-14,South Africa,ZAF,Influenza,3214
2026-06-21,South Africa,ZAF,Influenza,3196
2026-06-28,South Africa,ZAF,Influenza,5699
2026-07-05,South Africa,ZAF,Influenza,5036
2026-07-12,South Africa,ZAF,Influenza,4324
2026-07-19,South Africa,ZAF,Influenza,5297
2026-07-26,South Africa,ZAF,Influenza,5806
2026-08-02,South Africa,ZAF,Influenza,5400
2026-08-09,South Africa,ZAF,Influenza,4110
2026-08-16,South Africa,ZAF,Influenza,6639
2026-08-23,South Africa,ZAF,Influenza,5674
2026-08-30,South Africa,ZAF,Influenza,4399
2026-09-06,South Africa,ZAF,Influenza,4099
2026-09-13,South Africa,ZAF,Influenza,4124
2026-09-20,South Africa,ZAF,Influenza,2921
2026-09-27,South Africa,ZAF,Influenza,3263
2026-10-04,South Africa,ZAF,Influenza,2171
2024-10-13,South Africa,ZAF,COVID-19,409
2024-10-20,South Africa,ZAF,COVID-19,341
2024-10-27,South Africa,ZAF,COVID-19,344
2024-11-03,South Africa,ZAF,COVID-19,516
2024-11-10,South Africa,ZAF,COVID-19,418
2024-11-17,South Africa,ZAF,COVID-19,429
2024-11-24,South Africa,ZAF,COVID-19,292
2024-12-01,South Africa,ZAF,COVID-19,383
2024-12-08,South Africa,ZAF,COVID-19,456
2024-12-15,South Africa,ZAF,COVID-19,448
2024-12-22,South Africa,ZAF,COVID-19,303
2024-12-29,South Africa,ZAF,COVID-19,482
2025-01-05,South Africa,ZAF,COVID-19,522
2025-01-12,South Africa,ZAF,COVID-19,634
2025-01-19,South Africa,ZAF,COVID-19,524
2025-01-26,South Africa,ZAF,COVID-19,427
2025-02-02,South Africa,ZAF,COVID-19,614
2025-02-09,South Africa,ZAF,COVID-19,681
2025-02-16,South Africa,ZAF,COVID-19,1024
2025-02-23,South Africa,ZAF,COVID-19,616
2025-03-02,South Africa,ZAF,COVID-19,1086
2025-03-09,South Africa,ZAF,COVID-19,1564
2025-03-16,South Africa,ZAF,COVID-19,1406
2025-03-23,South Africa,ZAF,COVID-19,1709
2025-03-30,South Africa,ZAF,COVID-19,1194
2025-04-06,South Africa,ZAF,COVID-19,1242
2025-04-13,South Africa,ZAF,COVID-19,2008
2025-04-20,South Africa,ZAF,COVID-19,1659
2025-04-27,South Africa,ZAF,COVID-19,1609
2025-05-04,South Africa,ZAF,COVID-19,1254
2025-05-11,South Africa,ZAF,COVID-19,1426
2025-05-18,South Africa,ZAF,COVID-19,1067
2025-05-25,South Africa,ZAF,COVID-19,1372
2025-06-01,South Africa,ZAF,COVID-19,1466
2025-06-08,South Africa,ZAF,COVID-19,989
2025-06-15,South Africa,ZAF,COVID-19,738
2025-06-22,South Africa,ZAF,COVID-19,448
2025-06-29,South Africa,ZAF,COVID-19,482
2025-07-06,South Africa,ZAF,COVID-19,718
2025-07-13,South Africa,ZAF,COVID-19,451
2025-07-20,South Africa,ZAF,COVID-19,470
2025-07-27,South Africa,ZAF,COVID-19,520
2025-08-03,South Africa,ZAF,COVID-19,560
2025-08-10,South Africa,ZAF,COVID-19,437
2025-08-17,South Africa,ZAF,COVID-19,422
2025-08-24,South Africa,ZAF,COVID-19,460
2025-08-31,South Africa,ZAF,COVID-19,424
2025-09-07,South Africa,ZAF,COVID-19,447
2025-09-14,South Africa,ZAF,COVID-19,550
2025-09-21,South Africa,ZAF,COVID-19,572
2025-09-28,South Africa,ZAF,COVID-19,802
2025-10-05,South Africa,ZAF,COVID-19,716
2025-10-12,South Africa,ZAF,COVID-19,880
2025-10-19,South Africa,ZAF,COVID-19,708
2025-10-26,South Africa,ZAF,COVID-19,1026
2025-11-02,South Africa,ZAF,COVID-19,957
2025-11-09,South Africa,ZAF,COVID-19,1277
2025-11-16,South Africa,ZAF,COVID-19,1485
2025-11-23,South Africa,ZAF,COVID-19,1500
2025-11-30,South Africa,ZAF,COVID-19,2217
2025-12-07,South Africa,ZAF,COVID-19,2135
2025-12-14,South Africa,ZAF,COVID-19,2203
2025-12-21,South Africa,ZAF,COVID-19,2189
2025-12-28,South Africa,ZAF,COVID-19,2565
2026-01-04,South Africa,ZAF,COVID-19,1617
2026-01-11,South Africa,ZAF,COVID-19,2483
2026-01-18,South Africa,ZAF,COVID-19,1725
2026-01-25,South Africa,ZAF,COVID-19,1795
2026-02-01,South Africa,ZAF,COVID-19,2026
2026-02-08,South Africa,ZAF,COVID-19,2078
2026-02-15,South Africa,ZAF,COVID-19,1342
2026-02-22,South Africa,ZAF,COVID-19,1369
2026-03-01,South Africa,ZAF,COVID-19,1360
2026-03-08,South Africa,ZAF,COVID-19,1167
2026-03-15,South Africa,ZAF,COVID-19,1205
2026-03-22,South Africa,ZAF,COVID-19,1435
2026-03-29,South Africa,ZAF,COVID-19,892
2026-04-05,South Africa,ZAF,COVID-19,664
2026-04-12,South Africa,ZAF,COVID-19,539
2026-04-19,South Africa,ZAF,COVID-19,576
2026-04-26,South Africa,ZAF,COVID-19,477
2026-05-03,South Africa,ZAF,COVID-19,552
2026-05-10,South Africa,ZAF,COVID-19,521
2026-05-17,South Africa,ZAF,COVID-19,437
2026-05-24,South Africa,ZAF,COVID-19,599
2026-05-31,South Africa,ZAF,COVID-19,413
2026-06-07,South Africa,ZAF,COVID-19,474
2026-06-14,South Africa,ZAF,COVID-19,570
2026-06-21,South Africa,ZAF,COVID-19,660
2026-06-28,South Africa,ZAF,COVID-19,801
2026-07-05,South Africa,ZAF,COVID-19,843
2026-07-12,South Africa,ZAF,COVID-19,1082
2026-07-19,South Africa,ZAF,COVID-19,981
2026-07-26,South Africa,ZAF,COVID-19,1409
2026-08-02,South Africa,ZAF,COVID-19,1543
2026-08-09,South Africa,ZAF,COVID-19,1755
2026-08-16,South Africa,ZAF,COVID-19,1081
2026-08-23,South Africa,ZAF,COVID-19,1201
2026-08-30,South Africa,ZAF,COVID-19,1444
2026-09-06,South Africa,ZAF,COVID-19,689
2026-09-13,South Africa,ZAF,COVID-19,1062
2026-09-20,South Africa,ZAF,COVID-19,973
2026-09-27,South Africa,ZAF,COVID-19,648
2026-10-04,South Africa,ZAF,COVID-19,567
2024-10-13,Egypt,EGY,Dengue,134
2024-10-20,Egypt,EGY,Dengue,131
2024-10-27,Egypt,EGY,Dengue,122
2024-11-03,Egypt,EGY,Dengue,115
2024-11-10,Egypt,EGY,Dengue,117
2024-11-17,Egypt,EGY,Dengue,109
2024-11-24,Egypt,EGY,Dengue,136
2024-12-01,Egypt,EGY,Dengue,93
2024-12-08,Egypt,EGY,Dengue,96
2024-12-15,Egypt,EGY,Dengue,77
2024-12-22,Egypt,EGY,Dengue,71
2024-12-29,Egypt,EGY,Dengue,53
2025-01-05,Egypt,EGY,Dengue,51
2025-01-12,Egypt,EGY,Dengue,51
2025-01-19,Egypt,EGY,Dengue,61
2025-01-26,Egypt,EGY,Dengue,66
2025-02-02,Egypt,EGY,Dengue,40
2025-02-09,Egypt,EGY,Dengue,50
2025-02-16,Egypt,EGY,Dengue,42
2025-02-23,Egypt,EGY,Dengue,51
2025-03-02,Egypt,EGY,Dengue,61
2025-03-09,Egypt,EGY,Dengue,49
2025-03-16,Egypt,EGY,Dengue,53
2025-03-23,Egypt,EGY,Dengue,65
2025-03-30,Egypt,EGY,Dengue,57
2025-04-06,Egypt,EGY,Dengue,47
2025-04-13,Egypt,EGY,Dengue,55
2025-04-20,Egypt,EGY,Dengue,47
2025-04-27,Egypt,EGY,Dengue,58
2025-05-04,Egypt,EGY,Dengue,60
2025-05-11,Egypt,EGY,Dengue,45
2025-05-18,Egypt,EGY,Dengue,60
2025-05-25,Egypt,EGY,Dengue,61
2025-06-01,Egypt,EGY,Dengue,71
2025-06-08,Egypt,EGY,Dengue,78
2025-06-15,Egypt,EGY,Dengue,81
2025-06-22,Egypt,EGY,Dengue,78
2025-06-29,Egypt,EGY,Dengue,101
2025-07-06,Egypt,EGY,Dengue,84
2025-07-13,Egypt,EGY,Dengue,84
2025-07-20,Egypt,EGY,Dengue,59
2025-07-27,Egypt,EGY,Dengue,121
2025-08-03,Egypt,EGY,Dengue,115
2025-08-10,Egypt,EGY,Dengue,147
2025-08-17,Egypt,EGY,Dengue,103
2025-08-24,Egypt,EGY,Dengue,139
2025-08-31,Egypt,EGY,Dengue,170
2025-09-07,Egypt,EGY,Dengue,138
2025-09-14,Egypt,EGY,Dengue,176
2025-09-21,Egypt,EGY,Dengue,153
2025-09-28,Egypt,EGY,Dengue,166
2025-10-05,Egypt,EGY,Dengue,179
2025-10-12,Egypt,EGY,Dengue,184
2025-10-19,Egypt,EGY,Dengue,158
2025-10-26,Egypt,EGY,Dengue,131
2025-11-02,Egypt,EGY,Dengue,132
2025-11-09,Egypt,EGY,Dengue,147
2025-11-16,Egypt,EGY,Dengue,107
2025-11-23,Egypt,EGY,Dengue,114
2025-11-30,Egypt,EGY,Dengue,102
2025-12-07,Egypt,EGY,Dengue,99
2025-12-14,Egypt,EGY,Dengue,79
2025-12-21,Egypt,EGY,Dengue,62
2025-12-28,Egypt,EGY,Dengue,85
2026-01-04,Egypt,EGY,Dengue,84
2026-01-11,Egypt,EGY,Dengue,51
2026-01-18,Egypt,EGY,Dengue,69
2026-01-25,Egypt,EGY,Dengue,73
2026-02-01,Egypt,EGY,Dengue,66
2026-02-08,Egypt,EGY,Dengue,56
2026-02-15,Egypt,EGY,Dengue,50
2026-02-22,Egypt,EGY,Dengue,59
2026-03-01,Egypt,EGY,Dengue,60
2026-03-08,Egypt,EGY,Dengue,59
2026-03-15,Egypt,EGY,Dengue,57
2026-03-22,Egypt,EGY,Dengue,49
2026-03-29,Egypt,EGY,Dengue,62
2026-04-05,Egypt,EGY,Dengue,63
2026-04-12,Egypt,EGY,Dengue,60
2026-04-19,Egypt,EGY,Dengue,60
2026-04-26,Egypt,EGY,Dengue,75
2026-05-03,Egypt,EGY,Dengue,55
2026-05-10,Egypt,EGY,Dengue,74
2026-05-17,Egypt,EGY,Dengue,57
2026-05-24,Egypt,EGY,Dengue,79
2026-05-31,Egypt,EGY,Dengue,85
2026-06-07,Egypt,EGY,Dengue,73
2026-06-14,Egypt,EGY,Dengue,103
2026-06-21,Egypt,EGY,Dengue,96
2026-06-28,Egypt,EGY,Dengue,84
2026-07-05,Egypt,EGY,Dengue,100
2026-07-12,Egypt,EGY,Dengue,134
2026-07-19,Egypt,EGY,Dengue,142
2026-07-26,Egypt,EGY,Dengue,113
2026-08-02,Egypt,EGY,Dengue,140
2026-08-09,Egypt,EGY,Dengue,157
2026-08-16,Egypt,EGY,Dengue,149
2026-08-23,Egypt,EGY,Dengue,228
2026-08-30,Egypt,EGY,Dengue,180
2026-09-06,Egypt,EGY,Dengue,177
2026-09-13,Egypt,EGY,Dengue,214
2026-09-20,Egypt,EGY,Dengue,173
2026-09-27,Egypt,EGY,Dengue,210
2026-10-04,Egypt,EGY,Dengue,135
2024-10-13,Egypt,EGY,Influenza,724
2024-10-20,Egypt,EGY,Influenza,1049
2024-10-27,Egypt,EGY,Influenza,1296
2024-11-03,Egypt,EGY,Influenza,1061
2024-11-10,Egypt,EGY,Influenza,1176
2024-11-17,Egypt,EGY,Influenza,1646
2024-11-24,Egypt,EGY,Influenza,1516
2024-12-01,Egypt,EGY,Influenza,1747
2024-12-08,Egypt,EGY,Influenza,2212
2024-12-15,Egypt,EGY,Influenza,1903
2024-12-22,Egypt,EGY,Influenza,1529
2024-12-29,Egypt,EGY,Influenza,1802
2025-01-05,Egypt,EGY,Influenza,2286
2025-01-12,Egypt,EGY,Influenza,1655
2025-01-19,Egypt,EGY,Influenza,2181
2025-01-26,Egypt,EGY,Influenza,1772
2025-02-02,Egypt,EGY,Influenza,2701
2025-02-09,Egypt,EGY,Influenza,2745
2025-02-16,Egypt,EGY,Influenza,1644
2025-02-23,Egypt,EGY,Influenza,1890
2025-03-02,Egypt,EGY,Influenza,1431
2025-03-09,Egypt,EGY,Influenza,1446
2025-03-16,Egypt,EGY,Influenza,1725
2025-03-23,Egypt,EGY,Influenza,1116
2025-03-30,Egypt,EGY,Influenza,1004
2025-04-06,Egypt,EGY,Influenza,779
2025-04-13,Egypt,EGY,Influenza,911
2025-04-20,Egypt,EGY,Influenza,338
2025-04-27,Egypt,EGY,Influenza,526
2025-05-04,Egypt,EGY,Influenza,478
2025-05-11,Egypt,EGY,Influenza,374
2025-05-18,Egypt,EGY,Influenza,412
2025-05-25,Egypt,EGY,Influenza,387
2025-06-01,Egypt,EGY,Influenza,238
2025-06-08,Egypt,EGY,Influenza,376
2025-06-15,Egypt,EGY,Influenza,218
2025-06-22,Egypt,EGY,Influenza,325
2025-06-29,Egypt,EGY,Influenza,277
2025-07-06,Egypt,EGY,Influenza,250
2025-07-13,Egypt,EGY,Influenza,254
2025-07-20,Egypt,EGY,Influenza,269
2025-07-27,Egypt,EGY,Influenza,279
2025-08-03,Egypt,EGY,Influenza,235
2025-08-10,Egypt,EGY,Influenza,267
2025-08-17,Egypt,EGY,Influenza,253
2025-08-24,Egypt,EGY,Influenza,247
2025-08-31,Egypt,EGY,Influenza,288
2025-09-07,Egypt,EGY,Influenza,302
2025-09-14,Egypt,EGY,Influenza,389
2025-09-21,Egypt,EGY,Influenza,513
2025-09-28,Egypt,EGY,Influenza,574
2025-10-05,Egypt,EGY,Influenza,858
2025-10-12,Egypt,EGY,Influenza,519
2025-10-19,Egypt,EGY,Influenza,971
2025-10-26,Egypt,EGY,Influenza,1050
2025-11-02,Egypt,EGY,Influenza,1347
2025-11-09,Egypt,EGY,Influenza,1504
2025-11-16,Egypt,EGY,Influenza,1479
2025-11-23,Egypt,EGY,Influenza,1716
2025-11-30,Egypt,EGY,Influenza,1617
2025-12-07,Egypt,EGY,Influenza,2135
2025-12-14,Egypt,EGY,Influenza,1488
2025-12-21,Egypt,EGY,Influenza,2421
2025-12-28,Egypt,EGY,Influenza,2231
2026-01-04,Egypt,EGY,Influenza,2116
2026-01-11,Egypt,EGY,Influenza,2218
2026-01-18,Egypt,EGY,Influenza,2228
2026-01-25,Egypt,EGY,Influenza,2675
2026-02-01,Egypt,EGY,Influenza,3220
2026-02-08,Egypt,EGY,Influenza,2451
2026-02-15,Egypt,EGY,Influenza,1789
2026-02-22,Egypt,EGY,Influenza,1992
2026-03-01,Egypt,EGY,Influenza,1841
2026-03-08,Egypt,EGY,Influenza,1306
2026-03-15,Egypt,EGY,Influenza,1101
2026-03-22,Egypt,EGY,Influenza,1189
2026-03-29,Egypt,EGY,Influenza,1176
2026-04-05,Egypt,EGY,Influenza,687
2026-04-12,Egypt,EGY,Influenza,693
2026-04-19,Egypt,EGY,Influenza,719
2026-04-26,Egypt,EGY,Influenza,567
2026-05-03,Egypt,EGY,Influenza,584
2026-05-10,Egypt,EGY,Influenza,328
2026-05-17,Egypt,EGY,Influenza,494
2026-05-24,Egypt,EGY,Influenza,252
2026-05-31,Egypt,EGY,Influenza,210
2026-06-07,Egypt,EGY,Influenza,284
2026-06-14,Egypt,EGY,Influenza,230
2026-06-21,Egypt,EGY,Influenza,271
2026-06-28,Egypt,EGY,Influenza,268
2026-07-05,Egypt,EGY,Influenza,262
2026-07-12,Egypt,EGY,Influenza,236
2026-07-19,Egypt,EGY,Influenza,288
2026-07-26,Egypt,EGY,Influenza,258
2026-08-02,Egypt,EGY,Influenza,318
2026-08-09,Egypt,EGY,Influenza,269
2026-08-16,Egypt,EGY,Influenza,245
2026-08-23,Egypt,EGY,Influenza,226
2026-08-30,Egypt,EGY,Influenza,319
2026-09-06,Egypt,EGY,Influenza,295
2026-09-13,Egypt,EGY,Influenza,331
2026-09-20,Egypt,EGY,Influenza,520
2026-09-27,Egypt,EGY,Influenza,413
2026-10-04,Egypt,EGY,Influenza,803
2024-10-13,Egypt,EGY,COVID-19,831
2024-10-20,Egypt,EGY,COVID-19,806
2024-10-27,Egypt,EGY,COVID-19,686
2024-11-03,Egypt,EGY,COVID-19,906
2024-11-10,Egypt,EGY,COVID-19,814
2024-11-17,Egypt,EGY,COVID-19,732
2024-11-24,Egypt,EGY,COVID-19,845
2024-12-01,Egypt,EGY,COVID-19,618
2024-12-08,Egypt,EGY,COVID-19,632
2024-12-15,Egypt,EGY,COVID-19,711
2024-12-22,Egypt,EGY,COVID-19,927
2024-12-29,Egypt,EGY,COVID-19,917
2025-01-05,Egypt,EGY,COVID-19,1124
2025-01-12,Egypt,EGY,COVID-19,900
2025-01-19,Egypt,EGY,COVID-19,1238
2025-01-26,Egypt,EGY,COVID-19,1243
2025-02-02,Egypt,EGY,COVID-19,1217
2025-02-09,Egypt,EGY,COVID-19,1693
2025-02-16,Egypt,EGY,COVID-19,1793
2025-02-23,Egypt,EGY,COVID-19,1850
2025-03-02,Egypt,EGY,COVID-19,2301
2025-03-09,Egypt,EGY,COVID-19,2481
2025-03-16,Egypt,EGY,COVID-19,2695
2025-03-23,Egypt,EGY,COVID-19,2775
2025-03-30,Egypt,EGY,COVID-19,2503
2025-04-06,Egypt,EGY,COVID-19,3246
2025-04-13,Egypt,EGY,COVID-19,2853
2025-04-20,Egypt,EGY,COVID-19,2719
2025-04-27,Egypt,EGY,COVID-19,3000
2025-05-04,Egypt,EGY,COVID-19,3284
2025-05-11,Egypt,EGY,COVID-19,2836
2025-05-18,Egypt,EGY,COVID-19,2329
2025-05-25,Egypt,EGY,COVID-19,2091
2025-06-01,Egypt,EGY,COVID-19,2238
2025-06-08,Egypt,EGY,COVID-19,1160
2025-06-15,Egypt,EGY,COVID-19,1793
2025-06-22,Egypt,EGY,COVID-19,1020
2025-06-29,Egypt,EGY,COVID-19,997
2025-07-06,Egypt,EGY,COVID-19,1055
2025-07-13,Egypt,EGY,COVID-19,1389
2025-07-20,Egypt,EGY,COVID-19,1224
2025-07-27,Egypt,EGY,COVID-19,1028
2025-08-03,Egypt,EGY,COVID-19,947
2025-08-10,Egypt,EGY,COVID-19,637
2025-08-17,Egypt,EGY,COVID-19,904
2025-08-24,Egypt,EGY,COVID-19,821
2025-08-31,Egypt,EGY,COVID-19,807
2025-09-07,Egypt,EGY,COVID-19,982
2025-09-14,Egypt,EGY,COVID-19,945
2025-09-21,Egypt,EGY,COVID-19,1236
2025-09-28,Egypt,EGY,COVID-19,847
2025-10-05,Egypt,EGY,COVID-19,1334
2025-10-12,Egypt,EGY,COVID-19,1279
2025-10-19,Egypt,EGY,COVID-19,1555
2025-10-26,Egypt,EGY,COVID-19,1954
2025-11-02,Egypt,EGY,COVID-19,1754
2025-11-09,Egypt,EGY,COVID-19,2427
2025-11-16,Egypt,EGY,COVID-19,2560
2025-11-23,Egypt,EGY,COVID-19,2635
2025-11-30,Egypt,EGY,COVID-19,2973
2025-12-07,Egypt,EGY,COVID-19,3374
2025-12-14,Egypt,EGY,COVID-19,3254
2025-12-21,Egypt,EGY,COVID-19,3862
2025-12-28,Egypt,EGY,COVID-19,3817
2026-01-04,Egypt,EGY,COVID-19,3676
2026-01-11,Egypt,EGY,COVID-19,5011
2026-01-18,Egypt,EGY,COVID-19,4227
2026-01-25,Egypt,EGY,COVID-19,3630
2026-02-01,Egypt,EGY,COVID-19,3750
2026-02-08,Egypt,EGY,COVID-19,2914
2026-02-15,Egypt,EGY,COVID-19,2979
2026-02-22,Egypt,EGY,COVID-19,2773
2026-03-01,Egypt,EGY,COVID-19,2140
2026-03-08,Egypt,EGY,COVID-19,2494
2026-03-15,Egypt,EGY,COVID-19,1938
2026-03-22,Egypt,EGY,COVID-19,1760
2026-03-29,Egypt,EGY,COVID-19,1508
2026-04-05,Egypt,EGY,COVID-19,2117
2026-04-12,Egypt,EGY,COVID-19,1183
2026-04-19,Egypt,EGY,COVID-19,820
2026-04-26,Egypt,EGY,COVID-19,828
2026-05-03,Egypt,EGY,COVID-19,1129
2026-05-10,Egypt,EGY,COVID-19,1150
2026-05-17,Egypt,EGY,COVID-19,828
2026-05-24,Egypt,EGY,COVID-19,1080
2026-05-31,Egypt,EGY,COVID-19,1014
2026-06-07,Egypt,EGY,COVID-19,921
2026-06-14,Egypt,EGY,COVID-19,982
2026-06-21,Egypt,EGY,COVID-19,1174
2026-06-28,Egypt,EGY,COVID-19,1495
2026-07-05,Egypt,EGY,COVID-19,1648
2026-07-12,Egypt,EGY,COVID-19,1650
2026-07-19,Egypt,EGY,COVID-19,2084
2026-07-26,Egypt,EGY,COVID-19,3154
2026-08-02,Egypt,EGY,COVID-19,2768
2026-08-09,Egypt,EGY,COVID-19,3176
2026-08-16,Egypt,EGY,COVID-19,3061
2026-08-23,Egypt,EGY,COVID-19,2843
2026-08-30,Egypt,EGY,COVID-19,2566
2026-09-06,Egypt,EGY,COVID-19,2550
2026-09-13,Egypt,EGY,COVID-19,2152
2026-09-20,Egypt,EGY,COVID-19,1713
2026-09-27,Egypt,EGY,COVID-19,1248
2026-10-04,Egypt,EGY,COVID-19,1260
2024-10-13,Australia,AUS,Dengue,8
2024-10-20,Australia,AUS,Dengue,11
2024-10-27,Australia,AUS,Dengue,6
2024-11-03,Australia,AUS,Dengue,8
2024-11-10,Australia,AUS,Dengue,5
2024-11-17,Australia,AUS,Dengue,6
2024-11-24,Australia,AUS,Dengue,7
2024-12-01,Australia,AUS,Dengue,4
2024-12-08,Australia,AUS,Dengue,4
2024-12-15,Australia,AUS,Dengue,4
2024-12-22,Australia,AUS,Dengue,3
2024-12-29,Australia,AUS,Dengue,4
2025-01-05,Australia,AUS,Dengue,3
2025-01-12,Australia,AUS,Dengue,4
2025-01-19,Australia,AUS,Dengue,3
2025-01-26,Australia,AUS,Dengue,2
2025-02-02,Australia,AUS,Dengue,3
2025-02-09,Australia,AUS,Dengue,2
2025-02-16,Australia,AUS,Dengue,4
2025-02-23,Australia,AUS,Dengue,2
2025-03-02,Australia,AUS,Dengue,3
2025-03-09,Australia,AUS,Dengue,3
2025-03-16,Australia,AUS,Dengue,3
2025-03-23,Australia,AUS,Dengue,2
2025-03-30,Australia,AUS,Dengue,4
2025-04-06,Australia,AUS,Dengue,3
2025-04-13,Australia,AUS,Dengue,3
2025-04-20,Australia,AUS,Dengue,3
2025-04-27,Australia,AUS,Dengue,4
2025-05-04,Australia,AUS,Dengue,4
2025-05-11,Australia,AUS,Dengue,3
2025-05-18,Australia,AUS,Dengue,4
2025-05-25,Australia,AUS,Dengue,4
2025-06-01,Australia,AUS,Dengue,5
2025-06-08,Australia,AUS,Dengue,4
2025-06-15,Australia,AUS,Dengue,7
2025-06-22,Australia,AUS,Dengue,5
2025-06-29,Australia,AUS,Dengue,6
2025-07-06,Australia,AUS,Dengue,6
2025-07-13,Australia,AUS,Dengue,6
2025-07-20,Australia,AUS,Dengue,7
2025-07-27,Australia,AUS,Dengue,7
2025-08-03,Australia,AUS,Dengue,8
2025-08-10,Australia,AUS,Dengue,8
2025-08-17,Australia,AUS,Dengue,10
2025-08-24,Australia,AUS,Dengue,9
2025-08-31,Australia,AUS,Dengue,9
2025-09-07,Australia,AUS,Dengue,9
2025-09-14,Australia,AUS,Dengue,11
2025-09-21,Australia,AUS,Dengue,10
2025-09-28,Australia,AUS,Dengue,9
2025-10-05,Australia,AUS,Dengue,7
2025-10-12,Australia,AUS,Dengue,7
2025-10-19,Australia,AUS,Dengue,7
2025-10-26,Australia,AUS,Dengue,10
2025-11-02,Australia,AUS,Dengue,8
2025-11-09,Australia,AUS,Dengue,6
2025-11-16,Australia,AUS,Dengue,6
2025-11-23,Australia,AUS,Dengue,5
2025-11-30,Australia,AUS,Dengue,5
2025-12-07,Australia,AUS,Dengue,5
2025-12-14,Australia,AUS,Dengue,4
2025-12-21,Australia,AUS,Dengue,6
2025-12-28,Australia,AUS,Dengue,5
2026-01-04,Australia,AUS,Dengue,5
2026-01-11,Australia,AUS,Dengue,4
2026-01-18,Australia,AUS,Dengue,3
2026-01-25,Australia,AUS,Dengue,4
2026-02-01,Australia,AUS,Dengue,3
2026-02-08,Australia,AUS,Dengue,4
2026-02-15,Australia,AUS,Dengue,4
2026-02-22,Australia,AUS,Dengue,4
2026-03-01,Australia,AUS,Dengue,4
2026-03-08,Australia,AUS,Dengue,4
2026-03-15,Australia,AUS,Dengue,3
2026-03-22,Australia,AUS,Dengue,4
2026-03-29,Australia,AUS,Dengue,3
2026-04-05,Australia,AUS,Dengue,3
2026-04-12,Australia,AUS,Dengue,3
2026-04-19,Australia,AUS,Dengue,3
2026-04-26,Australia,AUS,Dengue,4
2026-05-03,Australia,AUS,Dengue,3
2026-05-10,Australia,AUS,Dengue,4
2026-05-17,Australia,AUS,Dengue,5
2026-05-24,Australia,AUS,Dengue,4
2026-05-31,Australia,AUS,Dengue,5
2026-06-07,Australia,AUS,Dengue,4
2026-06-14,Australia,AUS,Dengue,5
2026-06-21,Australia,AUS,Dengue,9
2026-06-28,Australia,AUS,Dengue,8
2026-07-05,Australia,AUS,Dengue,7
2026-07-12,Australia,AUS,Dengue,7
2026-07-19,Australia,AUS,Dengue,8
2026-07-26,Australia,AUS,Dengue,9
2026-08-02,Australia,AUS,Dengue,9
2026-08-09,Australia,AUS,Dengue,11
2026-08-16,Australia,AUS,Dengue,9
2026-08-23,Australia,AUS,Dengue,9
2026-08-30,Australia,AUS,Dengue,11
2026-09-06,Australia,AUS,Dengue,9
2026-09-13,Australia,AUS,Dengue,12
2026-09-20,Australia,AUS,Dengue,11
2026-09-27,Australia,AUS,Dengue,8
2026-10-04,Australia,AUS,Dengue,10
2024-10-13,Australia,AUS,Influenza,1522
2024-10-20,Australia,AUS,Influenza,1899
2024-10-27,Australia,AUS,Influenza,1378
2024-11-03,Australia,AUS,Influenza,1502
2024-11-10,Australia,AUS,Influenza,1109
2024-11-17,Australia,AUS,Influenza,649
2024-11-24,Australia,AUS,Influenza,436
2024-12-01,Australia,AUS,Influenza,454
2024-12-08,Australia,AUS,Influenza,351
2024-12-15,Australia,AUS,Influenza,475
2024-12-22,Australia,AUS,Influenza,336
2024-12-29,Australia,AUS,Influenza,360
2025-01-05,Australia,AUS,Influenza,293
2025-01-12,Australia,AUS,Influenza,294
2025-01-19,Australia,AUS,Influenza,300
2025-01-26,Australia,AUS,Influenza,351
2025-02-02,Australia,AUS,Influenza,315
2025-02-09,Australia,AUS,Influenza,254
2025-02-16,Australia,AUS,Influenza,381
2025-02-23,Australia,AUS,Influenza,302
2025-03-02,Australia,AUS,Influenza,314
2025-03-09,Australia,AUS,Influenza,215
2025-03-16,Australia,AUS,Influenza,470
2025-03-23,Australia,AUS,Influenza,520
2025-03-30,Australia,AUS,Influenza,634
2025-04-06,Australia,AUS,Influenza,725
2025-04-13,Australia,AUS,Influenza,873
2025-04-20,Australia,AUS,Influenza,1110
2025-04-27,Australia,AUS,Influenza,1531
2025-05-04,Australia,AUS,Influenza,1885
2025-05-11,Australia,AUS,Influenza,1966
2025-05-18,Australia,AUS,Influenza,2713
2025-05-25,Australia,AUS,Influenza,2693
2025-06-01,Australia,AUS,Influenza,2847
2025-06-08,Australia,AUS,Influenza,3528
2025-06-15,Australia,AUS,Influenza,2990
2025-06-22,Australia,AUS,Influenza,4198
2025-06-29,Australia,AUS,Influenza,3319
2025-07-06,Australia,AUS,Influenza,3833
2025-07-13,Australia,AUS,Influenza,3270
2025-07-20,Australia,AUS,Influenza,4662
2025-07-27,Australia,AUS,Influenza,5985
2025-08-03,Australia,AUS,Influenza,4704
2025-08-10,Australia,AUS,Influenza,5143
2025-08-17,Australia,AUS,Influenza,6131
2025-08-24,Australia,AUS,Influenza,4580
2025-08-31,Australia,AUS,Influenza,3591
2025-09-07,Australia,AUS,Influenza,3402
2025-09-14,Australia,AUS,Influenza,3427
2025-09-21,Australia,AUS,Influenza,2787
2025-09-28,Australia,AUS,Influenza,2497
2025-10-05,Australia,AUS,Influenza,2725
2025-10-12,Australia,AUS,Influenza,2350
2025-10-19,Australia,AUS,Influenza,1295
2025-10-26,Australia,AUS,Influenza,1256
2025-11-02,Australia,AUS,Influenza,1093
2025-11-09,Australia,AUS,Influenza,1041
2025-11-16,Australia,AUS,Influenza,904
2025-11-23,Australia,AUS,Influenza,878
2025-11-30,Australia,AUS,Influenza,476
2025-12-07,Australia,AUS,Influenza,403
2025-12-14,Australia,AUS,Influenza,406
2025-12-21,Australia,AUS,Influenza,302
2025-12-28,Australia,AUS,Influenza,309
2026-01-04,Australia,AUS,Influenza,287
2026-01-11,Australia,AUS,Influenza,183
2026-01-18,Australia,AUS,Influenza,307
2026-01-25,Australia,AUS,Influenza,293
2026-02-01,Australia,AUS,Influenza,359
2026-02-08,Australia,AUS,Influenza,303
2026-02-15,Australia,AUS,Influenza,248
2026-02-22,Australia,AUS,Influenza,304
2026-03-01,Australia,AUS,Influenza,231
2026-03-08,Australia,AUS,Influenza,305
2026-03-15,Australia,AUS,Influenza,470
2026-03-22,Australia,AUS,Influenza,493
2026-03-29,Australia,AUS,Influenza,712
2026-04-05,Australia,AUS,Influenza,544
2026-04-12,Australia,AUS,Influenza,920
2026-04-19,Australia,AUS,Influenza,1091
2026-04-26,Australia,AUS,Influenza,1636
2026-05-03,Australia,AUS,Influenza,1894
2026-05-10,Australia,AUS,Influenza,2233
2026-05-17,Australia,AUS,Influenza,2924
2026-05-24,Australia,AUS,Influenza,2575
2026-05-31,Australia,AUS,Influenza,3696
2026-06-07,Australia,AUS,Influenza,2890
2026-06-14,Australia,AUS,Influenza,3147
2026-06-21,Australia,AUS,Influenza,4514
2026-06-28,Australia,AUS,Influenza,3343
2026-07-05,Australia,AUS,Influenza,4921
2026-07-12,Australia,AUS,Influenza,4762
2026-07-19,Australia,AUS,Influenza,5558
2026-07-26,Australia,AUS,Influenza,4778
2026-08-02,Australia,AUS,Influenza,4828
2026-08-09,Australia,AUS,Influenza,5049
2026-08-16,Australia,AUS,Influenza,4081
2026-08-23,Australia,AUS,Influenza,3861
2026-08-30,Australia,AUS,Influenza,4345
2026-09-06,Australia,AUS,Influenza,3739
2026-09-13,Australia,AUS,Influenza,3217
2026-09-20,Australia,AUS,Influenza,3041
2026-09-27,Australia,AUS,Influenza,3377
2026-10-04,Australia,AUS,Influenza,2217
2024-10-13,Australia,AUS,COVID-19,336
2024-10-20,Australia,AUS,COVID-19,269
2024-10-27,Australia,AUS,COVID-19,360
2024-11-03,Australia,AUS,COVID-19,398
2024-11-10,Australia,AUS,COVID-19,408
2024-11-17,Australia,AUS,COVID-19,370
2024-11-24,Australia,AUS,COVID-19,418
2024-12-01,Australia,AUS,COVID-19,409
2024-12-08,Australia,AUS,COVID-19,436
2024-12-15,Australia,AUS,COVID-19,437
2024-12-22,Australia,AUS,COVID-19,485
2024-12-29,Australia,AUS,COVID-19,399
2025-01-05,Australia,AUS,COVID-19,347
2025-01-12,Australia,AUS,COVID-19,512
2025-01-19,Australia,AUS,COVID-19,568
2025-01-26,Australia,AUS,COVID-19,696
2025-02-02,Australia,AUS,COVID-19,753
2025-02-09,Australia,AUS,COVID-19,922
2025-02-16,Australia,AUS,COVID-19,883
2025-02-23,Australia,AUS,COVID-19,942
2025-03-02,Australia,AUS,COVID-19,808
2025-03-09,Australia,AUS,COVID-19,1180
2025-03-16,Australia,AUS,COVID-19,1128
2025-03-23,Australia,AUS,COVID-19,1361
2025-03-30,Australia,AUS,COVID-19,1399
2025-04-06,Australia,AUS,COVID-19,1533
2025-04-13,Australia,AUS,COVID-19,1425
2025-04-20,Australia,AUS,COVID-19,1632
2025-04-27,Australia,AUS,COVID-19,821
2025-05-04,Australia,AUS,COVID-19,1356
2025-05-11,Australia,AUS,COVID-19,1452
2025-05-18,Australia,AUS,COVID-19,1444
2025-05-25,Australia,AUS,COVID-19,1131
2025-06-01,Australia,AUS,COVID-19,1141
2025-06-08,Australia,AUS,COVID-19,828
2025-06-15,Australia,AUS,COVID-19,714
2025-06-22,Australia,AUS,COVID-19,683
2025-06-29,Australia,AUS,COVID-19,564
2025-07-06,Australia,AUS,COVID-19,450
2025-07-13,Australia,AUS,COVID-19,431
2025-07-20,Australia,AUS,COVID-19,363
2025-07-27,Australia,AUS,COVID-19,447
2025-08-03,Australia,AUS,COVID-19,402
2025-08-10,Australia,AUS,COVID-19,373
2025-08-17,Australia,AUS,COVID-19,360
2025-08-24,Australia,AUS,COVID-19,429
2025-08-31,Australia,AUS,COVID-19,458
2025-09-07,Australia,AUS,COVID-19,355
2025-09-14,Australia,AUS,COVID-19,366
2025-09-21,Australia,AUS,COVID-19,557
2025-09-28,Australia,AUS,COVID-19,422
2025-10-05,Australia,AUS,COVID-19,636
2025-10-12,Australia,AUS,COVID-19,816
2025-10-19,Australia,AUS,COVID-19,918
2025-10-26,Australia,AUS,COVID-19,925
2025-11-02,Australia,AUS,COVID-19,1040
2025-11-09,Australia,AUS,COVID-19,1413
2025-11-16,Australia,AUS,COVID-19,766
2025-11-23,Australia,AUS,COVID-19,1213
2025-11-30,Australia,AUS,COVID-19,1608
2025-12-07,Australia,AUS,COVID-19,1462
2025-12-14,Australia,AUS,COVID-19,1945
2025-12-21,Australia,AUS,COVID-19,1710
2025-12-28,Australia,AUS,COVID-19,1811
2026-01-04,Australia,AUS,COVID-19,1730
2026-01-11,Australia,AUS,COVID-19,1662
2026-01-18,Australia,AUS,COVID-19,1628
2026-01-25,Australia,AUS,COVID-19,1787
2026-02-01,Australia,AUS,COVID-19,1446
2026-02-08,Australia,AUS,COVID-19,1755
2026-02-15,Australia,AUS,COVID-19,1561
2026-02-22,Australia,AUS,COVID-19,1513
2026-03-01,Australia,AUS,COVID-19,975
2026-03-08,Australia,AUS,COVID-19,783
2026-03-15,Australia,AUS,COVID-19,935
2026-03-22,Australia,AUS,COVID-19,1190
2026-03-29,Australia,AUS,COVID-19,875
2026-04-05,Australia,AUS,COVID-19,599
2026-04-12,Australia,AUS,COVID-19,623
2026-04-19,Australia,AUS,COVID-19,588
2026-04-26,Australia,AUS,COVID-19,386
2026-05-03,Australia,AUS,COVID-19,545
2026-05-10,Australia,AUS,COVID-19,417
2026-05-17,Australia,AUS,COVID-19,406
2026-05-24,Australia,AUS,COVID-19,405
2026-05-31,Australia,AUS,COVID-19,477
2026-06-07,Australia,AUS,COVID-19,375
2026-06-14,Australia,AUS,COVID-19,339
2026-06-21,Australia,AUS,COVID-19,534
2026-06-28,Australia,AUS,COVID-19,408
2026-07-05,Australia,AUS,COVID-19,662
2026-07-12,Australia,AUS,COVID-19,964
2026-07-19,Australia,AUS,COVID-19,1037
2026-07-26,Australia,AUS,COVID-19,1254
2026-08-02,Australia,AUS,COVID-19,1300
2026-08-09,Australia,AUS,COVID-19,1705
2026-08-16,Australia,AUS,COVID-19,1151
2026-08-23,Australia,AUS,COVID-19,1290
2026-08-30,Australia,AUS,COVID-19,1052
2026-09-06,Australia,AUS,COVID-19,1146
2026-09-13,Australia,AUS,COVID-19,858
2026-09-20,Australia,AUS,COVID-19,924
2026-09-27,Australia,AUS,COVID-19,572
2026-10-04,Australia,AUS,COVID-19,643
2024-10-13,New Zealand,NZL,Dengue,1
2024-10-20,New Zealand,NZL,Dengue,1
2024-10-27,New Zealand,NZL,Dengue,1
2024-11-03,New Zealand,NZL,Dengue,1
2024-11-10,New Zealand,NZL,Dengue,1
2024-11-17,New Zealand,NZL,Dengue,1
2024-11-24,New Zealand,NZL,Dengue,1
2024-12-01,New Zealand,NZL,Dengue,0
2024-12-08,New Zealand,NZL,Dengue,1
2024-12-15,New Zealand,NZL,Dengue,0
2024-12-22,New Zealand,NZL,Dengue,1
2024-12-29,New Zealand,NZL,Dengue,1
2025-01-05,New Zealand,NZL,Dengue,1
2025-01-12,New Zealand,NZL,Dengue,0
2025-01-19,New Zealand,NZL,Dengue,0
2025-01-26,New Zealand,NZL,Dengue,0
2025-02-02,New Zealand,NZL,Dengue,0
2025-02-09,New Zealand,NZL,Dengue,0
2025-02-16,New Zealand,NZL,Dengue,0
2025-02-23,New Zealand,NZL,Dengue,0
2025-03-02,New Zealand,NZL,Dengue,0
2025-03-09,New Zealand,NZL,Dengue,0
2025-03-16,New Zealand,NZL,Dengue,0
2025-03-23,New Zealand,NZL,Dengue,0
2025-03-30,New Zealand,NZL,Dengue,0
2025-04-06,New Zealand,NZL,Dengue,0
2025-04-13,New Zealand,NZL,Dengue,1
2025-04-20,New Zealand,NZL,Dengue,0
2025-04-27,New Zealand,NZL,Dengue,0
2025-05-04,New Zealand,NZL,Dengue,0
2025-05-11,New Zealand,NZL,Dengue,0
2025-05-18,New Zealand,NZL,Dengue,1
2025-05-25,New Zealand,NZL,Dengue,0
2025-06-01,New Zealand,NZL,Dengue,1
2025-06-08,New Zealand,NZL,Dengue,1
2025-06-15,New Zealand,NZL,Dengue,1
2025-06-22,New Zealand,NZL,Dengue,1
2025-06-29,New Zealand,NZL,Dengue,1
2025-07-06,New Zealand,NZL,Dengue,1
2025-07-13,New Zealand,NZL,Dengue,1
2025-07-20,New Zealand,NZL,Dengue,1
2025-07-27,New Zealand,NZL,Dengue,1
2025-08-03,New Zealand,NZL,Dengue,1
2025-08-10,New Zealand,NZL,Dengue,1
2025-08-17,New Zealand,NZL,Dengue,1
2025-08-24,New Zealand,NZL,Dengue,1
2025-08-31,New Zealand,NZL,Dengue,1
2025-09-07,New Zealand,NZL,Dengue,1
2025-09-14,New Zealand,NZL,Dengue,2
2025-09-21,New Zealand,NZL,Dengue,1
2025-09-28,New Zealand,NZL,Dengue,1
2025-10-05,New Zealand,NZL,Dengue,1
2025-10-12,New Zealand,NZL,Dengue,1
2025-10-19,New Zealand,NZL,Dengue,1
2025-10-26,New Zealand,NZL,Dengue,1
2025-11-02,New Zealand,NZL,Dengue,1
2025-11-09,New Zealand,NZL,Dengue,1
2025-11-16,New Zealand,NZL,Dengue,1
2025-11-23,New Zealand,NZL,Dengue,0
2025-11-30,New Zealand,NZL,Dengue,1
2025-12-07,New Zealand,NZL,Dengue,1
2025-12-14,New Zealand,NZL,Dengue,1
2025-12-21,New Zealand,NZL,Dengue,0
2025-12-28,New Zealand,NZL,Dengue,1
2026-01-04,New Zealand,NZL,Dengue,0
2026-01-11,New Zealand,NZL,Dengue,1
2026-01-18,New Zealand,NZL,Dengue,0
2026-01-25,New Zealand,NZL,Dengue,1
2026-02-01,New Zealand,NZL,Dengue,1
2026-02-08,New Zealand,NZL,Dengue,0
2026-02-15,New Zealand,NZL,Dengue,0
2026-02-22,New Zealand,NZL,Dengue,0
2026-03-01,New Zealand,NZL,Dengue,0
2026-03-08,New Zealand,NZL,Dengue,0
2026-03-15,New Zealand,NZL,Dengue,1
2026-03-22,New Zealand,NZL,Dengue,0
2026-03-29,New Zealand,NZL,Dengue,0
2026-04-05,New Zealand,NZL,Dengue,0
2026-04-12,New Zealand,NZL,Dengue,0
2026-04-19,New Zealand,NZL,Dengue,0
2026-04-26,New Zealand,NZL,Dengue,0
2026-05-03,New Zealand,NZL,Dengue,1
2026-05-10,New Zealand,NZL,Dengue,1
2026-05-17,New Zealand,NZL,Dengue,1
2026-05-24,New Zealand,NZL,Dengue,1
2026-05-31,New Zealand,NZL,Dengue,1
2026-06-07,New Zealand,NZL,Dengue,1
2026-06-14,New Zealand,NZL,Dengue,1
2026-06-21,New Zealand,NZL,Dengue,1
2026-06-28,New Zealand,NZL,Dengue,1
2026-07-05,New Zealand,NZL,Dengue,1
2026-07-12,New Zealand,NZL,Dengue,1
2026-07-19,New Zealand,NZL,Dengue,1
2026-07-26,New Zealand,NZL,Dengue,1
2026-08-02,New Zealand,NZL,Dengue,1
2026-08-09,New Zealand,NZL,Dengue,1
2026-08-16,New Zealand,NZL,Dengue,1
2026-08-23,New Zealand,NZL,Dengue,1
2026-08-30,New Zealand,NZL,Dengue,1
2026-09-06,New Zealand,NZL,Dengue,2
2026-09-13,New Zealand,NZL,Dengue,1
2026-09-20,New Zealand,NZL,Dengue,1
2026-09-27,New Zealand,NZL,Dengue,1
2026-10-04,New Zealand,NZL,Dengue,1
2024-10-13,New Zealand,NZL,Influenza,306
2024-10-20,New Zealand,NZL,Influenza,235
2024-10-27,New Zealand,NZL,Influenza,143
2024-11-03,New Zealand,NZL,Influenza,140
2024-11-10,New Zealand,NZL,Influenza,98
2024-11-17,New Zealand,NZL,Influenza,76
2024-11-24,New Zealand,NZL,Influenza,84
2024-12-01,New Zealand,NZL,Influenza,73
2024-12-08,New Zealand,NZL,Influenza,61
2024-12-15,New Zealand,NZL,Influenza,54
2024-12-22,New Zealand,NZL,Influenza,44
2024-12-29,New Zealand,NZL,Influenza,40
2025-01-05,New Zealand,NZL,Influenza,34
2025-01-12,New Zealand,NZL,Influenza,37
2025-01-19,New Zealand,NZL,Influenza,32
2025-01-26,New Zealand,NZL,Influenza,35
2025-02-02,New Zealand,NZL,Influenza,40
2025-02-09,New Zealand,NZL,Influenza,39
2025-02-16,New Zealand,NZL,Influenza,59
2025-02-23,New Zealand,NZL,Influenza,33
2025-03-02,New Zealand,NZL,Influenza,44
2025-03-09,New Zealand,NZL,Influenza,39
2025-03-16,New Zealand,NZL,Influenza,54
2025-03-23,New Zealand,NZL,Influenza,64
2025-03-30,New Zealand,NZL,Influenza,93
2025-04-06,New Zealand,NZL,Influenza,95
2025-04-13,New Zealand,NZL,Influenza,123
2025-04-20,New Zealand,NZL,Influenza,145
2025-04-27,New Zealand,NZL,Influenza,150
2025-05-04,New Zealand,NZL,Influenza,205
2025-05-11,New Zealand,NZL,Influenza,254
2025-05-18,New Zealand,NZL,Influenza,318
2025-05-25,New Zealand,NZL,Influenza,391
2025-06-01,New Zealand,NZL,Influenza,393
2025-06-08,New Zealand,NZL,Influenza,436
2025-06-15,New Zealand,NZL,Influenza,369
2025-06-22,New Zealand,NZL,Influenza,580
2025-06-29,New Zealand,NZL,Influenza,512
2025-07-06,New Zealand,NZL,Influenza,667
2025-07-13,New Zealand,NZL,Influenza,743
2025-07-20,New Zealand,NZL,Influenza,615
2025-07-27,New Zealand,NZL,Influenza,540
2025-08-03,New Zealand,NZL,Influenza,632
2025-08-10,New Zealand,NZL,Influenza,653
2025-08-17,New Zealand,NZL,Influenza,571
2025-08-24,New Zealand,NZL,Influenza,523
2025-08-31,New Zealand,NZL,Influenza,582
2025-09-07,New Zealand,NZL,Influenza,534
2025-09-14,New Zealand,NZL,Influenza,430
2025-09-21,New Zealand,NZL,Influenza,306
2025-09-28,New Zealand,NZL,Influenza,385
2025-10-05,New Zealand,NZL,Influenza,278
2025-10-12,New Zealand,NZL,Influenza,278
2025-10-19,New Zealand,NZL,Influenza,233
2025-10-26,New Zealand,NZL,Influenza,136
2025-11-02,New Zealand,NZL,Influenza,157
2025-11-09,New Zealand,NZL,Influenza,136
2025-11-16,New Zealand,NZL,Influenza,112
2025-11-23,New Zealand,NZL,Influenza,84
2025-11-30,New Zealand,NZL,Influenza,48
2025-12-07,New Zealand,NZL,Influenza,68
2025-12-14,New Zealand,NZL,Influenza,52
2025-12-21,New Zealand,NZL,Influenza,36
2025-12-28,New Zealand,NZL,Influenza,37
2026-01-04,New Zealand,NZL,Influenza,42
2026-01-11,New Zealand,NZL,Influenza,44
2026-01-18,New Zealand,NZL,Influenza,37
2026-01-25,New Zealand,NZL,Influenza,45
2026-02-01,New Zealand,NZL,Influenza,29
2026-02-08,New Zealand,NZL,Influenza,34
2026-02-15,New Zealand,NZL,Influenza,28
2026-02-22,New Zealand,NZL,Influenza,36
2026-03-01,New Zealand,NZL,Influenza,55
2026-03-08,New Zealand,NZL,Influenza,65
2026-03-15,New Zealand,NZL,Influenza,59
2026-03-22,New Zealand,NZL,Influenza,61
2026-03-29,New Zealand,NZL,Influenza,80
2026-04-05,New Zealand,NZL,Influenza,109
2026-04-12,New Zealand,NZL,Influenza,97
2026-04-19,New Zealand,NZL,Influenza,142
2026-04-26,New Zealand,NZL,Influenza,230
2026-05-03,New Zealand,NZL,Influenza,192
2026-05-10,New Zealand,NZL,Influenza,239
2026-05-17,New Zealand,NZL,Influenza,315
2026-05-24,New Zealand,NZL,Influenza,376
2026-05-31,New Zealand,NZL,Influenza,369
2026-06-07,New Zealand,NZL,Influenza,458
2026-06-14,New Zealand,NZL,Influenza,542
2026-06-21,New Zealand,NZL,Influenza,694
2026-06-28,New Zealand,NZL,Influenza,560
2026-07-05,New Zealand,NZL,Influenza,596
2026-07-12,New Zealand,NZL,Influenza,763
2026-07-19,New Zealand,NZL,Influenza,581
2026-07-26,New Zealand,NZL,Influenza,511
2026-08-02,New Zealand,NZL,Influenza,657
2026-08-09,New Zealand,NZL,Influenza,721
2026-08-16,New Zealand,NZL,Influenza,632
2026-08-23,New Zealand,NZL,Influenza,563
2026-08-30,New Zealand,NZL,Influenza,420
2026-09-06,New Zealand,NZL,Influenza,492
2026-09-13,New Zealand,NZL,Influenza,537
2026-09-20,New Zealand,NZL,Influenza,332
2026-09-27,New Zealand,NZL,Influenza,347
2026-10-04,New Zealand,NZL,Influenza,296
2024-10-13,New Zealand,NZL,COVID-19,43
2024-10-20,New Zealand,NZL,COVID-19,50
2024-10-27,New Zealand,NZL,COVID-19,51
2024-11-03,New Zealand,NZL,COVID-19,51
2024-11-10,New Zealand,NZL,COVID-19,41
2024-11-17,New Zealand,NZL,COVID-19,36
2024-11-24,New Zealand,NZL,COVID-19,50
2024-12-01,New Zealand,NZL,COVID-19,45
2024-12-08,New Zealand,NZL,COVID-19,63
2024-12-15,New Zealand,NZL,COVID-19,65
2024-12-22,New Zealand,NZL,COVID-19,67
2024-12-29,New Zealand,NZL,COVID-19,46
2025-01-05,New Zealand,NZL,COVID-19,62
2025-01-12,New Zealand,NZL,COVID-19,70
2025-01-19,New Zealand,NZL,COVID-19,75
2025-01-26,New Zealand,NZL,COVID-19,71
2025-02-02,New Zealand,NZL,COVID-19,100
2025-02-09,New Zealand,NZL,COVID-19,94
2025-02-16,New Zealand,NZL,COVID-19,109
2025-02-23,New Zealand,NZL,COVID-19,93
2025-03-02,New Zealand,NZL,COVID-19,148
2025-03-09,New Zealand,NZL,COVID-19,143
2025-03-16,New Zealand,NZL,COVID-19,174
2025-03-23,New Zealand,NZL,COVID-19,181
2025-03-30,New Zealand,NZL,COVID-19,189
2025-04-06,New Zealand,NZL,COVID-19,188
2025-04-13,New Zealand,NZL,COVID-19,214
2025-04-20,New Zealand,NZL,COVID-19,184
2025-04-27,New Zealand,NZL,COVID-19,143
2025-05-04,New Zealand,NZL,COVID-19,189
2025-05-11,New Zealand,NZL,COVID-19,143
2025-05-18,New Zealand,NZL,COVID-19,120
2025-05-25,New Zealand,NZL,COVID-19,114
2025-06-01,New Zealand,NZL,COVID-19,126
2025-06-08,New Zealand,NZL,COVID-19,105
2025-06-15,New Zealand,NZL,COVID-19,64
2025-06-22,New Zealand,NZL,COVID-19,79
2025-06-29,New Zealand,NZL,COVID-19,88
2025-07-06,New Zealand,NZL,COVID-19,63
2025-07-13,New Zealand,NZL,COVID-19,60
2025-07-20,New Zealand,NZL,COVID-19,67
2025-07-27,New Zealand,NZL,COVID-19,61
2025-08-03,New Zealand,NZL,COVID-19,61
2025-08-10,New Zealand,NZL,COVID-19,30
2025-08-17,New Zealand,NZL,COVID-19,66
2025-08-24,New Zealand,NZL,COVID-19,58
2025-08-31,New Zealand,NZL,COVID-19,74
2025-09-07,New Zealand,NZL,COVID-19,50
2025-09-14,New Zealand,NZL,COVID-19,44
2025-09-21,New Zealand,NZL,COVID-19,65
2025-09-28,New Zealand,NZL,COVID-19,67
2025-10-05,New Zealand,NZL,COVID-19,85
2025-10-12,New Zealand,NZL,COVID-19,101
2025-10-19,New Zealand,NZL,COVID-19,96
2025-10-26,New Zealand,NZL,COVID-19,106
2025-11-02,New Zealand,NZL,COVID-19,134
2025-11-09,New Zealand,NZL,COVID-19,134
2025-11-16,New Zealand,NZL,COVID-19,148
2025-11-23,New Zealand,NZL,COVID-19,199
2025-11-30,New Zealand,NZL,COVID-19,224
2025-12-07,New Zealand,NZL,COVID-19,237
2025-12-14,New Zealand,NZL,COVID-19,211
2025-12-21,New Zealand,NZL,COVID-19,154
2025-12-28,New Zealand,NZL,COVID-19,230
2026-01-04,New Zealand,NZL,COVID-19,212
2026-01-11,New Zealand,NZL,COVID-19,234
2026-01-18,New Zealand,NZL,COVID-19,211
2026-01-25,New Zealand,NZL,COVID-19,226
2026-02-01,New Zealand,NZL,COVID-19,183
2026-02-08,New Zealand,NZL,COVID-19,164
2026-02-15,New Zealand,NZL,COVID-19,222
2026-02-22,New Zealand,NZL,COVID-19,147
2026-03-01,New Zealand,NZL,COVID-19,155
2026-03-08,New Zealand,NZL,COVID-19,159
2026-03-15,New Zealand,NZL,COVID-19,141
2026-03-22,New Zealand,NZL,COVID-19,123
2026-03-29,New Zealand,NZL,COVID-19,102
2026-04-05,New Zealand,NZL,COVID-19,96
2026-04-12,New Zealand,NZL,COVID-19,93
2026-04-19,New Zealand,NZL,COVID-19,75
2026-04-26,New Zealand,NZL,COVID-19,47
2026-05-03,New Zealand,NZL,COVID-19,55
2026-05-10,New Zealand,NZL,COVID-19,62
2026-05-17,New Zealand,NZL,COVID-19,49
2026-05-24,New Zealand,NZL,COVID-19,66
2026-05-31,New Zealand,NZL,COVID-19,53
2026-06-07,New Zealand,NZL,COVID-19,57
2026-06-14,New Zealand,NZL,COVID-19,70
2026-06-21,New Zealand,NZL,COVID-19,66
2026-06-28,New Zealand,NZL,COVID-19,80
2026-07-05,New Zealand,NZL,COVID-19,104
2026-07-12,New Zealand,NZL,COVID-19,84
2026-07-19,New Zealand,NZL,COVID-19,121
2026-07-26,New Zealand,NZL,COVID-19,161
2026-08-02,New Zealand,NZL,COVID-19,159
2026-08-09,New Zealand,NZL,COVID-19,202
2026-08-16,New Zealand,NZL,COVID-19,128
2026-08-23,New Zealand,NZL,COVID-19,120
2026-08-30,New Zealand,NZL,COVID-19,166
2026-09-06,New Zealand,NZL,COVID-19,150
2026-09-13,New Zealand,NZL,COVID-19,111
2026-09-20,New Zealand,NZL,COVID-19,103
2026-09-27,New Zealand,NZL,COVID-19,91
2026-10-04,New Zealand,NZL,COVID-19,62
