date,state,country,disease,cases
2024-10-13,Maharashtra,India,Dengue,14515
2024-10-20,Maharashtra,India,Dengue,14637
2024-10-27,Maharashtra,India,Dengue,9548
2024-11-03,Maharashtra,India,Dengue,9910
2024-11-10,Maharashtra,India,Dengue,8541
2024-11-17,Maharashtra,India,Dengue,8049
2024-11-24,Maharashtra,India,Dengue,6369
2024-12-01,Maharashtra,India,Dengue,4869
2024-12-08,Maharashtra,India,Dengue,5193
2024-12-15,Maharashtra,India,Dengue,3305
2024-12-22,Maharashtra,India,Dengue,2839
2024-12-29,Maharashtra,India,Dengue,1893
2025-01-05,Maharashtra,India,Dengue,1903
2025-01-12,Maharashtra,India,Dengue,2030
2025-01-19,Maharashtra,India,Dengue,1807
2025-01-26,Maharashtra,India,Dengue,1775
2025-02-02,Maharashtra,India,Dengue,1708
2025-02-09,Maharashtra,India,Dengue,2042
2025-02-16,Maharashtra,India,Dengue,1375
2025-02-23,Maharashtra,India,Dengue,1173
2025-03-02,Maharashtra,India,Dengue,1307
2025-03-09,Maharashtra,India,Dengue,1390
2025-03-16,Maharashtra,India,Dengue,1330
2025-03-23,Maharashtra,India,Dengue,1583
2025-03-30,Maharashtra,India,Dengue,1861
2025-04-06,Maharashtra,India,Dengue,1944
2025-04-13,Maharashtra,India,Dengue,1730
2025-04-20,Maharashtra,India,Dengue,2202
2025-04-27,Maharashtra,India,Dengue,1676
2025-05-04,Maharashtra,India,Dengue,1467
2025-05-11,Maharashtra,India,Dengue,2555
2025-05-18,Maharashtra,India,Dengue,1871
2025-05-25,Maharashtra,India,Dengue,2747
2025-06-01,Maharashtra,India,Dengue,4059
2025-06-08,Maharashtra,India,Dengue,4527
2025-06-15,Maharashtra,India,Dengue,5436
2025-06-22,Maharashtra,India,Dengue,5559
2025-06-29,Maharashtra,India,Dengue,8041
2025-07-06,Maharashtra,India,Dengue,10889
2025-07-13,Maharashtra,India,Dengue,10977
2025-07-20,Maharashtra,India,Dengue,10897
2025-07-27,Maharashtra,India,Dengue,11314
2025-08-03,Maharashtra,India,Dengue,13441
2025-08-10,Maharashtra,India,Dengue,17505
2025-08-17,Maharashtra,India,Dengue,18469
2025-08-24,Maharashtra,India,Dengue,16144
2025-08-31,Maharashtra,India,Dengue,12597
2025-09-07,Maharashtra,India,Dengue,20240
2025-09-14,Maharashtra,India,Dengue,16369
2025-09-21,Maharashtra,India,Dengue,20392
2025-09-28,Maharashtra,India,Dengue,15743
2025-10-05,Maharashtra,India,Dengue,14289
2025-10-12,Maharashtra,India,Dengue,15939
2025-10-19,Maharashtra,India,Dengue,19258
2025-10-26,Maharashtra,India,Dengue,14205
2025-11-02,Maharashtra,India,Dengue,11500
2025-11-09,Maharashtra,India,Dengue,10307
2025-11-16,Maharashtra,India,Dengue,6160
2025-11-23,Maharashtra,India,Dengue,5848
2025-11-30,Maharashtra,India,Dengue,3645
2025-12-07,Maharashtra,India,Dengue,6072
2025-12-14,Maharashtra,India,Dengue,4871
2025-12-21,Maharashtra,India,Dengue,3465
2025-12-28,Maharashtra,India,Dengue,2795
2026-01-04,Maharashtra,India,Dengue,1801
2026-01-11,Maharashtra,India,Dengue,2007
2026-01-18,Maharashtra,India,Dengue,2409
2026-01-25,Maharashtra,India,Dengue,1828
2026-02-01,Maharashtra,India,Dengue,1590
2026-02-08,Maharashtra,India,Dengue,1260
2026-02-15,Maharashtra,India,Dengue,2057
2026-02-22,Maharashtra,India,Dengue,1686
2026-03-01,Maharashtra,India,Dengue,1257
2026-03-08,Maharashtra,India,Dengue,1473
2026-03-15,Maharashtra,India,Dengue,1384
2026-03-22,Maharashtra,India,Dengue,1682
2026-03-29,Maharashtra,India,Dengue,1776
2026-04-05,Maharashtra,India,Dengue,1605
2026-04-12,Maharashtra,India,Dengue,1973
2026-04-19,Maharashtra,India,Dengue,1852
2026-04-26,Maharashtra,India,Dengue,2255
2026-05-03,Maharashtra,India,Dengue,2020
2026-05-10,Maharashtra,India,Dengue,3530
2026-05-17,Maharashtra,India,Dengue,2597
2026-05-24,Maharashtra,India,Dengue,2940
2026-05-31,Maharashtra,India,Dengue,3496
2026-06-07,Maharashtra,India,Dengue,4885
2026-06-14,Maharashtra,India,Dengue,4557
2026-06-21,Maharashtra,India,Dengue,7738
2026-06-28,Maharashtra,India,Dengue,6309
2026-07-05,Maharashtra,India,Dengue,10630
2026-07-12,Maharashtra,India,Dengue,9568
2026-07-19,Maharashtra,India,Dengue,12866
2026-07-26,Maharashtra,India,Dengue,16640
2026-08-02,Maharashtra,India,Dengue,22561
2026-08-09,Maharashtra,India,Dengue,15186
2026-08-16,Maharashtra,India,Dengue,18808
2026-08-23,Maharashtra,India,Dengue,17916
2026-08-30,Maharashtra,India,Dengue,17949
2026-09-06,Maharashtra,India,Dengue,18614
2026-09-13,Maharashtra,India,Dengue,23271
2026-09-20,Maharashtra,India,Dengue,18751
2026-09-27,Maharashtra,India,Dengue,25994
2026-10-04,Maharashtra,India,Dengue,19504
2024-10-13,Maharashtra,India,Influenza,3485
2024-10-20,Maharashtra,India,Influenza,3387
2024-10-27,Maharashtra,India,Influenza,2734
2024-11-03,Maharashtra,India,Influenza,3008
2024-11-10,Maharashtra,India,Influenza,1751
2024-11-17,Maharashtra,India,Influenza,1614
2024-11-24,Maharashtra,India,Influenza,1620
2024-12-01,Maharashtra,India,Influenza,1754
2024-12-08,Maharashtra,India,Influenza,1724
2024-12-15,Maharashtra,India,Influenza,1643
2024-12-22,Maharashtra,India,Influenza,1405
2024-12-29,Maharashtra,India,Influenza,1252
2025-01-05,Maharashtra,India,Influenza,1400
2025-01-12,Maharashtra,India,Influenza,1031
2025-01-19,Maharashtra,India,Influenza,899
2025-01-26,Maharashtra,India,Influenza,1325
2025-02-02,Maharashtra,India,Influenza,1056
2025-02-09,Maharashtra,India,Influenza,1233
2025-02-16,Maharashtra,India,Influenza,1273
2025-02-23,Maharashtra,India,Influenza,1315
2025-03-02,Maharashtra,India,Influenza,1485
2025-03-09,Maharashtra,India,Influenza,1531
2025-03-16,Maharashtra,India,Influenza,1497
2025-03-23,Maharashtra,India,Influenza,1486
2025-03-30,Maharashtra,India,Influenza,1806
2025-04-06,Maharashtra,India,Influenza,1839
2025-04-13,Maharashtra,India,Influenza,2254
2025-04-20,Maharashtra,India,Influenza,3740
2025-04-27,Maharashtra,India,Influenza,3193
2025-05-04,Maharashtra,India,Influenza,3827
2025-05-11,Maharashtra,India,Influenza,3673
2025-05-18,Maharashtra,India,Influenza,5379
2025-05-25,Maharashtra,India,Influenza,5842
2025-06-01,Maharashtra,India,Influenza,6499
2025-06-08,Maharashtra,India,Influenza,6607
2025-06-15,Maharashtra,India,Influenza,8021
2025-06-22,Maharashtra,India,Influenza,8859
2025-06-29,Maharashtra,India,Influenza,8206
2025-07-06,Maharashtra,India,Influenza,8084
2025-07-13,Maharashtra,India,Influenza,9626
2025-07-20,Maharashtra,India,Influenza,7475
2025-07-27,Maharashtra,India,Influenza,7765
2025-08-03,Maharashtra,India,Influenza,8579
2025-08-10,Maharashtra,India,Influenza,6270
2025-08-17,Maharashtra,India,Influenza,9246
2025-08-24,Maharashtra,India,Influenza,6735
2025-08-31,Maharashtra,India,Influenza,6914
2025-09-07,Maharashtra,India,Influenza,6722
2025-09-14,Maharashtra,India,Influenza,6439
2025-09-21,Maharashtra,India,Influenza,5528
2025-09-28,Maharashtra,India,Influenza,5191
2025-10-05,Maharashtra,India,Influenza,4623
2025-10-12,Maharashtra,India,Influenza,3832
2025-10-19,Maharashtra,India,Influenza,3169
2025-10-26,Maharashtra,India,Influenza,3612
2025-11-02,Maharashtra,India,Influenza,1838
2025-11-09,Maharashtra,India,Influenza,2250
2025-11-16,Maharashtra,India,Influenza,1878
2025-11-23,Maharashtra,India,Influenza,1889
2025-11-30,Maharashtra,India,Influenza,1244
2025-12-07,Maharashtra,India,Influenza,1346
2025-12-14,Maharashtra,India,Influenza,1340
2025-12-21,Maharashtra,India,Influenza,1510
2025-12-28,Maharashtra,India,Influenza,1331
2026-01-04,Maharashtra,India,Influenza,1029
2026-01-11,Maharashtra,India,Influenza,1154
2026-01-18,Maharashtra,India,Influenza,1408
2026-01-25,Maharashtra,India,Influenza,1019
2026-02-01,Maharashtra,India,Influenza,1229
2026-02-08,Maharashtra,India,Influenza,1243
2026-02-15,Maharashtra,India,Influenza,1179
2026-02-22,Maharashtra,India,Influenza,1780
2026-03-01,Maharashtra,India,Influenza,1221
2026-03-08,Maharashtra,India,Influenza,1453
2026-03-15,Maharashtra,India,Influenza,1288
2026-03-22,Maharashtra,India,Influenza,1717
2026-03-29,Maharashtra,India,Influenza,2010
2026-04-05,Maharashtra,India,Influenza,1842
2026-04-12,Maharashtra,India,Influenza,2303
2026-04-19,Maharashtra,India,Influenza,2325
2026-04-26,Maharashtra,India,Influenza,2574
2026-05-03,Maharashtra,India,Influenza,4142
2026-05-10,Maharashtra,India,Influenza,3766
2026-05-17,Maharashtra,India,Influenza,2976
2026-05-24,Maharashtra,India,Influenza,6632
2026-05-31,Maharashtra,India,Influenza,5127
2026-06-07,Maharashtra,India,Influenza,6164
2026-06-14,Maharashtra,India,Influenza,8653
2026-06-21,Maharashtra,India,Influenza,7282
2026-06-28,Maharashtra,India,Influenza,7679
2026-07-05,Maharashtra,India,Influenza,6710
2026-07-12,Maharashtra,India,Influenza,6406
2026-07-19,Maharashtra,India,Influenza,8432
2026-07-26,Maharashtra,India,Influenza,9176
2026-08-02,Maharashtra,India,Influenza,9044
2026-08-09,Maharashtra,India,Influenza,7874
2026-08-16,Maharashtra,India,Influenza,8250
2026-08-23,Maharashtra,India,Influenza,5703
2026-08-30,Maharashtra,India,Influenza,7954
2026-09-06,Maharashtra,India,Influenza,7112
2026-09-13,Maharashtra,India,Influenza,8296
2026-09-20,Maharashtra,India,Influenza,5835
2026-09-27,Maharashtra,India,Influenza,4502
2026-10-04,Maharashtra,India,Influenza,4629
2024-10-13,Maharashtra,India,COVID-19,2838
2024-10-20,Maharashtra,India,COVID-19,3180
2024-10-27,Maharashtra,India,COVID-19,2999
2024-11-03,Maharashtra,India,COVID-19,2424
2024-11-10,Maharashtra,India,COVID-19,2260
2024-11-17,Maharashtra,India,COVID-19,3122
2024-11-24,Maharashtra,India,COVID-19,3644
2024-12-01,Maharashtra,India,COVID-19,3079
2024-12-08,Maharashtra,India,COVID-19,3459
2024-12-15,Maharashtra,India,COVID-19,3623
2024-12-22,Maharashtra,India,COVID-19,3369
2024-12-29,Maharashtra,India,COVID-19,2964
2025-01-05,Maharashtra,India,COVID-19,3676
2025-01-12,Maharashtra,India,COVID-19,4535
2025-01-19,Maharashtra,India,COVID-19,4528
2025-01-26,Maharashtra,India,COVID-19,5173
2025-02-02,Maharashtra,India,COVID-19,4854
2025-02-09,Maharashtra,India,COVID-19,5711
2025-02-16,Maharashtra,India,COVID-19,6545
2025-02-23,Maharashtra,India,COVID-19,7458
2025-03-02,Maharashtra,India,COVID-19,9886
2025-03-09,Maharashtra,India,COVID-19,6031
2025-03-16,Maharashtra,India,COVID-19,10197
2025-03-23,Maharashtra,India,COVID-19,10753
2025-03-30,Maharashtra,India,COVID-19,9095
2025-04-06,Maharashtra,India,COVID-19,13001
2025-04-13,Maharashtra,India,COVID-19,10637
2025-04-20,Maharashtra,India,COVID-19,11178
2025-04-27,Maharashtra,India,COVID-19,14626
2025-05-04,Maharashtra,India,COVID-19,12531
2025-05-11,Maharashtra,India,COVID-19,11025
2025-05-18,Maharashtra,India,COVID-19,9840
2025-05-25,Maharashtra,India,COVID-19,8205
2025-06-01,Maharashtra,India,COVID-19,9770
2025-06-08,Maharashtra,India,COVID-19,7466
2025-06-15,Maharashtra,India,COVID-19,5229
2025-06-22,Maharashtra,India,COVID-19,4122
2025-06-29,Maharashtra,India,COVID-19,5052
2025-07-06,Maharashtra,India,COVID-19,4169
2025-07-13,Maharashtra,India,COVID-19,3029
2025-07-20,Maharashtra,India,COVID-19,3830
2025-07-27,Maharashtra,India,COVID-19,3282
2025-08-03,Maharashtra,India,COVID-19,3571
2025-08-10,Maharashtra,India,COVID-19,3468
2025-08-17,Maharashtra,India,COVID-19,2952
2025-08-24,Maharashtra,India,COVID-19,3604
2025-08-31,Maharashtra,India,COVID-19,3131
2025-09-07,Maharashtra,India,COVID-19,3302
2025-09-14,Maharashtra,India,COVID-19,3442
2025-09-21,Maharashtra,India,COVID-19,4707
2025-09-28,Maharashtra,India,COVID-19,4207
2025-10-05,Maharashtra,India,COVID-19,5853
2025-10-12,Maharashtra,India,COVID-19,6870
2025-10-19,Maharashtra,India,COVID-19,5419
2025-10-26,Maharashtra,India,COVID-19,3863
2025-11-02,Maharashtra,India,COVID-19,8969
2025-11-09,Maharashtra,India,COVID-19,8266
2025-11-16,Maharashtra,India,COVID-19,8463
2025-11-23,Maharashtra,India,COVID-19,9809
2025-11-30,Maharashtra,India,COVID-19,11036
2025-12-07,Maharashtra,India,COVID-19,15180
2025-12-14,Maharashtra,India,COVID-19,13855
2025-12-21,Maharashtra,India,COVID-19,16924
2025-12-28,Maharashtra,India,COVID-19,15740
2026-01-04,Maharashtra,India,COVID-19,14199
2026-01-11,Maharashtra,India,COVID-19,14013
2026-01-18,Maharashtra,India,COVID-19,15873
2026-01-25,Maharashtra,India,COVID-19,15913
2026-02-01,Maharashtra,India,COVID-19,15519
2026-02-08,Maharashtra,India,COVID-19,12175
2026-02-15,Maharashtra,India,COVID-19,12037
2026-02-22,Maharashtra,India,COVID-19,11656
2026-03-01,Maharashtra,India,COVID-19,9127
2026-03-08,Maharashtra,India,COVID-19,7197
2026-03-15,Maharashtra,India,COVID-19,6783
2026-03-22,Maharashtra,India,COVID-19,6594
2026-03-29,Maharashtra,India,COVID-19,6667
2026-04-05,Maharashtra,India,COVID-19,6413
2026-04-12,Maharashtra,India,COVID-19,3849
2026-04-19,Maharashtra,India,COVID-19,3981
2026-04-26,Maharashtra,India,COVID-19,3794
2026-05-03,Maharashtra,India,COVID-19,4174
2026-05-10,Maharashtra,India,COVID-19,3246
2026-05-17,Maharashtra,India,COVID-19,3174
2026-05-24,Maharashtra,India,COVID-19,2627
2026-05-31,Maharashtra,India,COVID-19,3601
2026-06-07,Maharashtra,India,COVID-19,3404
2026-06-14,Maharashtra,India,COVID-19,3390
2026-06-21,Maharashtra,India,COVID-19,4043
2026-06-28,Maharashtra,India,COVID-19,5680
2026-07-05,Maharashtra,India,COVID-19,4858
2026-07-12,Maharashtra,India,COVID-19,5902
2026-07-19,Maharashtra,India,COVID-19,9353
2026-07-26,Maharashtra,India,COVID-19,9047
2026-08-02,Maharashtra,India,COVID-19,10800
2026-08-09,Maharashtra,India,COVID-19,10959
2026-08-16,Maharashtra,India,COVID-19,10364
2026-08-23,Maharashtra,India,COVID-19,9522
2026-08-30,Maharashtra,India,COVID-19,10446
2026-09-06,Maharashtra,India,COVID-19,9711
2026-09-13,Maharashtra,India,COVID-19,8309
2026-09-20,Maharashtra,India,COVID-19,4985
2026-09-27,Maharashtra,India,COVID-19,6127
2026-10-04,Maharashtra,India,COVID-19,4146
2024-10-13,Karnataka,India,Dengue,4270
2024-10-20,Karnataka,India,Dengue,4500
2024-10-27,Karnataka,India,Dengue,3883
2024-11-03,Karnataka,India,Dengue,3049
2024-11-10,Karnataka,India,Dengue,3098
2024-11-17,Karnataka,India,Dengue,2400
2024-11-24,Karnataka,India,Dengue,1809
2024-12-01,Karnataka,India,Dengue,1471
2024-12-08,Karnataka,India,Dengue,1441
2024-12-15,Karnataka,India,Dengue,1102
2024-12-22,Karnataka,India,Dengue,732
2024-12-29,Karnataka,India,Dengue,870
2025-01-05,Karnataka,India,Dengue,614
2025-01-12,Karnataka,India,Dengue,725
2025-01-19,Karnataka,India,Dengue,423
2025-01-26,Karnataka,India,Dengue,492
2025-02-02,Karnataka,India,Dengue,438
2025-02-09,Karnataka,India,Dengue,412
2025-02-16,Karnataka,India,Dengue,446
2025-02-23,Karnataka,India,Dengue,608
2025-03-02,Karnataka,India,Dengue,492
2025-03-09,Karnataka,India,Dengue,425
2025-03-16,Karnataka,India,Dengue,351
2025-03-23,Karnataka,India,Dengue,359
2025-03-30,Karnataka,India,Dengue,447
2025-04-06,Karnataka,India,Dengue,444
2025-04-13,Karnataka,India,Dengue,482
2025-04-20,Karnataka,India,Dengue,341
2025-04-27,Karnataka,India,Dengue,542
2025-05-04,Karnataka,India,Dengue,696
2025-05-11,Karnataka,India,Dengue,852
2025-05-18,Karnataka,India,Dengue,574
2025-05-25,Karnataka,India,Dengue,846
2025-06-01,Karnataka,India,Dengue,1019
2025-06-08,Karnataka,India,Dengue,1458
2025-06-15,Karnataka,India,Dengue,1419
2025-06-22,Karnataka,India,Dengue,2626
2025-06-29,Karnataka,India,Dengue,2516
2025-07-06,Karnataka,India,Dengue,2883
2025-07-13,Karnataka,India,Dengue,4209
2025-07-20,Karnataka,India,Dengue,3855
2025-07-27,Karnataka,India,Dengue,4580
2025-08-03,Karnataka,India,Dengue,4214
2025-08-10,Karnataka,India,Dengue,4077
2025-08-17,Karnataka,India,Dengue,4953
2025-08-24,Karnataka,India,Dengue,7563
2025-08-31,Karnataka,India,Dengue,6406
2025-09-07,Karnataka,India,Dengue,6154
2025-09-14,Karnataka,India,Dengue,5012
2025-09-21,Karnataka,India,Dengue,6521
2025-09-28,Karnataka,India,Dengue,4389
2025-10-05,Karnataka,India,Dengue,3983
2025-10-12,Karnataka,India,Dengue,4431
2025-10-19,Karnataka,India,Dengue,5711
2025-10-26,Karnataka,India,Dengue,5093
2025-11-02,Karnataka,India,Dengue,3261
2025-11-09,Karnataka,India,Dengue,2729
2025-11-16,Karnataka,India,Dengue,1955
2025-11-23,Karnataka,India,Dengue,2208
2025-11-30,Karnataka,India,Dengue,1859
2025-12-07,Karnataka,India,Dengue,1674
2025-12-14,Karnataka,India,Dengue,1398
2025-12-21,Karnataka,India,Dengue,986
2025-12-28,Karnataka,India,Dengue,921
2026-01-04,Karnataka,India,Dengue,652
2026-01-11,Karnataka,India,Dengue,696
2026-01-18,Karnataka,India,Dengue,544
2026-01-25,Karnataka,India,Dengue,595
2026-02-01,Karnataka,India,Dengue,570
2026-02-08,Karnataka,India,Dengue,537
2026-02-15,Karnataka,India,Dengue,592
2026-02-22,Karnataka,India,Dengue,404
2026-03-01,Karnataka,India,Dengue,445
2026-03-08,Karnataka,India,Dengue,509
2026-03-15,Karnataka,India,Dengue,417
2026-03-22,Karnataka,India,Dengue,500
2026-03-29,Karnataka,India,Dengue,504
2026-04-05,Karnataka,India,Dengue,645
2026-04-12,Karnataka,India,Dengue,560
2026-04-19,Karnataka,India,Dengue,656
2026-04-26,Karnataka,India,Dengue,631
2026-05-03,Karnataka,India,Dengue,609
2026-05-10,Karnataka,India,Dengue,767
2026-05-17,Karnataka,India,Dengue,977
2026-05-24,Karnataka,India,Dengue,1245
2026-05-31,Karnataka,India,Dengue,1257
2026-06-07,Karnataka,India,Dengue,1179
2026-06-14,Karnataka,India,Dengue,1415
2026-06-21,Karnataka,India,Dengue,2188
2026-06-28,Karnataka,India,Dengue,1781
2026-07-05,Karnataka,India,Dengue,4089
2026-07-12,Karnataka,India,Dengue,4059
2026-07-19,Karnataka,India,Dengue,3832
2026-07-26,Karnataka,India,Dengue,3947
2026-08-02,Karnataka,India,Dengue,6007
2026-08-09,Karnataka,India,Dengue,4684
2026-08-16,Karnataka,India,Dengue,5061
2026-08-23,Karnataka,India,Dengue,5522
2026-08-30,Karnataka,India,Dengue,6517
2026-09-06,Karnataka,India,Dengue,7075
2026-09-13,Karnataka,India,Dengue,7579
2026-09-20,Karnataka,India,Dengue,7265
2026-09-27,Karnataka,India,Dengue,6034
2026-10-04,Karnataka,India,Dengue,6571
2024-10-13,Karnataka,India,Influenza,1147
2024-10-20,Karnataka,India,Influenza,809
2024-10-27,Karnataka,India,Influenza,868
2024-11-03,Karnataka,India,Influenza,733
2024-11-10,Karnataka,India,Influenza,652
2024-11-17,Karnataka,India,Influenza,537
2024-11-24,Karnataka,India,Influenza,514
2024-12-01,Karnataka,India,Influenza,540
2024-12-08,Karnataka,India,Influenza,568
2024-12-15,Karnataka,India,Influenza,313
2024-12-22,Karnataka,India,Influenza,326
2024-12-29,Karnataka,India,Influenza,347
2025-01-05,Karnataka,India,Influenza,433
2025-01-12,Karnataka,India,Influenza,374
2025-01-19,Karnataka,India,Influenza,344
2025-01-26,Karnataka,India,Influenza,427
2025-02-02,Karnataka,India,Influenza,441
2025-02-09,Karnataka,India,Influenza,385
2025-02-16,Karnataka,India,Influenza,341
2025-02-23,Karnataka,India,Influenza,409
2025-03-02,Karnataka,India,Influenza,390
2025-03-09,Karnataka,India,Influenza,407
2025-03-16,Karnataka,India,Influenza,417
2025-03-23,Karnataka,India,Influenza,562
2025-03-30,Karnataka,India,Influenza,572
2025-04-06,Karnataka,India,Influenza,724
2025-04-13,Karnataka,India,Influenza,865
2025-04-20,Karnataka,India,Influenza,891
2025-04-27,Karnataka,India,Influenza,891
2025-05-04,Karnataka,India,Influenza,1286
2025-05-11,Karnataka,India,Influenza,1364
2025-05-18,Karnataka,India,Influenza,2013
2025-05-25,Karnataka,India,Influenza,1703
2025-06-01,Karnataka,India,Influenza,1998
2025-06-08,Karnataka,India,Influenza,2073
2025-06-15,Karnataka,India,Influenza,2123
2025-06-22,Karnataka,India,Influenza,2220
2025-06-29,Karnataka,India,Influenza,2551
2025-07-06,Karnataka,India,Influenza,2753
2025-07-13,Karnataka,India,Influenza,3091
2025-07-20,Karnataka,India,Influenza,2809
2025-07-27,Karnataka,India,Influenza,2514
2025-08-03,Karnataka,India,Influenza,2553
2025-08-10,Karnataka,India,Influenza,2112
2025-08-17,Karnataka,India,Influenza,3189
2025-08-24,Karnataka,India,Influenza,2245
2025-08-31,Karnataka,India,Influenza,2645
2025-09-07,Karnataka,India,Influenza,2245
2025-09-14,Karnataka,India,Influenza,2077
2025-09-21,Karnataka,India,Influenza,1777
2025-09-28,Karnataka,India,Influenza,1435
2025-10-05,Karnataka,India,Influenza,1238
2025-10-12,Karnataka,India,Influenza,1605
2025-10-19,Karnataka,India,Influenza,1132
2025-10-26,Karnataka,India,Influenza,1128
2025-11-02,Karnataka,India,Influenza,1007
2025-11-09,Karnataka,India,Influenza,676
2025-11-16,Karnataka,India,Influenza,667
2025-11-23,Karnataka,India,Influenza,555
2025-11-30,Karnataka,India,Influenza,408
2025-12-07,Karnataka,India,Influenza,439
2025-12-14,Karnataka,India,Influenza,460
2025-12-21,Karnataka,India,Influenza,374
2025-12-28,Karnataka,India,Influenza,374
2026-01-04,Karnataka,India,Influenza,378
2026-01-11,Karnataka,India,Influenza,509
2026-01-18,Karnataka,India,Influenza,280
2026-01-25,Karnataka,India,Influenza,415
2026-02-01,Karnataka,India,Influenza,371
2026-02-08,Karnataka,India,Influenza,349
2026-02-15,Karnataka,India,Influenza,372
2026-02-22,Karnataka,India,Influenza,433
2026-03-01,Karnataka,India,Influenza,448
2026-03-08,Karnataka,India,Influenza,434
2026-03-15,Karnataka,India,Influenza,526
2026-03-22,Karnataka,India,Influenza,588
2026-03-29,Karnataka,India,Influenza,619
2026-04-05,Karnataka,India,Influenza,576
2026-04-12,Karnataka,India,Influenza,774
2026-04-19,Karnataka,India,Influenza,896
2026-04-26,Karnataka,India,Influenza,847
2026-05-03,Karnataka,India,Influenza,851
2026-05-10,Karnataka,India,Influenza,888
2026-05-17,Karnataka,India,Influenza,1463
2026-05-24,Karnataka,India,Influenza,1700
2026-05-31,Karnataka,India,Influenza,1488
2026-06-07,Karnataka,India,Influenza,2299
2026-06-14,Karnataka,India,Influenza,2205
2026-06-21,Karnataka,India,Influenza,2777
2026-06-28,Karnataka,India,Influenza,2579
2026-07-05,Karnataka,India,Influenza,2145
2026-07-12,Karnataka,India,Influenza,2816
2026-07-19,Karnataka,India,Influenza,2954
2026-07-26,Karnataka,India,Influenza,2479
2026-08-02,Karnataka,India,Influenza,2104
2026-08-09,Karnataka,India,Influenza,2674
2026-08-16,Karnataka,India,Influenza,2170
2026-08-23,Karnataka,India,Influenza,2854
2026-08-30,Karnataka,India,Influenza,2168
2026-09-06,Karnataka,India,Influenza,2713
2026-09-13,Karnataka,India,Influenza,1354
2026-09-20,Karnataka,India,Influenza,1846
2026-09-27,Karnataka,India,Influenza,1977
2026-10-04,Karnataka,India,Influenza,1255
2024-10-13,Karnataka,India,COVID-19,904
2024-10-20,Karnataka,India,COVID-19,871
2024-10-27,Karnataka,India,COVID-19,832
2024-11-03,Karnataka,India,COVID-19,962
2024-11-10,Karnataka,India,COVID-19,749
2024-11-17,Karnataka,India,COVID-19,917
2024-11-24,Karnataka,India,COVID-19,1009
2024-12-01,Karnataka,India,COVID-19,914
2024-12-08,Karnataka,India,COVID-19,813
2024-12-15,Karnataka,India,COVID-19,1127
2024-12-22,Karnataka,India,COVID-19,1116
2024-12-29,Karnataka,India,COVID-19,884
2025-01-05,Karnataka,India,COVID-19,894
2025-01-12,Karnataka,India,COVID-19,1022
2025-01-19,Karnataka,India,COVID-19,1409
2025-01-26,Karnataka,India,COVID-19,1503
2025-02-02,Karnataka,India,COVID-19,1811
2025-02-09,Karnataka,India,COVID-19,1739
2025-02-16,Karnataka,India,COVID-19,1781
2025-02-23,Karnataka,India,COVID-19,2654
2025-03-02,Karnataka,India,COVID-19,2395
2025-03-09,Karnataka,India,COVID-19,2970
2025-03-16,Karnataka,India,COVID-19,2418
2025-03-23,Karnataka,India,COVID-19,3089
2025-03-30,Karnataka,India,COVID-19,4093
2025-04-06,Karnataka,India,COVID-19,3272
2025-04-13,Karnataka,India,COVID-19,4157
2025-04-20,Karnataka,India,COVID-19,2384
2025-04-27,Karnataka,India,COVID-19,3256
2025-05-04,Karnataka,India,COVID-19,3291
2025-05-11,Karnataka,India,COVID-19,3974
2025-05-18,Karnataka,India,COVID-19,2383
2025-05-25,Karnataka,India,COVID-19,2874
2025-06-01,Karnataka,India,COVID-19,2703
2025-06-08,Karnataka,India,COVID-19,1845
2025-06-15,Karnataka,India,COVID-19,1726
2025-06-22,Karnataka,India,COVID-19,1654
2025-06-29,Karnataka,India,COVID-19,1124
2025-07-06,Karnataka,India,COVID-19,1216
2025-07-13,Karnataka,India,COVID-19,1426
2025-07-20,Karnataka,India,COVID-19,1204
2025-07-27,Karnataka,India,COVID-19,1037
2025-08-03,Karnataka,India,COVID-19,1044
2025-08-10,Karnataka,India,COVID-19,1098
2025-08-17,Karnataka,India,COVID-19,1125
2025-08-24,Karnataka,India,COVID-19,936
2025-08-31,Karnataka,India,COVID-19,1292
2025-09-07,Karnataka,India,COVID-19,1313
2025-09-14,Karnataka,India,COVID-19,1279
2025-09-21,Karnataka,India,COVID-19,1091
2025-09-28,Karnataka,India,COVID-19,1155
2025-10-05,Karnataka,India,COVID-19,1433
2025-10-12,Karnataka,India,COVID-19,1698
2025-10-19,Karnataka,India,COVID-19,1390
2025-10-26,Karnataka,India,COVID-19,2292
2025-11-02,Karnataka,India,COVID-19,2872
2025-11-09,Karnataka,India,COVID-19,2939
2025-11-16,Karnataka,India,COVID-19,2713
2025-11-23,Karnataka,India,COVID-19,2942
2025-11-30,Karnataka,India,COVID-19,3817
2025-12-07,Karnataka,India,COVID-19,3854
2025-12-14,Karnataka,India,COVID-19,4479
2025-12-21,Karnataka,India,COVID-19,4803
2025-12-28,Karnataka,India,COVID-19,5294
2026-01-04,Karnataka,India,COVID-19,3837
2026-01-11,Karnataka,India,COVID-19,4774
2026-01-18,Karnataka,India,COVID-19,4297
2026-01-25,Karnataka,India,COVID-19,4333
2026-02-01,Karnataka,India,COVID-19,4734
2026-02-08,Karnataka,India,COVID-19,4508
2026-02-15,Karnataka,India,COVID-19,4404
2026-02-22,Karnataka,India,COVID-19,3539
2026-03-01,Karnataka,India,COVID-19,2957
2026-03-08,Karnataka,India,COVID-19,2590
2026-03-15,Karnataka,India,COVID-19,1772
2026-03-22,Karnataka,India,COVID-19,2550
2026-03-29,Karnataka,India,COVID-19,1792
2026-04-05,Karnataka,India,COVID-19,1802
2026-04-12,Karnataka,India,COVID-19,1653
2026-04-19,Karnataka,India,COVID-19,1104
2026-04-26,Karnataka,India,COVID-19,1072
2026-05-03,Karnataka,India,COVID-19,1426
2026-05-10,Karnataka,India,COVID-19,1142
2026-05-17,Karnataka,India,COVID-19,962
2026-05-24,Karnataka,India,COVID-19,1015
2026-05-31,Karnataka,India,COVID-19,1212
2026-06-07,Karnataka,India,COVID-19,1235
2026-06-14,Karnataka,India,COVID-19,910
2026-06-21,Karnataka,India,COVID-19,1626
2026-06-28,Karnataka,India,COVID-19,1727
2026-07-05,Karnataka,India,COVID-19,1735
2026-07-12,Karnataka,India,COVID-19,1722
2026-07-19,Karnataka,India,COVID-19,2831
2026-07-26,Karnataka,India,COVID-19,2975
2026-08-02,Karnataka,India,COVID-19,2380
2026-08-09,Karnataka,India,COVID-19,3097
2026-08-16,Karnataka,India,COVID-19,4751
2026-08-23,Karnataka,India,COVID-19,3127
2026-08-30,Karnataka,India,COVID-19,2562
2026-09-06,Karnataka,India,COVID-19,2179
2026-09-13,Karnataka,India,COVID-19,2808
2026-09-20,Karnataka,India,COVID-19,2122
2026-09-27,Karnataka,India,COVID-19,1926
2026-10-04,Karnataka,India,COVID-19,1411
2024-10-13,Tamil Nadu,India,Dengue,7509
2024-10-20,Tamil Nadu,India,Dengue,8049
2024-10-27,Tamil Nadu,India,Dengue,7358
2024-11-03,Tamil Nadu,India,Dengue,7518
2024-11-10,Tamil Nadu,India,Dengue,5663
2024-11-17,Tamil Nadu,India,Dengue,4184
2024-11-24,Tamil Nadu,India,Dengue,3925
2024-12-01,Tamil Nadu,India,Dengue,2420
2024-12-08,Tamil Nadu,India,Dengue,1738
2024-12-15,Tamil Nadu,India,Dengue,2465
2024-12-22,Tamil Nadu,India,Dengue,1709
2024-12-29,Tamil Nadu,India,Dengue,1456
2025-01-05,Tamil Nadu,India,Dengue,1461
2025-01-12,Tamil Nadu,India,Dengue,1390
2025-01-19,Tamil Nadu,India,Dengue,1135
2025-01-26,Tamil Nadu,India,Dengue,1280
2025-02-02,Tamil Nadu,India,Dengue,1034
2025-02-09,Tamil Nadu,India,Dengue,991
2025-02-16,Tamil Nadu,India,Dengue,978
2025-02-23,Tamil Nadu,India,Dengue,762
2025-03-02,Tamil Nadu,India,Dengue,1081
2025-03-09,Tamil Nadu,India,Dengue,600
2025-03-16,Tamil Nadu,India,Dengue,866
2025-03-23,Tamil Nadu,India,Dengue,955
2025-03-30,Tamil Nadu,India,Dengue,842
2025-04-06,Tamil Nadu,India,Dengue,898
2025-04-13,Tamil Nadu,India,Dengue,1251
2025-04-20,Tamil Nadu,India,Dengue,1184
2025-04-27,Tamil Nadu,India,Dengue,969
2025-05-04,Tamil Nadu,India,Dengue,1101
2025-05-11,Tamil Nadu,India,Dengue,1087
2025-05-18,Tamil Nadu,India,Dengue,1742
2025-05-25,Tamil Nadu,India,Dengue,1818
2025-06-01,Tamil Nadu,India,Dengue,1618
2025-06-08,Tamil Nadu,India,Dengue,2845
2025-06-15,Tamil Nadu,India,Dengue,3636
2025-06-22,Tamil Nadu,India,Dengue,4713
2025-06-29,Tamil Nadu,India,Dengue,4856
2025-07-06,Tamil Nadu,India,Dengue,5447
2025-07-13,Tamil Nadu,India,Dengue,8660
2025-07-20,Tamil Nadu,India,Dengue,7596
2025-07-27,Tamil Nadu,India,Dengue,9401
2025-08-03,Tamil Nadu,India,Dengue,8572
2025-08-10,Tamil Nadu,India,Dengue,11121
2025-08-17,Tamil Nadu,India,Dengue,8369
2025-08-24,Tamil Nadu,India,Dengue,10410
2025-08-31,Tamil Nadu,India,Dengue,9407
2025-09-07,Tamil Nadu,India,Dengue,10554
2025-09-14,Tamil Nadu,India,Dengue,13695
2025-09-21,Tamil Nadu,India,Dengue,10232
2025-09-28,Tamil Nadu,India,Dengue,11991
2025-10-05,Tamil Nadu,India,Dengue,12554
2025-10-12,Tamil Nadu,India,Dengue,9459
2025-10-19,Tamil Nadu,India,Dengue,9966
2025-10-26,Tamil Nadu,India,Dengue,8405
2025-11-02,Tamil Nadu,India,Dengue,6990
2025-11-09,Tamil Nadu,India,Dengue,6633
2025-11-16,Tamil Nadu,India,Dengue,6498
2025-11-23,Tamil Nadu,India,Dengue,3877
2025-11-30,Tamil Nadu,India,Dengue,3052
2025-12-07,Tamil Nadu,India,Dengue,2490
2025-12-14,Tamil Nadu,India,Dengue,2776
2025-12-21,Tamil Nadu,India,Dengue,2333
2025-12-28,Tamil Nadu,India,Dengue,1536
2026-01-04,Tamil Nadu,India,Dengue,973
2026-01-11,Tamil Nadu,India,Dengue,1137
2026-01-18,Tamil Nadu,India,Dengue,1252
2026-01-25,Tamil Nadu,India,Dengue,1082
2026-02-01,Tamil Nadu,India,Dengue,1087
2026-02-08,Tamil Nadu,India,Dengue,962
2026-02-15,Tamil Nadu,India,Dengue,1197
2026-02-22,Tamil Nadu,India,Dengue,1092
2026-03-01,Tamil Nadu,India,Dengue,1132
2026-03-08,Tamil Nadu,India,Dengue,1067
2026-03-15,Tamil Nadu,India,Dengue,1126
2026-03-22,Tamil Nadu,India,Dengue,1118
2026-03-29,Tamil Nadu,India,Dengue,904
2026-04-05,Tamil Nadu,India,Dengue,1117
2026-04-12,Tamil Nadu,India,Dengue,1205
2026-04-19,Tamil Nadu,India,Dengue,1309
2026-04-26,Tamil Nadu,India,Dengue,1260
2026-05-03,Tamil Nadu,India,Dengue,1113
2026-05-10,Tamil Nadu,India,Dengue,1297
2026-05-17,Tamil Nadu,India,Dengue,1617
2026-05-24,Tamil Nadu,India,Dengue,2132
2026-05-31,Tamil Nadu,India,Dengue,2473
2026-06-07,Tamil Nadu,India,Dengue,2557
2026-06-14,Tamil Nadu,India,Dengue,3109
2026-06-21,Tamil Nadu,India,Dengue,3096
2026-06-28,Tamil Nadu,India,Dengue,2865
2026-07-05,Tamil Nadu,India,Dengue,6202
2026-07-12,Tamil Nadu,India,Dengue,9862
2026-07-19,Tamil Nadu,India,Dengue,10561
2026-07-26,Tamil Nadu,India,Dengue,7936
2026-08-02,Tamil Nadu,India,Dengue,10451
2026-08-09,Tamil Nadu,India,Dengue,8617
2026-08-16,Tamil Nadu,India,Dengue,9422
2026-08-23,Tamil Nadu,India,Dengue,10051
2026-08-30,Tamil Nadu,India,Dengue,12158
2026-09-06,Tamil Nadu,India,Dengue,12363
2026-09-13,Tamil Nadu,India,Dengue,13104
2026-09-20,Tamil Nadu,India,Dengue,13561
2026-09-27,Tamil Nadu,India,Dengue,11250
2026-10-04,Tamil Nadu,India,Dengue,11252
2024-10-13,Tamil Nadu,India,Influenza,2093
2024-10-20,Tamil Nadu,India,Influenza,1744
2024-10-27,Tamil Nadu,India,Influenza,1469
2024-11-03,Tamil Nadu,India,Influenza,1797
2024-11-10,Tamil Nadu,India,Influenza,1344
2024-11-17,Tamil Nadu,India,Influenza,886
2024-11-24,Tamil Nadu,India,Influenza,1073
2024-12-01,Tamil Nadu,India,Influenza,788
2024-12-08,Tamil Nadu,India,Influenza,1108
2024-12-15,Tamil Nadu,India,Influenza,758
2024-12-22,Tamil Nadu,India,Influenza,875
2024-12-29,Tamil Nadu,India,Influenza,899
2025-01-05,Tamil Nadu,India,Influenza,653
2025-01-12,Tamil Nadu,India,Influenza,767
2025-01-19,Tamil Nadu,India,Influenza,821
2025-01-26,Tamil Nadu,India,Influenza,771
2025-02-02,Tamil Nadu,India,Influenza,799
2025-02-09,Tamil Nadu,India,Influenza,607
2025-02-16,Tamil Nadu,India,Influenza,826
2025-02-23,Tamil Nadu,India,Influenza,716
2025-03-02,Tamil Nadu,India,Influenza,835
2025-03-09,Tamil Nadu,India,Influenza,944
2025-03-16,Tamil Nadu,India,Influenza,976
2025-03-23,Tamil Nadu,India,Influenza,1021
2025-03-30,Tamil Nadu,India,Influenza,1188
2025-04-06,Tamil Nadu,India,Influenza,1358
2025-04-13,Tamil Nadu,India,Influenza,1733
2025-04-20,Tamil Nadu,India,Influenza,1629
2025-04-27,Tamil Nadu,India,Influenza,1941
2025-05-04,Tamil Nadu,India,Influenza,2491
2025-05-11,Tamil Nadu,India,Influenza,2320
2025-05-18,Tamil Nadu,India,Influenza,2274
2025-05-25,Tamil Nadu,India,Influenza,3433
2025-06-01,Tamil Nadu,India,Influenza,3443
2025-06-08,Tamil Nadu,India,Influenza,3195
2025-06-15,Tamil Nadu,India,Influenza,4551
2025-06-22,Tamil Nadu,India,Influenza,5509
2025-06-29,Tamil Nadu,India,Influenza,3626
2025-07-06,Tamil Nadu,India,Influenza,5783
2025-07-13,Tamil Nadu,India,Influenza,3205
2025-07-20,Tamil Nadu,India,Influenza,4955
2025-07-27,Tamil Nadu,India,Influenza,6769
2025-08-03,Tamil Nadu,India,Influenza,5012
2025-08-10,Tamil Nadu,India,Influenza,5244
2025-08-17,Tamil Nadu,India,Influenza,5588
2025-08-24,Tamil Nadu,India,Influenza,3563
2025-08-31,Tamil Nadu,India,Influenza,4585
2025-09-07,Tamil Nadu,India,Influenza,4274
2025-09-14,Tamil Nadu,India,Influenza,4992
2025-09-21,Tamil Nadu,India,Influenza,2894
2025-09-28,Tamil Nadu,India,Influenza,3014
2025-10-05,Tamil Nadu,India,Influenza,2448
2025-10-12,Tamil Nadu,India,Influenza,2115
2025-10-19,Tamil Nadu,India,Influenza,2555
2025-10-26,Tamil Nadu,India,Influenza,1902
2025-11-02,Tamil Nadu,India,Influenza,1501
2025-11-09,Tamil Nadu,India,Influenza,1306
2025-11-16,Tamil Nadu,India,Influenza,1127
2025-11-23,Tamil Nadu,India,Influenza,1007
2025-11-30,Tamil Nadu,India,Influenza,786
2025-12-07,Tamil Nadu,India,Influenza,852
2025-12-14,Tamil Nadu,India,Influenza,785
2025-12-21,Tamil Nadu,India,Influenza,703
2025-12-28,Tamil Nadu,India,Influenza,791
2026-01-04,Tamil Nadu,India,Influenza,790
2026-01-11,Tamil Nadu,India,Influenza,695
2026-01-18,Tamil Nadu,India,Influenza,742
2026-01-25,Tamil Nadu,India,Influenza,1003
2026-02-01,Tamil Nadu,India,Influenza,999
2026-02-08,Tamil Nadu,India,Influenza,639
2026-02-15,Tamil Nadu,India,Influenza,658
2026-02-22,Tamil Nadu,India,Influenza,650
2026-03-01,Tamil Nadu,India,Influenza,919
2026-03-08,Tamil Nadu,India,Influenza,780
2026-03-15,Tamil Nadu,India,Influenza,919
2026-03-22,Tamil Nadu,India,Influenza,1260
2026-03-29,Tamil Nadu,India,Influenza,1082
2026-04-05,Tamil Nadu,India,Influenza,1362
2026-04-12,Tamil Nadu,India,Influenza,1526
2026-04-19,Tamil Nadu,India,Influenza,1493
2026-04-26,Tamil Nadu,India,Influenza,2196
2026-05-03,Tamil Nadu,India,Influenza,1907
2026-05-10,Tamil Nadu,India,Influenza,3007
2026-05-17,Tamil Nadu,India,Influenza,2593
2026-05-24,Tamil Nadu,India,Influenza,2967
2026-05-31,Tamil Nadu,India,Influenza,2973
2026-06-07,Tamil Nadu,India,Influenza,3361
2026-06-14,Tamil Nadu,India,Influenza,3962
2026-06-21,Tamil Nadu,India,Influenza,2881
2026-06-28,Tamil Nadu,India,Influenza,4631
2026-07-05,Tamil Nadu,India,Influenza,4632
2026-07-12,Tamil Nadu,India,Influenza,5787
2026-07-19,Tamil Nadu,India,Influenza,5606
2026-07-26,Tamil Nadu,India,Influenza,4742
2026-08-02,Tamil Nadu,India,Influenza,4909
2026-08-09,Tamil Nadu,India,Influenza,4992
2026-08-16,Tamil Nadu,India,Influenza,6132
2026-08-23,Tamil Nadu,India,Influenza,4207
2026-08-30,Tamil Nadu,India,Influenza,4046
2026-09-06,Tamil Nadu,India,Influenza,3517
2026-09-13,Tamil Nadu,India,Influenza,3035
2026-09-20,Tamil Nadu,India,Influenza,3717
2026-09-27,Tamil Nadu,India,Influenza,3294
2026-10-04,Tamil Nadu,India,Influenza,3391
2024-10-13,Tamil Nadu,India,COVID-19,2103
2024-10-20,Tamil Nadu,India,COVID-19,2474
2024-10-27,Tamil Nadu,India,COVID-19,1800
2024-11-03,Tamil Nadu,India,COVID-19,1751
2024-11-10,Tamil Nadu,India,COVID-19,1469
2024-11-17,Tamil Nadu,India,COVID-19,2022
2024-11-24,Tamil Nadu,India,COVID-19,1873
2024-12-01,Tamil Nadu,India,COVID-19,2036
2024-12-08,Tamil Nadu,India,COVID-19,1558
2024-12-15,Tamil Nadu,India,COVID-19,2018
2024-12-22,Tamil Nadu,India,COVID-19,2035
2024-12-29,Tamil Nadu,India,COVID-19,2101
2025-01-05,Tamil Nadu,India,COVID-19,1954
2025-01-12,Tamil Nadu,India,COVID-19,2758
2025-01-19,Tamil Nadu,India,COVID-19,3344
2025-01-26,Tamil Nadu,India,COVID-19,2363
2025-02-02,Tamil Nadu,India,COVID-19,3523
2025-02-09,Tamil Nadu,India,COVID-19,2040
2025-02-16,Tamil Nadu,India,COVID-19,4469
2025-02-23,Tamil Nadu,India,COVID-19,3296
2025-03-02,Tamil Nadu,India,COVID-19,4724
2025-03-09,Tamil Nadu,India,COVID-19,4557
2025-03-16,Tamil Nadu,India,COVID-19,5988
2025-03-23,Tamil Nadu,India,COVID-19,7469
2025-03-30,Tamil Nadu,India,COVID-19,5036
2025-04-06,Tamil Nadu,India,COVID-19,6812
2025-04-13,Tamil Nadu,India,COVID-19,6715
2025-04-20,Tamil Nadu,India,COVID-19,8908
2025-04-27,Tamil Nadu,India,COVID-19,7432
2025-05-04,Tamil Nadu,India,COVID-19,5463
2025-05-11,Tamil Nadu,India,COVID-19,5751
2025-05-18,Tamil Nadu,India,COVID-19,6999
2025-05-25,Tamil Nadu,India,COVID-19,5678
2025-06-01,Tamil Nadu,India,COVID-19,3951
2025-06-08,Tamil Nadu,India,COVID-19,3900
2025-06-15,Tamil Nadu,India,COVID-19,3465
2025-06-22,Tamil Nadu,India,COVID-19,2925
2025-06-29,Tamil Nadu,India,COVID-19,2110
2025-07-06,Tamil Nadu,India,COVID-19,2302
2025-07-13,Tamil Nadu,India,COVID-19,2840
2025-07-20,Tamil Nadu,India,COVID-19,2068
2025-07-27,Tamil Nadu,India,COVID-19,2052
2025-08-03,Tamil Nadu,India,COVID-19,2059
2025-08-10,Tamil Nadu,India,COVID-19,2643
2025-08-17,Tamil Nadu,India,COVID-19,1983
2025-08-24,Tamil Nadu,India,COVID-19,2336
2025-08-31,Tamil Nadu,India,COVID-19,1878
2025-09-07,Tamil Nadu,India,COVID-19,2069
2025-09-14,Tamil Nadu,India,COVID-19,2285
2025-09-21,Tamil Nadu,India,COVID-19,2168
2025-09-28,Tamil Nadu,India,COVID-19,2595
2025-10-05,Tamil Nadu,India,COVID-19,3353
2025-10-12,Tamil Nadu,India,COVID-19,2907
2025-10-19,Tamil Nadu,India,COVID-19,3715
2025-10-26,Tamil Nadu,India,COVID-19,4637
2025-11-02,Tamil Nadu,India,COVID-19,4142
2025-11-09,Tamil Nadu,India,COVID-19,6184
2025-11-16,Tamil Nadu,India,COVID-19,5994
2025-11-23,Tamil Nadu,India,COVID-19,6396
2025-11-30,Tamil Nadu,India,COVID-19,5013
2025-12-07,Tamil Nadu,India,COVID-19,7313
2025-12-14,Tamil Nadu,India,COVID-19,8708
2025-12-21,Tamil Nadu,India,COVID-19,10917
2025-12-28,Tamil Nadu,India,COVID-19,9694
2026-01-04,Tamil Nadu,India,COVID-19,10610
2026-01-11,Tamil Nadu,India,COVID-19,7428
2026-01-18,Tamil Nadu,India,COVID-19,8755
2026-01-25,Tamil Nadu,India,COVID-19,10219
2026-02-01,Tamil Nadu,India,COVID-19,7134
2026-02-08,Tamil Nadu,India,COVID-19,8843
2026-02-15,Tamil Nadu,India,COVID-19,7936
2026-02-22,Tamil Nadu,India,COVID-19,6803
2026-03-01,Tamil Nadu,India,COVID-19,5613
2026-03-08,Tamil Nadu,India,COVID-19,4505
2026-03-15,Tamil Nadu,India,COVID-19,5957
2026-03-22,Tamil Nadu,India,COVID-19,4566
2026-03-29,Tamil Nadu,India,COVID-19,3886
2026-04-05,Tamil Nadu,India,COVID-19,3085
2026-04-12,Tamil Nadu,India,COVID-19,2962
2026-04-19,Tamil Nadu,India,COVID-19,2732
2026-04-26,Tamil Nadu,India,COVID-19,2590
2026-05-03,Tamil Nadu,India,COVID-19,2524
2026-05-10,Tamil Nadu,India,COVID-19,1897
2026-05-17,Tamil Nadu,India,COVID-19,1613
2026-05-24,Tamil Nadu,India,COVID-19,2058
2026-05-31,Tamil Nadu,India,COVID-19,1510
2026-06-07,Tamil Nadu,India,COVID-19,2023
2026-06-14,Tamil Nadu,India,COVID-19,2117
2026-06-21,Tamil Nadu,India,COVID-19,2754
2026-06-28,Tamil Nadu,India,COVID-19,3843
2026-07-05,Tamil Nadu,India,COVID-19,2470
2026-07-12,Tamil Nadu,India,COVID-19,5522
2026-07-19,Tamil Nadu,India,COVID-19,4632
2026-07-26,Tamil Nadu,India,COVID-19,5738
2026-08-02,Tamil Nadu,India,COVID-19,4713
2026-08-09,Tamil Nadu,India,COVID-19,7243
2026-08-16,Tamil Nadu,India,COVID-19,6391
2026-08-23,Tamil Nadu,India,COVID-19,6069
2026-08-30,Tamil Nadu,India,COVID-19,4017
2026-09-06,Tamil Nadu,India,COVID-19,5097
2026-09-13,Tamil Nadu,India,COVID-19,4909
2026-09-20,Tamil Nadu,India,COVID-19,3565
2026-09-27,Tamil Nadu,India,COVID-19,3674
2026-10-04,Tamil Nadu,India,COVID-19,3125
2024-10-13,Kerala,India,Dengue,1807
2024-10-20,Kerala,India,Dengue,1341
2024-10-27,Kerala,India,Dengue,1204
2024-11-03,Kerala,India,Dengue,1071
2024-11-10,Kerala,India,Dengue,926
2024-11-17,Kerala,India,Dengue,474
2024-11-24,Kerala,India,Dengue,641
2024-12-01,Kerala,India,Dengue,436
2024-12-08,Kerala,India,Dengue,562
2024-12-15,Kerala,India,Dengue,460
2024-12-22,Kerala,India,Dengue,346
2024-12-29,Kerala,India,Dengue,248
2025-01-05,Kerala,India,Dengue,187
2025-01-12,Kerala,India,Dengue,175
2025-01-19,Kerala,India,Dengue,230
2025-01-26,Kerala,India,Dengue,151
2025-02-02,Kerala,India,Dengue,105
2025-02-09,Kerala,India,Dengue,186
2025-02-16,Kerala,India,Dengue,196
2025-02-23,Kerala,India,Dengue,200
2025-03-02,Kerala,India,Dengue,185
2025-03-09,Kerala,India,Dengue,190
2025-03-16,Kerala,India,Dengue,162
2025-03-23,Kerala,India,Dengue,111
2025-03-30,Kerala,India,Dengue,163
2025-04-06,Kerala,India,Dengue,178
2025-04-13,Kerala,India,Dengue,163
2025-04-20,Kerala,India,Dengue,167
2025-04-27,Kerala,India,Dengue,157
2025-05-04,Kerala,India,Dengue,171
2025-05-11,Kerala,India,Dengue,291
2025-05-18,Kerala,India,Dengue,342
2025-05-25,Kerala,India,Dengue,320
2025-06-01,Kerala,India,Dengue,405
2025-06-08,Kerala,India,Dengue,405
2025-06-15,Kerala,India,Dengue,634
2025-06-22,Kerala,India,Dengue,882
2025-06-29,Kerala,India,Dengue,641
2025-07-06,Kerala,India,Dengue,1046
2025-07-13,Kerala,India,Dengue,1222
2025-07-20,Kerala,India,Dengue,1388
2025-07-27,Kerala,India,Dengue,1792
2025-08-03,Kerala,India,Dengue,2063
2025-08-10,Kerala,India,Dengue,1648
2025-08-17,Kerala,India,Dengue,1998
2025-08-24,Kerala,India,Dengue,1920
2025-08-31,Kerala,India,Dengue,1763
2025-09-07,Kerala,India,Dengue,2047
2025-09-14,Kerala,India,Dengue,2151
2025-09-21,Kerala,India,Dengue,1972
2025-09-28,Kerala,India,Dengue,1592
2025-10-05,Kerala,India,Dengue,1613
2025-10-12,Kerala,India,Dengue,1500
2025-10-19,Kerala,India,Dengue,1284
2025-10-26,Kerala,India,Dengue,1381
2025-11-02,Kerala,India,Dengue,1237
2025-11-09,Kerala,India,Dengue,1159
2025-11-16,Kerala,India,Dengue,752
2025-11-23,Kerala,India,Dengue,664
2025-11-30,Kerala,India,Dengue,745
2025-12-07,Kerala,India,Dengue,486
2025-12-14,Kerala,India,Dengue,411
2025-12-21,Kerala,India,Dengue,329
2025-12-28,Kerala,India,Dengue,331
2026-01-04,Kerala,India,Dengue,285
2026-01-11,Kerala,India,Dengue,250
2026-01-18,Kerala,India,Dengue,197
2026-01-25,Kerala,India,Dengue,161
2026-02-01,Kerala,India,Dengue,231
2026-02-08,Kerala,India,Dengue,200
2026-02-15,Kerala,India,Dengue,164
2026-02-22,Kerala,India,Dengue,214
2026-03-01,Kerala,India,Dengue,162
2026-03-08,Kerala,India,Dengue,214
2026-03-15,Kerala,India,Dengue,216
2026-03-22,Kerala,India,Dengue,153
2026-03-29,Kerala,India,Dengue,193
2026-04-05,Kerala,India,Dengue,200
2026-04-12,Kerala,India,Dengue,254
2026-04-19,Kerala,India,Dengue,168
2026-04-26,Kerala,India,Dengue,244
2026-05-03,Kerala,India,Dengue,221
2026-05-10,Kerala,India,Dengue,204
2026-05-17,Kerala,India,Dengue,288
2026-05-24,Kerala,India,Dengue,351
2026-05-31,Kerala,India,Dengue,359
2026-06-07,Kerala,India,Dengue,546
2026-06-14,Kerala,India,Dengue,726
2026-06-21,Kerala,India,Dengue,793
2026-06-28,Kerala,India,Dengue,839
2026-07-05,Kerala,India,Dengue,1048
2026-07-12,Kerala,India,Dengue,1239
2026-07-19,Kerala,India,Dengue,1456
2026-07-26,Kerala,India,Dengue,1839
2026-08-02,Kerala,India,Dengue,1803
2026-08-09,Kerala,India,Dengue,1478
2026-08-16,Kerala,India,Dengue,1820
2026-08-23,Kerala,India,Dengue,2128
2026-08-30,Kerala,India,Dengue,2492
2026-09-06,Kerala,India,Dengue,2573
2026-09-13,Kerala,India,Dengue,2709
2026-09-20,Kerala,India,Dengue,2131
2026-09-27,Kerala,India,Dengue,2238
2026-10-04,Kerala,India,Dengue,1483
2024-10-13,Kerala,India,Influenza,452
2024-10-20,Kerala,India,Influenza,311
2024-10-27,Kerala,India,Influenza,318
2024-11-03,Kerala,India,Influenza,404
2024-11-10,Kerala,India,Influenza,251
2024-11-17,Kerala,India,Influenza,182
2024-11-24,Kerala,India,Influenza,195
2024-12-01,Kerala,India,Influenza,152
2024-12-08,Kerala,India,Influenza,129
2024-12-15,Kerala,India,Influenza,185
2024-12-22,Kerala,India,Influenza,156
2024-12-29,Kerala,India,Influenza,138
2025-01-05,Kerala,India,Influenza,122
2025-01-12,Kerala,India,Influenza,123
2025-01-19,Kerala,India,Influenza,158
2025-01-26,Kerala,India,Influenza,134
2025-02-02,Kerala,India,Influenza,69
2025-02-09,Kerala,India,Influenza,175
2025-02-16,Kerala,India,Influenza,133
2025-02-23,Kerala,India,Influenza,138
2025-03-02,Kerala,India,Influenza,156
2025-03-09,Kerala,India,Influenza,150
2025-03-16,Kerala,India,Influenza,167
2025-03-23,Kerala,India,Influenza,154
2025-03-30,Kerala,India,Influenza,150
2025-04-06,Kerala,India,Influenza,217
2025-04-13,Kerala,India,Influenza,291
2025-04-20,Kerala,India,Influenza,250
2025-04-27,Kerala,India,Influenza,286
2025-05-04,Kerala,India,Influenza,438
2025-05-11,Kerala,India,Influenza,395
2025-05-18,Kerala,India,Influenza,452
2025-05-25,Kerala,India,Influenza,511
2025-06-01,Kerala,India,Influenza,596
2025-06-08,Kerala,India,Influenza,505
2025-06-15,Kerala,India,Influenza,659
2025-06-22,Kerala,India,Influenza,795
2025-06-29,Kerala,India,Influenza,841
2025-07-06,Kerala,India,Influenza,997
2025-07-13,Kerala,India,Influenza,1119
2025-07-20,Kerala,India,Influenza,1096
2025-07-27,Kerala,India,Influenza,1022
2025-08-03,Kerala,India,Influenza,874
2025-08-10,Kerala,India,Influenza,795
2025-08-17,Kerala,India,Influenza,852
2025-08-24,Kerala,India,Influenza,885
2025-08-31,Kerala,India,Influenza,863
2025-09-07,Kerala,India,Influenza,784
2025-09-14,Kerala,India,Influenza,649
2025-09-21,Kerala,India,Influenza,673
2025-09-28,Kerala,India,Influenza,644
2025-10-05,Kerala,India,Influenza,546
2025-10-12,Kerala,India,Influenza,422
2025-10-19,Kerala,India,Influenza,324
2025-10-26,Kerala,India,Influenza,280
2025-11-02,Kerala,India,Influenza,249
2025-11-09,Kerala,India,Influenza,249
2025-11-16,Kerala,India,Influenza,225
2025-11-23,Kerala,India,Influenza,145
2025-11-30,Kerala,India,Influenza,152
2025-12-07,Kerala,India,Influenza,156
2025-12-14,Kerala,India,Influenza,122
2025-12-21,Kerala,India,Influenza,143
2025-12-28,Kerala,India,Influenza,125
2026-01-04,Kerala,India,Influenza,115
2026-01-11,Kerala,India,Influenza,130
2026-01-18,Kerala,India,Influenza,136
2026-01-25,Kerala,India,Influenza,112
2026-02-01,Kerala,India,Influenza,124
2026-02-08,Kerala,India,Influenza,138
2026-02-15,Kerala,India,Influenza,114
2026-02-22,Kerala,India,Influenza,98
2026-03-01,Kerala,India,Influenza,103
2026-03-08,Kerala,India,Influenza,132
2026-03-15,Kerala,India,Influenza,121
2026-03-22,Kerala,India,Influenza,156
2026-03-29,Kerala,India,Influenza,229
2026-04-05,Kerala,India,Influenza,166
2026-04-12,Kerala,India,Influenza,230
2026-04-19,Kerala,India,Influenza,366
2026-04-26,Kerala,India,Influenza,341
2026-05-03,Kerala,India,Influenza,350
2026-05-10,Kerala,India,Influenza,414
2026-05-17,Kerala,India,Influenza,513
2026-05-24,Kerala,India,Influenza,680
2026-05-31,Kerala,India,Influenza,554
2026-06-07,Kerala,India,Influenza,586
2026-06-14,Kerala,India,Influenza,569
2026-06-21,Kerala,India,Influenza,781
2026-06-28,Kerala,India,Influenza,642
2026-07-05,Kerala,India,Influenza,791
2026-07-12,Kerala,India,Influenza,757
2026-07-19,Kerala,India,Influenza,1037
2026-07-26,Kerala,India,Influenza,830
2026-08-02,Kerala,India,Influenza,947
2026-08-09,Kerala,India,Influenza,666
2026-08-16,Kerala,India,Influenza,867
2026-08-23,Kerala,India,Influenza,667
2026-08-30,Kerala,India,Influenza,720
2026-09-06,Kerala,India,Influenza,955
2026-09-13,Kerala,India,Influenza,754
2026-09-20,Kerala,India,Influenza,591
2026-09-27,Kerala,India,Influenza,802
2026-10-04,Kerala,India,Influenza,416
2024-10-13,Kerala,India,COVID-19,362
2024-10-20,Kerala,India,COVID-19,238
2024-10-27,Kerala,India,COVID-19,297
2024-11-03,Kerala,India,COVID-19,246
2024-11-10,Kerala,India,COVID-19,321
2024-11-17,Kerala,India,COVID-19,313
2024-11-24,Kerala,India,COVID-19,297
2024-12-01,Kerala,India,COVID-19,366
2024-12-08,Kerala,India,COVID-19,291
2024-12-15,Kerala,India,COVID-19,341
2024-12-22,Kerala,India,COVID-19,376
2024-12-29,Kerala,India,COVID-19,271
2025-01-05,Kerala,India,COVID-19,328
2025-01-12,Kerala,India,COVID-19,400
2025-01-19,Kerala,India,COVID-19,474
2025-01-26,Kerala,India,COVID-19,583
2025-02-02,Kerala,India,COVID-19,521
2025-02-09,Kerala,India,COVID-19,580
2025-02-16,Kerala,India,COVID-19,598
2025-02-23,Kerala,India,COVID-19,815
2025-03-02,Kerala,India,COVID-19,830
2025-03-09,Kerala,India,COVID-19,922
2025-03-16,Kerala,India,COVID-19,1034
2025-03-23,Kerala,India,COVID-19,1217
2025-03-30,Kerala,India,COVID-19,1083
2025-04-06,Kerala,India,COVID-19,1079
2025-04-13,Kerala,India,COVID-19,1313
2025-04-20,Kerala,India,COVID-19,666
2025-04-27,Kerala,India,COVID-19,1076
2025-05-04,Kerala,India,COVID-19,930
2025-05-11,Kerala,India,COVID-19,1238
2025-05-18,Kerala,India,COVID-19,898
2025-05-25,Kerala,India,COVID-19,796
2025-06-01,Kerala,India,COVID-19,771
2025-06-08,Kerala,India,COVID-19,627
2025-06-15,Kerala,India,COVID-19,572
2025-06-22,Kerala,India,COVID-19,547
2025-06-29,Kerala,India,COVID-19,451
2025-07-06,Kerala,India,COVID-19,406
2025-07-13,Kerala,India,COVID-19,338
2025-07-20,Kerala,India,COVID-19,307
2025-07-27,Kerala,India,COVID-19,357
2025-08-03,Kerala,India,COVID-19,357
2025-08-10,Kerala,India,COVID-19,264
2025-08-17,Kerala,India,COVID-19,374
2025-08-24,Kerala,India,COVID-19,379
2025-08-31,Kerala,India,COVID-19,401
2025-09-07,Kerala,India,COVID-19,381
2025-09-14,Kerala,India,COVID-19,423
2025-09-21,Kerala,India,COVID-19,552
2025-09-28,Kerala,India,COVID-19,433
2025-10-05,Kerala,India,COVID-19,423
2025-10-12,Kerala,India,COVID-19,431
2025-10-19,Kerala,India,COVID-19,795
2025-10-26,Kerala,India,COVID-19,899
2025-11-02,Kerala,India,COVID-19,690
2025-11-09,Kerala,India,COVID-19,802
2025-11-16,Kerala,India,COVID-19,956
2025-11-23,Kerala,India,COVID-19,1316
2025-11-30,Kerala,India,COVID-19,981
2025-12-07,Kerala,India,COVID-19,926
2025-12-14,Kerala,India,COVID-19,1852
2025-12-21,Kerala,India,COVID-19,1535
2025-12-28,Kerala,India,COVID-19,1617
2026-01-04,Kerala,India,COVID-19,1491
2026-01-11,Kerala,India,COVID-19,1645
2026-01-18,Kerala,India,COVID-19,1169
2026-01-25,Kerala,India,COVID-19,1279
2026-02-01,Kerala,India,COVID-19,1417
2026-02-08,Kerala,India,COVID-19,863
2026-02-15,Kerala,India,COVID-19,1157
2026-02-22,Kerala,India,COVID-19,1047
2026-03-01,Kerala,India,COVID-19,955
2026-03-08,Kerala,India,COVID-19,822
2026-03-15,Kerala,India,COVID-19,678
2026-03-22,Kerala,India,COVID-19,514
2026-03-29,Kerala,India,COVID-19,640
2026-04-05,Kerala,India,COVID-19,532
2026-04-12,Kerala,India,COVID-19,396
2026-04-19,Kerala,India,COVID-19,456
2026-04-26,Kerala,India,COVID-19,396
2026-05-03,Kerala,India,COVID-19,359
2026-05-10,Kerala,India,COVID-19,246
2026-05-17,Kerala,India,COVID-19,386
2026-05-24,Kerala,India,COVID-19,281
2026-05-31,Kerala,India,COVID-19,350
2026-06-07,Kerala,India,COVID-19,317
2026-06-14,Kerala,India,COVID-19,366
2026-06-21,Kerala,India,COVID-19,510
2026-06-28,Kerala,India,COVID-19,542
2026-07-05,Kerala,India,COVID-19,691
2026-07-12,Kerala,India,COVID-19,732
2026-07-19,Kerala,India,COVID-19,862
2026-07-26,Kerala,India,COVID-19,677
2026-08-02,Kerala,India,COVID-19,966
2026-08-09,Kerala,India,COVID-19,1032
2026-08-16,Kerala,India,COVID-19,1274
2026-08-23,Kerala,India,COVID-19,959
2026-08-30,Kerala,India,COVID-19,998
2026-09-06,Kerala,India,COVID-19,883
2026-09-13,Kerala,India,COVID-19,867
2026-09-20,Kerala,India,COVID-19,614
2026-09-27,Kerala,India,COVID-19,595
2026-10-04,Kerala,India,COVID-19,337
2024-10-13,Telangana,India,Dengue,934
2024-10-20,Telangana,India,Dengue,1450
2024-10-27,Telangana,India,Dengue,1282
2024-11-03,Telangana,India,Dengue,1166
2024-11-10,Telangana,India,Dengue,801
2024-11-17,Telangana,India,Dengue,698
2024-11-24,Telangana,India,Dengue,630
2024-12-01,Telangana,India,Dengue,649
2024-12-08,Telangana,India,Dengue,552
2024-12-15,Telangana,India,Dengue,405
2024-12-22,Telangana,India,Dengue,314
2024-12-29,Telangana,India,Dengue,300
2025-01-05,Telangana,India,Dengue,206
2025-01-12,Telangana,India,Dengue,178
2025-01-19,Telangana,India,Dengue,170
2025-01-26,Telangana,India,Dengue,140
2025-02-02,Telangana,India,Dengue,155
2025-02-09,Telangana,India,Dengue,130
2025-02-16,Telangana,India,Dengue,180
2025-02-23,Telangana,India,Dengue,169
2025-03-02,Telangana,India,Dengue,190
2025-03-09,Telangana,India,Dengue,118
2025-03-16,Telangana,India,Dengue,201
2025-03-23,Telangana,India,Dengue,120
2025-03-30,Telangana,India,Dengue,129
2025-04-06,Telangana,India,Dengue,144
2025-04-13,Telangana,India,Dengue,194
2025-04-20,Telangana,India,Dengue,173
2025-04-27,Telangana,India,Dengue,172
2025-05-04,Telangana,India,Dengue,172
2025-05-11,Telangana,India,Dengue,176
2025-05-18,Telangana,India,Dengue,304
2025-05-25,Telangana,India,Dengue,349
2025-06-01,Telangana,India,Dengue,456
2025-06-08,Telangana,India,Dengue,490
2025-06-15,Telangana,India,Dengue,340
2025-06-22,Telangana,India,Dengue,553
2025-06-29,Telangana,India,Dengue,867
2025-07-06,Telangana,India,Dengue,899
2025-07-13,Telangana,India,Dengue,1009
2025-07-20,Telangana,India,Dengue,1045
2025-07-27,Telangana,India,Dengue,1600
2025-08-03,Telangana,India,Dengue,1645
2025-08-10,Telangana,India,Dengue,1788
2025-08-17,Telangana,India,Dengue,1599
2025-08-24,Telangana,India,Dengue,1895
2025-08-31,Telangana,India,Dengue,1516
2025-09-07,Telangana,India,Dengue,1879
2025-09-14,Telangana,India,Dengue,1182
2025-09-21,Telangana,India,Dengue,1422
2025-09-28,Telangana,India,Dengue,1700
2025-10-05,Telangana,India,Dengue,2289
2025-10-12,Telangana,India,Dengue,1144
2025-10-19,Telangana,India,Dengue,1165
2025-10-26,Telangana,India,Dengue,1327
2025-11-02,Telangana,India,Dengue,1435
2025-11-09,Telangana,India,Dengue,1014
2025-11-16,Telangana,India,Dengue,929
2025-11-23,Telangana,India,Dengue,672
2025-11-30,Telangana,India,Dengue,543
2025-12-07,Telangana,India,Dengue,491
2025-12-14,Telangana,India,Dengue,359
2025-12-21,Telangana,India,Dengue,365
2025-12-28,Telangana,India,Dengue,209
2026-01-04,Telangana,India,Dengue,268
2026-01-11,Telangana,India,Dengue,210
2026-01-18,Telangana,India,Dengue,185
2026-01-25,Telangana,India,Dengue,136
2026-02-01,Telangana,India,Dengue,149
2026-02-08,Telangana,India,Dengue,203
2026-02-15,Telangana,India,Dengue,166
2026-02-22,Telangana,India,Dengue,179
2026-03-01,Telangana,India,Dengue,149
2026-03-08,Telangana,India,Dengue,171
2026-03-15,Telangana,India,Dengue,137
2026-03-22,Telangana,India,Dengue,175
2026-03-29,Telangana,India,Dengue,183
2026-04-05,Telangana,India,Dengue,183
2026-04-12,Telangana,India,Dengue,154
2026-04-19,Telangana,India,Dengue,175
2026-04-26,Telangana,India,Dengue,212
2026-05-03,Telangana,India,Dengue,208
2026-05-10,Telangana,India,Dengue,233
2026-05-17,Telangana,India,Dengue,367
2026-05-24,Telangana,India,Dengue,293
2026-05-31,Telangana,India,Dengue,483
2026-06-07,Telangana,India,Dengue,420
2026-06-14,Telangana,India,Dengue,679
2026-06-21,Telangana,India,Dengue,825
2026-06-28,Telangana,India,Dengue,821
2026-07-05,Telangana,India,Dengue,854
2026-07-12,Telangana,India,Dengue,851
2026-07-19,Telangana,India,Dengue,1246
2026-07-26,Telangana,India,Dengue,1656
2026-08-02,Telangana,India,Dengue,1414
2026-08-09,Telangana,India,Dengue,1849
2026-08-16,Telangana,India,Dengue,1507
2026-08-23,Telangana,India,Dengue,1951
2026-08-30,Telangana,India,Dengue,1720
2026-09-06,Telangana,India,Dengue,2073
2026-09-13,Telangana,India,Dengue,1927
2026-09-20,Telangana,India,Dengue,1672
2026-09-27,Telangana,India,Dengue,1762
2026-10-04,Telangana,India,Dengue,1588
2024-10-13,Telangana,India,Influenza,332
2024-10-20,Telangana,India,Influenza,419
2024-10-27,Telangana,India,Influenza,296
2024-11-03,Telangana,India,Influenza,181
2024-11-10,Telangana,India,Influenza,212
2024-11-17,Telangana,India,Influenza,231
2024-11-24,Telangana,India,Influenza,158
2024-12-01,Telangana,India,Influenza,196
2024-12-08,Telangana,India,Influenza,128
2024-12-15,Telangana,India,Influenza,147
2024-12-22,Telangana,India,Influenza,151
2024-12-29,Telangana,India,Influenza,136
2025-01-05,Telangana,India,Influenza,100
2025-01-12,Telangana,India,Influenza,108
2025-01-19,Telangana,India,Influenza,147
2025-01-26,Telangana,India,Influenza,110
2025-02-02,Telangana,India,Influenza,143
2025-02-09,Telangana,India,Influenza,117
2025-02-16,Telangana,India,Influenza,129
2025-02-23,Telangana,India,Influenza,101
2025-03-02,Telangana,India,Influenza,119
2025-03-09,Telangana,India,Influenza,119
2025-03-16,Telangana,India,Influenza,151
2025-03-23,Telangana,India,Influenza,162
2025-03-30,Telangana,India,Influenza,191
2025-04-06,Telangana,India,Influenza,188
2025-04-13,Telangana,India,Influenza,201
2025-04-20,Telangana,India,Influenza,278
2025-04-27,Telangana,India,Influenza,264
2025-05-04,Telangana,India,Influenza,419
2025-05-11,Telangana,India,Influenza,406
2025-05-18,Telangana,India,Influenza,446
2025-05-25,Telangana,India,Influenza,564
2025-06-01,Telangana,India,Influenza,580
2025-06-08,Telangana,India,Influenza,484
2025-06-15,Telangana,India,Influenza,587
2025-06-22,Telangana,India,Influenza,867
2025-06-29,Telangana,India,Influenza,802
2025-07-06,Telangana,India,Influenza,619
2025-07-13,Telangana,India,Influenza,899
2025-07-20,Telangana,India,Influenza,797
2025-07-27,Telangana,India,Influenza,761
2025-08-03,Telangana,India,Influenza,721
2025-08-10,Telangana,India,Influenza,982
2025-08-17,Telangana,India,Influenza,584
2025-08-24,Telangana,India,Influenza,693
2025-08-31,Telangana,India,Influenza,762
2025-09-07,Telangana,India,Influenza,864
2025-09-14,Telangana,India,Influenza,698
2025-09-21,Telangana,India,Influenza,512
2025-09-28,Telangana,India,Influenza,649
2025-10-05,Telangana,India,Influenza,374
2025-10-12,Telangana,India,Influenza,430
2025-10-19,Telangana,India,Influenza,387
2025-10-26,Telangana,India,Influenza,271
2025-11-02,Telangana,India,Influenza,298
2025-11-09,Telangana,India,Influenza,216
2025-11-16,Telangana,India,Influenza,224
2025-11-23,Telangana,India,Influenza,129
2025-11-30,Telangana,India,Influenza,168
2025-12-07,Telangana,India,Influenza,137
2025-12-14,Telangana,India,Influenza,161
2025-12-21,Telangana,India,Influenza,130
2025-12-28,Telangana,India,Influenza,151
2026-01-04,Telangana,India,Influenza,135
2026-01-11,Telangana,India,Influenza,123
2026-01-18,Telangana,India,Influenza,140
2026-01-25,Telangana,India,Influenza,140
2026-02-01,Telangana,India,Influenza,134
2026-02-08,Telangana,India,Influenza,82
2026-02-15,Telangana,India,Influenza,107
2026-02-22,Telangana,India,Influenza,154
2026-03-01,Telangana,India,Influenza,106
2026-03-08,Telangana,India,Influenza,155
2026-03-15,Telangana,India,Influenza,162
2026-03-22,Telangana,India,Influenza,143
2026-03-29,Telangana,India,Influenza,125
2026-04-05,Telangana,India,Influenza,186
2026-04-12,Telangana,India,Influenza,306
2026-04-19,Telangana,India,Influenza,235
2026-04-26,Telangana,India,Influenza,275
2026-05-03,Telangana,India,Influenza,307
2026-05-10,Telangana,India,Influenza,489
2026-05-17,Telangana,India,Influenza,452
2026-05-24,Telangana,India,Influenza,478
2026-05-31,Telangana,India,Influenza,711
2026-06-07,Telangana,India,Influenza,700
2026-06-14,Telangana,India,Influenza,602
2026-06-21,Telangana,India,Influenza,611
2026-06-28,Telangana,India,Influenza,930
2026-07-05,Telangana,India,Influenza,830
2026-07-12,Telangana,India,Influenza,656
2026-07-19,Telangana,India,Influenza,637
2026-07-26,Telangana,India,Influenza,729
2026-08-02,Telangana,India,Influenza,708
2026-08-09,Telangana,India,Influenza,592
2026-08-16,Telangana,India,Influenza,691
2026-08-23,Telangana,India,Influenza,683
2026-08-30,Telangana,India,Influenza,697
2026-09-06,Telangana,India,Influenza,876
2026-09-13,Telangana,India,Influenza,618
2026-09-20,Telangana,India,Influenza,572
2026-09-27,Telangana,India,Influenza,568
2026-10-04,Telangana,India,Influenza,453
2024-10-13,Telangana,India,COVID-19,318
2024-10-20,Telangana,India,COVID-19,313
2024-10-27,Telangana,India,COVID-19,306
2024-11-03,Telangana,India,COVID-19,426
2024-11-10,Telangana,India,COVID-19,342
2024-11-17,Telangana,India,COVID-19,253
2024-11-24,Telangana,India,COVID-19,321
2024-12-01,Telangana,India,COVID-19,270
2024-12-08,Telangana,India,COVID-19,331
2024-12-15,Telangana,India,COVID-19,251
2024-12-22,Telangana,India,COVID-19,272
2024-12-29,Telangana,India,COVID-19,357
2025-01-05,Telangana,India,COVID-19,413
2025-01-12,Telangana,India,COVID-19,415
2025-01-19,Telangana,India,COVID-19,476
2025-01-26,Telangana,India,COVID-19,494
2025-02-02,Telangana,India,COVID-19,538
2025-02-09,Telangana,India,COVID-19,548
2025-02-16,Telangana,India,COVID-19,752
2025-02-23,Telangana,India,COVID-19,872
2025-03-02,Telangana,India,COVID-19,838
2025-03-09,Telangana,India,COVID-19,920
2025-03-16,Telangana,India,COVID-19,1265
2025-03-23,Telangana,India,COVID-19,1092
2025-03-30,Telangana,India,COVID-19,1165
2025-04-06,Telangana,India,COVID-19,1275
2025-04-13,Telangana,India,COVID-19,1183
2025-04-20,Telangana,India,COVID-19,1042
2025-04-27,Telangana,India,COVID-19,1217
2025-05-04,Telangana,India,COVID-19,1089
2025-05-11,Telangana,India,COVID-19,1304
2025-05-18,Telangana,India,COVID-19,1047
2025-05-25,Telangana,India,COVID-19,771
2025-06-01,Telangana,India,COVID-19,839
2025-06-08,Telangana,India,COVID-19,702
2025-06-15,Telangana,India,COVID-19,709
2025-06-22,Telangana,India,COVID-19,484
2025-06-29,Telangana,India,COVID-19,482
2025-07-06,Telangana,India,COVID-19,417
2025-07-13,Telangana,India,COVID-19,391
2025-07-20,Telangana,India,COVID-19,314
2025-07-27,Telangana,India,COVID-19,374
2025-08-03,Telangana,India,COVID-19,354
2025-08-10,Telangana,India,COVID-19,390
2025-08-17,Telangana,India,COVID-19,326
2025-08-24,Telangana,India,COVID-19,311
2025-08-31,Telangana,India,COVID-19,381
2025-09-07,Telangana,India,COVID-19,313
2025-09-14,Telangana,India,COVID-19,438
2025-09-21,Telangana,India,COVID-19,471
2025-09-28,Telangana,India,COVID-19,525
2025-10-05,Telangana,India,COVID-19,516
2025-10-12,Telangana,India,COVID-19,506
2025-10-19,Telangana,India,COVID-19,623
2025-10-26,Telangana,India,COVID-19,731
2025-11-02,Telangana,India,COVID-19,715
2025-11-09,Telangana,India,COVID-19,1052
2025-11-16,Telangana,India,COVID-19,1064
2025-11-23,Telangana,India,COVID-19,938
2025-11-30,Telangana,India,COVID-19,1519
2025-12-07,Telangana,India,COVID-19,1297
2025-12-14,Telangana,India,COVID-19,1138
2025-12-21,Telangana,India,COVID-19,1250
2025-12-28,Telangana,India,COVID-19,1804
2026-01-04,Telangana,India,COVID-19,1908
2026-01-11,Telangana,India,COVID-19,1725
2026-01-18,Telangana,India,COVID-19,1765
2026-01-25,Telangana,India,COVID-19,1686
2026-02-01,Telangana,India,COVID-19,1472
2026-02-08,Telangana,India,COVID-19,1338
2026-02-15,Telangana,India,COVID-19,1276
2026-02-22,Telangana,India,COVID-19,1197
2026-03-01,Telangana,India,COVID-19,866
2026-03-08,Telangana,India,COVID-19,969
2026-03-15,Telangana,India,COVID-19,946
2026-03-22,Telangana,India,COVID-19,667
2026-03-29,Telangana,India,COVID-19,582
2026-04-05,Telangana,India,COVID-19,582
2026-04-12,Telangana,India,COVID-19,439
2026-04-19,Telangana,India,COVID-19,353
2026-04-26,Telangana,India,COVID-19,473
2026-05-03,Telangana,India,COVID-19,350
2026-05-10,Telangana,India,COVID-19,356
2026-05-17,Telangana,India,COVID-19,310
2026-05-24,Telangana,India,COVID-19,400
2026-05-31,Telangana,India,COVID-19,381
2026-06-07,Telangana,India,COVID-19,338
2026-06-14,Telangana,India,COVID-19,311
2026-06-21,Telangana,India,COVID-19,401
2026-06-28,Telangana,India,COVID-19,531
2026-07-05,Telangana,India,COVID-19,592
2026-07-12,Telangana,India,COVID-19,691
2026-07-19,Telangana,India,COVID-19,817
2026-07-26,Telangana,India,COVID-19,1003
2026-08-02,Telangana,India,COVID-19,981
2026-08-09,Telangana,India,COVID-19,1110
2026-08-16,Telangana,India,COVID-19,893
2026-08-23,Telangana,India,COVID-19,1398
2026-08-30,Telangana,India,COVID-19,895
2026-09-06,Telangana,India,COVID-19,857
2026-09-13,Telangana,India,COVID-19,780
2026-09-20,Telangana,India,COVID-19,573
2026-09-27,Telangana,India,COVID-19,516
2026-10-04,Telangana,India,COVID-19,441
2024-10-13,Andhra Pradesh,India,Dengue,3436
2024-10-20,Andhra Pradesh,India,Dengue,2216
2024-10-27,Andhra Pradesh,India,Dengue,3338
2024-11-03,Andhra Pradesh,India,Dengue,2610
2024-11-10,Andhra Pradesh,India,Dengue,2219
2024-11-17,Andhra Pradesh,India,Dengue,1279
2024-11-24,Andhra Pradesh,India,Dengue,1283
2024-12-01,Andhra Pradesh,India,Dengue,1464
2024-12-08,Andhra Pradesh,India,Dengue,1598
2024-12-15,Andhra Pradesh,India,Dengue,968
2024-12-22,Andhra Pradesh,India,Dengue,784
2024-12-29,Andhra Pradesh,India,Dengue,613
2025-01-05,Andhra Pradesh,India,Dengue,425
2025-01-12,Andhra Pradesh,India,Dengue,495
2025-01-19,Andhra Pradesh,India,Dengue,329
2025-01-26,Andhra Pradesh,India,Dengue,304
2025-02-02,Andhra Pradesh,India,Dengue,292
2025-02-09,Andhra Pradesh,India,Dengue,407
2025-02-16,Andhra Pradesh,India,Dengue,351
2025-02-23,Andhra Pradesh,India,Dengue,359
2025-03-02,Andhra Pradesh,India,Dengue,354
2025-03-09,Andhra Pradesh,India,Dengue,295
2025-03-16,Andhra Pradesh,India,Dengue,320
2025-03-23,Andhra Pradesh,India,Dengue,323
2025-03-30,Andhra Pradesh,India,Dengue,282
2025-04-06,Andhra Pradesh,India,Dengue,333
2025-04-13,Andhra Pradesh,India,Dengue,308
2025-04-20,Andhra Pradesh,India,Dengue,414
2025-04-27,Andhra Pradesh,India,Dengue,445
2025-05-04,Andhra Pradesh,India,Dengue,358
2025-05-11,Andhra Pradesh,India,Dengue,481
2025-05-18,Andhra Pradesh,India,Dengue,754
2025-05-25,Andhra Pradesh,India,Dengue,603
2025-06-01,Andhra Pradesh,India,Dengue,915
2025-06-08,Andhra Pradesh,India,Dengue,1067
2025-06-15,Andhra Pradesh,India,Dengue,1488
2025-06-22,Andhra Pradesh,India,Dengue,1611
2025-06-29,Andhra Pradesh,India,Dengue,1721
2025-07-06,Andhra Pradesh,India,Dengue,2183
2025-07-13,Andhra Pradesh,India,Dengue,2530
2025-07-20,Andhra Pradesh,India,Dengue,2804
2025-07-27,Andhra Pradesh,India,Dengue,2550
2025-08-03,Andhra Pradesh,India,Dengue,4146
2025-08-10,Andhra Pradesh,India,Dengue,4380
2025-08-17,Andhra Pradesh,India,Dengue,3383
2025-08-24,Andhra Pradesh,India,Dengue,4001
2025-08-31,Andhra Pradesh,India,Dengue,4159
2025-09-07,Andhra Pradesh,India,Dengue,3594
2025-09-14,Andhra Pradesh,India,Dengue,3111
2025-09-21,Andhra Pradesh,India,Dengue,3797
2025-09-28,Andhra Pradesh,India,Dengue,3839
2025-10-05,Andhra Pradesh,India,Dengue,3003
2025-10-12,Andhra Pradesh,India,Dengue,3653
2025-10-19,Andhra Pradesh,India,Dengue,3816
2025-10-26,Andhra Pradesh,India,Dengue,3285
2025-11-02,Andhra Pradesh,India,Dengue,2525
2025-11-09,Andhra Pradesh,India,Dengue,1617
2025-11-16,Andhra Pradesh,India,Dengue,2113
2025-11-23,Andhra Pradesh,India,Dengue,1641
2025-11-30,Andhra Pradesh,India,Dengue,1421
2025-12-07,Andhra Pradesh,India,Dengue,1421
2025-12-14,Andhra Pradesh,India,Dengue,793
2025-12-21,Andhra Pradesh,India,Dengue,425
2025-12-28,Andhra Pradesh,India,Dengue,527
2026-01-04,Andhra Pradesh,India,Dengue,575
2026-01-11,Andhra Pradesh,India,Dengue,476
2026-01-18,Andhra Pradesh,India,Dengue,355
2026-01-25,Andhra Pradesh,India,Dengue,322
2026-02-01,Andhra Pradesh,India,Dengue,376
2026-02-08,Andhra Pradesh,India,Dengue,318
2026-02-15,Andhra Pradesh,India,Dengue,420
2026-02-22,Andhra Pradesh,India,Dengue,365
2026-03-01,Andhra Pradesh,India,Dengue,353
2026-03-08,Andhra Pradesh,India,Dengue,346
2026-03-15,Andhra Pradesh,India,Dengue,407
2026-03-22,Andhra Pradesh,India,Dengue,394
2026-03-29,Andhra Pradesh,India,Dengue,405
2026-04-05,Andhra Pradesh,India,Dengue,407
2026-04-12,Andhra Pradesh,India,Dengue,399
2026-04-19,Andhra Pradesh,India,Dengue,353
2026-04-26,Andhra Pradesh,India,Dengue,396
2026-05-03,Andhra Pradesh,India,Dengue,459
2026-05-10,Andhra Pradesh,India,Dengue,725
2026-05-17,Andhra Pradesh,India,Dengue,517
2026-05-24,Andhra Pradesh,India,Dengue,728
2026-05-31,Andhra Pradesh,India,Dengue,958
2026-06-07,Andhra Pradesh,India,Dengue,1100
2026-06-14,Andhra Pradesh,India,Dengue,1628
2026-06-21,Andhra Pradesh,India,Dengue,1614
2026-06-28,Andhra Pradesh,India,Dengue,1947
2026-07-05,Andhra Pradesh,India,Dengue,2660
2026-07-12,Andhra Pradesh,India,Dengue,3485
2026-07-19,Andhra Pradesh,India,Dengue,3775
2026-07-26,Andhra Pradesh,India,Dengue,3413
2026-08-02,Andhra Pradesh,India,Dengue,3801
2026-08-09,Andhra Pradesh,India,Dengue,4166
2026-08-16,Andhra Pradesh,India,Dengue,4492
2026-08-23,Andhra Pradesh,India,Dengue,4007
2026-08-30,Andhra Pradesh,India,Dengue,5377
2026-09-06,Andhra Pradesh,India,Dengue,4910
2026-09-13,Andhra Pradesh,India,Dengue,4699
2026-09-20,Andhra Pradesh,India,Dengue,3740
2026-09-27,Andhra Pradesh,India,Dengue,4481
2026-10-04,Andhra Pradesh,India,Dengue,3002
2024-10-13,Andhra Pradesh,India,Influenza,856
2024-10-20,Andhra Pradesh,India,Influenza,750
2024-10-27,Andhra Pradesh,India,Influenza,740
2024-11-03,Andhra Pradesh,India,Influenza,786
2024-11-10,Andhra Pradesh,India,Influenza,576
2024-11-17,Andhra Pradesh,India,Influenza,562
2024-11-24,Andhra Pradesh,India,Influenza,445
2024-12-01,Andhra Pradesh,India,Influenza,425
2024-12-08,Andhra Pradesh,India,Influenza,425
2024-12-15,Andhra Pradesh,India,Influenza,277
2024-12-22,Andhra Pradesh,India,Influenza,262
2024-12-29,Andhra Pradesh,India,Influenza,319
2025-01-05,Andhra Pradesh,India,Influenza,286
2025-01-12,Andhra Pradesh,India,Influenza,294
2025-01-19,Andhra Pradesh,India,Influenza,273
2025-01-26,Andhra Pradesh,India,Influenza,259
2025-02-02,Andhra Pradesh,India,Influenza,353
2025-02-09,Andhra Pradesh,India,Influenza,237
2025-02-16,Andhra Pradesh,India,Influenza,315
2025-02-23,Andhra Pradesh,India,Influenza,312
2025-03-02,Andhra Pradesh,India,Influenza,227
2025-03-09,Andhra Pradesh,India,Influenza,272
2025-03-16,Andhra Pradesh,India,Influenza,299
2025-03-23,Andhra Pradesh,India,Influenza,394
2025-03-30,Andhra Pradesh,India,Influenza,384
2025-04-06,Andhra Pradesh,India,Influenza,455
2025-04-13,Andhra Pradesh,India,Influenza,414
2025-04-20,Andhra Pradesh,India,Influenza,827
2025-04-27,Andhra Pradesh,India,Influenza,717
2025-05-04,Andhra Pradesh,India,Influenza,880
2025-05-11,Andhra Pradesh,India,Influenza,862
2025-05-18,Andhra Pradesh,India,Influenza,961
2025-05-25,Andhra Pradesh,India,Influenza,1541
2025-06-01,Andhra Pradesh,India,Influenza,948
2025-06-08,Andhra Pradesh,India,Influenza,1523
2025-06-15,Andhra Pradesh,India,Influenza,1298
2025-06-22,Andhra Pradesh,India,Influenza,1596
2025-06-29,Andhra Pradesh,India,Influenza,1626
2025-07-06,Andhra Pradesh,India,Influenza,1601
2025-07-13,Andhra Pradesh,India,Influenza,1949
2025-07-20,Andhra Pradesh,India,Influenza,1214
2025-07-27,Andhra Pradesh,India,Influenza,1893
2025-08-03,Andhra Pradesh,India,Influenza,1948
2025-08-10,Andhra Pradesh,India,Influenza,1543
2025-08-17,Andhra Pradesh,India,Influenza,2305
2025-08-24,Andhra Pradesh,India,Influenza,1638
2025-08-31,Andhra Pradesh,India,Influenza,1639
2025-09-07,Andhra Pradesh,India,Influenza,1445
2025-09-14,Andhra Pradesh,India,Influenza,1444
2025-09-21,Andhra Pradesh,India,Influenza,1592
2025-09-28,Andhra Pradesh,India,Influenza,1642
2025-10-05,Andhra Pradesh,India,Influenza,1185
2025-10-12,Andhra Pradesh,India,Influenza,1091
2025-10-19,Andhra Pradesh,India,Influenza,1029
2025-10-26,Andhra Pradesh,India,Influenza,736
2025-11-02,Andhra Pradesh,India,Influenza,758
2025-11-09,Andhra Pradesh,India,Influenza,593
2025-11-16,Andhra Pradesh,India,Influenza,471
2025-11-23,Andhra Pradesh,India,Influenza,427
2025-11-30,Andhra Pradesh,India,Influenza,264
2025-12-07,Andhra Pradesh,India,Influenza,347
2025-12-14,Andhra Pradesh,India,Influenza,239
2025-12-21,Andhra Pradesh,India,Influenza,225
2025-12-28,Andhra Pradesh,India,Influenza,298
2026-01-04,Andhra Pradesh,India,Influenza,238
2026-01-11,Andhra Pradesh,India,Influenza,284
2026-01-18,Andhra Pradesh,India,Influenza,290
2026-01-25,Andhra Pradesh,India,Influenza,292
2026-02-01,Andhra Pradesh,India,Influenza,245
2026-02-08,Andhra Pradesh,India,Influenza,323
2026-02-15,Andhra Pradesh,India,Influenza,282
2026-02-22,Andhra Pradesh,India,Influenza,309
2026-03-01,Andhra Pradesh,India,Influenza,244
2026-03-08,Andhra Pradesh,India,Influenza,303
2026-03-15,Andhra Pradesh,India,Influenza,387
2026-03-22,Andhra Pradesh,India,Influenza,416
2026-03-29,Andhra Pradesh,India,Influenza,357
2026-04-05,Andhra Pradesh,India,Influenza,424
2026-04-12,Andhra Pradesh,India,Influenza,452
2026-04-19,Andhra Pradesh,India,Influenza,553
2026-04-26,Andhra Pradesh,India,Influenza,561
2026-05-03,Andhra Pradesh,India,Influenza,802
2026-05-10,Andhra Pradesh,India,Influenza,1027
2026-05-17,Andhra Pradesh,India,Influenza,940
2026-05-24,Andhra Pradesh,India,Influenza,1181
2026-05-31,Andhra Pradesh,India,Influenza,1287
2026-06-07,Andhra Pradesh,India,Influenza,1693
2026-06-14,Andhra Pradesh,India,Influenza,1441
2026-06-21,Andhra Pradesh,India,Influenza,1553
2026-06-28,Andhra Pradesh,India,Influenza,1570
2026-07-05,Andhra Pradesh,India,Influenza,1558
2026-07-12,Andhra Pradesh,India,Influenza,2092
2026-07-19,Andhra Pradesh,India,Influenza,1935
2026-07-26,Andhra Pradesh,India,Influenza,2004
2026-08-02,Andhra Pradesh,India,Influenza,2353
2026-08-09,Andhra Pradesh,India,Influenza,2326
2026-08-16,Andhra Pradesh,India,Influenza,1415
2026-08-23,Andhra Pradesh,India,Influenza,1973
2026-08-30,Andhra Pradesh,India,Influenza,1757
2026-09-06,Andhra Pradesh,India,Influenza,1476
2026-09-13,Andhra Pradesh,India,Influenza,1534
2026-09-20,Andhra Pradesh,India,Influenza,986
2026-09-27,Andhra Pradesh,India,Influenza,1460
2026-10-04,Andhra Pradesh,India,Influenza,1148
2024-10-13,Andhra Pradesh,India,COVID-19,593
2024-10-20,Andhra Pradesh,India,COVID-19,622
2024-10-27,Andhra Pradesh,India,COVID-19,508
2024-11-03,Andhra Pradesh,India,COVID-19,651
2024-11-10,Andhra Pradesh,India,COVID-19,634
2024-11-17,Andhra Pradesh,India,COVID-19,550
2024-11-24,Andhra Pradesh,India,COVID-19,770
2024-12-01,Andhra Pradesh,India,COVID-19,828
2024-12-08,Andhra Pradesh,India,COVID-19,701
2024-12-15,Andhra Pradesh,India,COVID-19,685
2024-12-22,Andhra Pradesh,India,COVID-19,788
2024-12-29,Andhra Pradesh,India,COVID-19,769
2025-01-05,Andhra Pradesh,India,COVID-19,683
2025-01-12,Andhra Pradesh,India,COVID-19,791
2025-01-19,Andhra Pradesh,India,COVID-19,916
2025-01-26,Andhra Pradesh,India,COVID-19,1102
2025-02-02,Andhra Pradesh,India,COVID-19,1193
2025-02-09,Andhra Pradesh,India,COVID-19,1388
2025-02-16,Andhra Pradesh,India,COVID-19,1174
2025-02-23,Andhra Pradesh,India,COVID-19,1888
2025-03-02,Andhra Pradesh,India,COVID-19,1922
2025-03-09,Andhra Pradesh,India,COVID-19,2940
2025-03-16,Andhra Pradesh,India,COVID-19,2184
2025-03-23,Andhra Pradesh,India,COVID-19,2606
2025-03-30,Andhra Pradesh,India,COVID-19,3725
2025-04-06,Andhra Pradesh,India,COVID-19,2776
2025-04-13,Andhra Pradesh,India,COVID-19,2698
2025-04-20,Andhra Pradesh,India,COVID-19,2298
2025-04-27,Andhra Pradesh,India,COVID-19,3215
2025-05-04,Andhra Pradesh,India,COVID-19,2053
2025-05-11,Andhra Pradesh,India,COVID-19,2467
2025-05-18,Andhra Pradesh,India,COVID-19,1975
2025-05-25,Andhra Pradesh,India,COVID-19,1867
2025-06-01,Andhra Pradesh,India,COVID-19,1350
2025-06-08,Andhra Pradesh,India,COVID-19,1829
2025-06-15,Andhra Pradesh,India,COVID-19,1289
2025-06-22,Andhra Pradesh,India,COVID-19,975
2025-06-29,Andhra Pradesh,India,COVID-19,1263
2025-07-06,Andhra Pradesh,India,COVID-19,888
2025-07-13,Andhra Pradesh,India,COVID-19,925
2025-07-20,Andhra Pradesh,India,COVID-19,926
2025-07-27,Andhra Pradesh,India,COVID-19,837
2025-08-03,Andhra Pradesh,India,COVID-19,507
2025-08-10,Andhra Pradesh,India,COVID-19,820
2025-08-17,Andhra Pradesh,India,COVID-19,731
2025-08-24,Andhra Pradesh,India,COVID-19,715
2025-08-31,Andhra Pradesh,India,COVID-19,760
2025-09-07,Andhra Pradesh,India,COVID-19,612
2025-09-14,Andhra Pradesh,India,COVID-19,879
2025-09-21,Andhra Pradesh,India,COVID-19,731
2025-09-28,Andhra Pradesh,India,COVID-19,960
2025-10-05,Andhra Pradesh,India,COVID-19,1135
2025-10-12,Andhra Pradesh,India,COVID-19,1437
2025-10-19,Andhra Pradesh,India,COVID-19,1221
2025-10-26,Andhra Pradesh,India,COVID-19,1912
2025-11-02,Andhra Pradesh,India,COVID-19,2022
2025-11-09,Andhra Pradesh,India,COVID-19,1862
2025-11-16,Andhra Pradesh,India,COVID-19,1852
2025-11-23,Andhra Pradesh,India,COVID-19,1925
2025-11-30,Andhra Pradesh,India,COVID-19,2797
2025-12-07,Andhra Pradesh,India,COVID-19,2581
2025-12-14,Andhra Pradesh,India,COVID-19,3646
2025-12-21,Andhra Pradesh,India,COVID-19,2911
2025-12-28,Andhra Pradesh,India,COVID-19,2895
2026-01-04,Andhra Pradesh,India,COVID-19,3520
2026-01-11,Andhra Pradesh,India,COVID-19,3050
2026-01-18,Andhra Pradesh,India,COVID-19,3348
2026-01-25,Andhra Pradesh,India,COVID-19,3715
2026-02-01,Andhra Pradesh,India,COVID-19,3138
2026-02-08,Andhra Pradesh,India,COVID-19,2947
2026-02-15,Andhra Pradesh,India,COVID-19,2761
2026-02-22,Andhra Pradesh,India,COVID-19,1826
2026-03-01,Andhra Pradesh,India,COVID-19,2342
2026-03-08,Andhra Pradesh,India,COVID-19,2029
2026-03-15,Andhra Pradesh,India,COVID-19,1999
2026-03-22,Andhra Pradesh,India,COVID-19,1705
2026-03-29,Andhra Pradesh,India,COVID-19,1343
2026-04-05,Andhra Pradesh,India,COVID-19,1423
2026-04-12,Andhra Pradesh,India,COVID-19,1055
2026-04-19,Andhra Pradesh,India,COVID-19,1036
2026-04-26,Andhra Pradesh,India,COVID-19,873
2026-05-03,Andhra Pradesh,India,COVID-19,911
2026-05-10,Andhra Pradesh,India,COVID-19,760
2026-05-17,Andhra Pradesh,India,COVID-19,966
2026-05-24,Andhra Pradesh,India,COVID-19,992
2026-05-31,Andhra Pradesh,India,COVID-19,867
2026-06-07,Andhra Pradesh,India,COVID-19,981
2026-06-14,Andhra Pradesh,India,COVID-19,660
2026-06-21,Andhra Pradesh,India,COVID-19,756
2026-06-28,Andhra Pradesh,India,COVID-19,1056
2026-07-05,Andhra Pradesh,India,COVID-19,1315
2026-07-12,Andhra Pradesh,India,COVID-19,1497
2026-07-19,Andhra Pradesh,India,COVID-19,1355
2026-07-26,Andhra Pradesh,India,COVID-19,2396
2026-08-02,Andhra Pradesh,India,COVID-19,2966
2026-08-09,Andhra Pradesh,India,COVID-19,2814
2026-08-16,Andhra Pradesh,India,COVID-19,2767
2026-08-23,Andhra Pradesh,India,COVID-19,2373
2026-08-30,Andhra Pradesh,India,COVID-19,1853
2026-09-06,Andhra Pradesh,India,COVID-19,1909
2026-09-13,Andhra Pradesh,India,COVID-19,2148
2026-09-20,Andhra Pradesh,India,COVID-19,1312
2026-09-27,Andhra Pradesh,India,COVID-19,1091
2026-10-04,Andhra Pradesh,India,COVID-19,1167
2024-10-13,Gujarat,India,Dengue,3514
2024-10-20,Gujarat,India,Dengue,3532
2024-10-27,Gujarat,India,Dengue,3052
2024-11-03,Gujarat,India,Dengue,2944
2024-11-10,Gujarat,India,Dengue,2948
2024-11-17,Gujarat,India,Dengue,1900
2024-11-24,Gujarat,India,Dengue,2116
2024-12-01,Gujarat,India,Dengue,1536
2024-12-08,Gujarat,India,Dengue,1683
2024-12-15,Gujarat,India,Dengue,1075
2024-12-22,Gujarat,India,Dengue,835
2024-12-29,Gujarat,India,Dengue,770
2025-01-05,Gujarat,India,Dengue,577
2025-01-12,Gujarat,India,Dengue,393
2025-01-19,Gujarat,India,Dengue,474
2025-01-26,Gujarat,India,Dengue,447
2025-02-02,Gujarat,India,Dengue,343
2025-02-09,Gujarat,India,Dengue,439
2025-02-16,Gujarat,India,Dengue,305
2025-02-23,Gujarat,India,Dengue,419
2025-03-02,Gujarat,India,Dengue,459
2025-03-09,Gujarat,India,Dengue,450
2025-03-16,Gujarat,India,Dengue,417
2025-03-23,Gujarat,India,Dengue,440
2025-03-30,Gujarat,India,Dengue,394
2025-04-06,Gujarat,India,Dengue,451
2025-04-13,Gujarat,India,Dengue,463
2025-04-20,Gujarat,India,Dengue,411
2025-04-27,Gujarat,India,Dengue,525
2025-05-04,Gujarat,India,Dengue,576
2025-05-11,Gujarat,India,Dengue,614
2025-05-18,Gujarat,India,Dengue,1005
2025-05-25,Gujarat,India,Dengue,865
2025-06-01,Gujarat,India,Dengue,1029
2025-06-08,Gujarat,India,Dengue,1228
2025-06-15,Gujarat,India,Dengue,1364
2025-06-22,Gujarat,India,Dengue,2125
2025-06-29,Gujarat,India,Dengue,2061
2025-07-06,Gujarat,India,Dengue,2470
2025-07-13,Gujarat,India,Dengue,2870
2025-07-20,Gujarat,India,Dengue,3026
2025-07-27,Gujarat,India,Dengue,2927
2025-08-03,Gujarat,India,Dengue,4061
2025-08-10,Gujarat,India,Dengue,5333
2025-08-17,Gujarat,India,Dengue,5158
2025-08-24,Gujarat,India,Dengue,6459
2025-08-31,Gujarat,India,Dengue,5982
2025-09-07,Gujarat,India,Dengue,5858
2025-09-14,Gujarat,India,Dengue,6920
2025-09-21,Gujarat,India,Dengue,5195
2025-09-28,Gujarat,India,Dengue,5113
2025-10-05,Gujarat,India,Dengue,4777
2025-10-12,Gujarat,India,Dengue,5474
2025-10-19,Gujarat,India,Dengue,4060
2025-10-26,Gujarat,India,Dengue,3288
2025-11-02,Gujarat,India,Dengue,3498
2025-11-09,Gujarat,India,Dengue,2448
2025-11-16,Gujarat,India,Dengue,2574
2025-11-23,Gujarat,India,Dengue,2130
2025-11-30,Gujarat,India,Dengue,1621
2025-12-07,Gujarat,India,Dengue,1492
2025-12-14,Gujarat,India,Dengue,878
2025-12-21,Gujarat,India,Dengue,956
2025-12-28,Gujarat,India,Dengue,727
2026-01-04,Gujarat,India,Dengue,957
2026-01-11,Gujarat,India,Dengue,606
2026-01-18,Gujarat,India,Dengue,493
2026-01-25,Gujarat,India,Dengue,406
2026-02-01,Gujarat,India,Dengue,592
2026-02-08,Gujarat,India,Dengue,463
2026-02-15,Gujarat,India,Dengue,428
2026-02-22,Gujarat,India,Dengue,511
2026-03-01,Gujarat,India,Dengue,534
2026-03-08,Gujarat,India,Dengue,534
2026-03-15,Gujarat,India,Dengue,490
2026-03-22,Gujarat,India,Dengue,501
2026-03-29,Gujarat,India,Dengue,508
2026-04-05,Gujarat,India,Dengue,520
2026-04-12,Gujarat,India,Dengue,536
2026-04-19,Gujarat,India,Dengue,608
2026-04-26,Gujarat,India,Dengue,560
2026-05-03,Gujarat,India,Dengue,534
2026-05-10,Gujarat,India,Dengue,676
2026-05-17,Gujarat,India,Dengue,901
2026-05-24,Gujarat,India,Dengue,710
2026-05-31,Gujarat,India,Dengue,864
2026-06-07,Gujarat,India,Dengue,1637
2026-06-14,Gujarat,India,Dengue,2151
2026-06-21,Gujarat,India,Dengue,1713
2026-06-28,Gujarat,India,Dengue,2558
2026-07-05,Gujarat,India,Dengue,2783
2026-07-12,Gujarat,India,Dengue,3289
2026-07-19,Gujarat,India,Dengue,4071
2026-07-26,Gujarat,India,Dengue,3508
2026-08-02,Gujarat,India,Dengue,3988
2026-08-09,Gujarat,India,Dengue,4934
2026-08-16,Gujarat,India,Dengue,5369
2026-08-23,Gujarat,India,Dengue,4765
2026-08-30,Gujarat,India,Dengue,6586
2026-09-06,Gujarat,India,Dengue,5575
2026-09-13,Gujarat,India,Dengue,5534
2026-09-20,Gujarat,India,Dengue,6016
2026-09-27,Gujarat,India,Dengue,5437
2026-10-04,Gujarat,India,Dengue,5895
2024-10-13,Gujarat,India,Influenza,1008
2024-10-20,Gujarat,India,Influenza,808
2024-10-27,Gujarat,India,Influenza,845
2024-11-03,Gujarat,India,Influenza,773
2024-11-10,Gujarat,India,Influenza,539
2024-11-17,Gujarat,India,Influenza,456
2024-11-24,Gujarat,India,Influenza,521
2024-12-01,Gujarat,India,Influenza,402
2024-12-08,Gujarat,India,Influenza,325
2024-12-15,Gujarat,India,Influenza,444
2024-12-22,Gujarat,India,Influenza,336
2024-12-29,Gujarat,India,Influenza,424
2025-01-05,Gujarat,India,Influenza,358
2025-01-12,Gujarat,India,Influenza,371
2025-01-19,Gujarat,India,Influenza,343
2025-01-26,Gujarat,India,Influenza,213
2025-02-02,Gujarat,India,Influenza,294
2025-02-09,Gujarat,India,Influenza,348
2025-02-16,Gujarat,India,Influenza,376
2025-02-23,Gujarat,India,Influenza,265
2025-03-02,Gujarat,India,Influenza,368
2025-03-09,Gujarat,India,Influenza,323
2025-03-16,Gujarat,India,Influenza,430
2025-03-23,Gujarat,India,Influenza,453
2025-03-30,Gujarat,India,Influenza,564
2025-04-06,Gujarat,India,Influenza,668
2025-04-13,Gujarat,India,Influenza,708
2025-04-20,Gujarat,India,Influenza,865
2025-04-27,Gujarat,India,Influenza,840
2025-05-04,Gujarat,India,Influenza,1455
2025-05-11,Gujarat,India,Influenza,957
2025-05-18,Gujarat,India,Influenza,1225
2025-05-25,Gujarat,India,Influenza,1698
2025-06-01,Gujarat,India,Influenza,1850
2025-06-08,Gujarat,India,Influenza,1959
2025-06-15,Gujarat,India,Influenza,2181
2025-06-22,Gujarat,India,Influenza,1459
2025-06-29,Gujarat,India,Influenza,2781
2025-07-06,Gujarat,India,Influenza,2274
2025-07-13,Gujarat,India,Influenza,2873
2025-07-20,Gujarat,India,Influenza,1714
2025-07-27,Gujarat,India,Influenza,2578
2025-08-03,Gujarat,India,Influenza,2258
2025-08-10,Gujarat,India,Influenza,2629
2025-08-17,Gujarat,India,Influenza,2458
2025-08-24,Gujarat,India,Influenza,2369
2025-08-31,Gujarat,India,Influenza,1785
2025-09-07,Gujarat,India,Influenza,1964
2025-09-14,Gujarat,India,Influenza,1776
2025-09-21,Gujarat,India,Influenza,1786
2025-09-28,Gujarat,India,Influenza,1718
2025-10-05,Gujarat,India,Influenza,1361
2025-10-12,Gujarat,India,Influenza,947
2025-10-19,Gujarat,India,Influenza,1039
2025-10-26,Gujarat,India,Influenza,1234
2025-11-02,Gujarat,India,Influenza,955
2025-11-09,Gujarat,India,Influenza,367
2025-11-16,Gujarat,India,Influenza,582
2025-11-23,Gujarat,India,Influenza,578
2025-11-30,Gujarat,India,Influenza,441
2025-12-07,Gujarat,India,Influenza,386
2025-12-14,Gujarat,India,Influenza,373
2025-12-21,Gujarat,India,Influenza,402
2025-12-28,Gujarat,India,Influenza,299
2026-01-04,Gujarat,India,Influenza,420
2026-01-11,Gujarat,India,Influenza,352
2026-01-18,Gujarat,India,Influenza,305
2026-01-25,Gujarat,India,Influenza,414
2026-02-01,Gujarat,India,Influenza,272
2026-02-08,Gujarat,India,Influenza,325
2026-02-15,Gujarat,India,Influenza,326
2026-02-22,Gujarat,India,Influenza,478
2026-03-01,Gujarat,India,Influenza,333
2026-03-08,Gujarat,India,Influenza,263
2026-03-15,Gujarat,India,Influenza,379
2026-03-22,Gujarat,India,Influenza,485
2026-03-29,Gujarat,India,Influenza,567
2026-04-05,Gujarat,India,Influenza,773
2026-04-12,Gujarat,India,Influenza,802
2026-04-19,Gujarat,India,Influenza,788
2026-04-26,Gujarat,India,Influenza,768
2026-05-03,Gujarat,India,Influenza,1272
2026-05-10,Gujarat,India,Influenza,1107
2026-05-17,Gujarat,India,Influenza,1199
2026-05-24,Gujarat,India,Influenza,1402
2026-05-31,Gujarat,India,Influenza,1350
2026-06-07,Gujarat,India,Influenza,1698
2026-06-14,Gujarat,India,Influenza,1912
2026-06-21,Gujarat,India,Influenza,2355
2026-06-28,Gujarat,India,Influenza,2115
2026-07-05,Gujarat,India,Influenza,1900
2026-07-12,Gujarat,India,Influenza,1838
2026-07-19,Gujarat,India,Influenza,2544
2026-07-26,Gujarat,India,Influenza,2509
2026-08-02,Gujarat,India,Influenza,2262
2026-08-09,Gujarat,India,Influenza,2251
2026-08-16,Gujarat,India,Influenza,2483
2026-08-23,Gujarat,India,Influenza,2714
2026-08-30,Gujarat,India,Influenza,1874
2026-09-06,Gujarat,India,Influenza,2007
2026-09-13,Gujarat,India,Influenza,2088
2026-09-20,Gujarat,India,Influenza,1469
2026-09-27,Gujarat,India,Influenza,1492
2026-10-04,Gujarat,India,Influenza,1323
2024-10-13,Gujarat,India,COVID-19,684
2024-10-20,Gujarat,India,COVID-19,873
2024-10-27,Gujarat,India,COVID-19,856
2024-11-03,Gujarat,India,COVID-19,924
2024-11-10,Gujarat,India,COVID-19,702
2024-11-17,Gujarat,India,COVID-19,858
2024-11-24,Gujarat,India,COVID-19,1039
2024-12-01,Gujarat,India,COVID-19,1139
2024-12-08,Gujarat,India,COVID-19,1048
2024-12-15,Gujarat,India,COVID-19,739
2024-12-22,Gujarat,India,COVID-19,986
2024-12-29,Gujarat,India,COVID-19,893
2025-01-05,Gujarat,India,COVID-19,1062
2025-01-12,Gujarat,India,COVID-19,968
2025-01-19,Gujarat,India,COVID-19,889
2025-01-26,Gujarat,India,COVID-19,1258
2025-02-02,Gujarat,India,COVID-19,1649
2025-02-09,Gujarat,India,COVID-19,1752
2025-02-16,Gujarat,India,COVID-19,2016
2025-02-23,Gujarat,India,COVID-19,2213
2025-03-02,Gujarat,India,COVID-19,2545
2025-03-09,Gujarat,India,COVID-19,2866
2025-03-16,Gujarat,India,COVID-19,2776
2025-03-23,Gujarat,India,COVID-19,3143
2025-03-30,Gujarat,India,COVID-19,4120
2025-04-06,Gujarat,India,COVID-19,3441
2025-04-13,Gujarat,India,COVID-19,3426
2025-04-20,Gujarat,India,COVID-19,3421
2025-04-27,Gujarat,India,COVID-19,3159
2025-05-04,Gujarat,India,COVID-19,2901
2025-05-11,Gujarat,India,COVID-19,2986
2025-05-18,Gujarat,India,COVID-19,2454
2025-05-25,Gujarat,India,COVID-19,2347
2025-06-01,Gujarat,India,COVID-19,1890
2025-06-08,Gujarat,India,COVID-19,1932
2025-06-15,Gujarat,India,COVID-19,1828
2025-06-22,Gujarat,India,COVID-19,1441
2025-06-29,Gujarat,India,COVID-19,928
2025-07-06,Gujarat,India,COVID-19,1305
2025-07-13,Gujarat,India,COVID-19,1120
2025-07-20,Gujarat,India,COVID-19,873
2025-07-27,Gujarat,India,COVID-19,1089
2025-08-03,Gujarat,India,COVID-19,746
2025-08-10,Gujarat,India,COVID-19,1073
2025-08-17,Gujarat,India,COVID-19,919
2025-08-24,Gujarat,India,COVID-19,619
2025-08-31,Gujarat,India,COVID-19,991
2025-09-07,Gujarat,India,COVID-19,946
2025-09-14,Gujarat,India,COVID-19,978
2025-09-21,Gujarat,India,COVID-19,1021
2025-09-28,Gujarat,India,COVID-19,1229
2025-10-05,Gujarat,India,COVID-19,1284
2025-10-12,Gujarat,India,COVID-19,1115
2025-10-19,Gujarat,India,COVID-19,2070
2025-10-26,Gujarat,India,COVID-19,1889
2025-11-02,Gujarat,India,COVID-19,1969
2025-11-09,Gujarat,India,COVID-19,2065
2025-11-16,Gujarat,India,COVID-19,3095
2025-11-23,Gujarat,India,COVID-19,2471
2025-11-30,Gujarat,India,COVID-19,3424
2025-12-07,Gujarat,India,COVID-19,3307
2025-12-14,Gujarat,India,COVID-19,3555
2025-12-21,Gujarat,India,COVID-19,3378
2025-12-28,Gujarat,India,COVID-19,3791
2026-01-04,Gujarat,India,COVID-19,4253
2026-01-11,Gujarat,India,COVID-19,4396
2026-01-18,Gujarat,India,COVID-19,3684
2026-01-25,Gujarat,India,COVID-19,3986
2026-02-01,Gujarat,India,COVID-19,4364
2026-02-08,Gujarat,India,COVID-19,2713
2026-02-15,Gujarat,India,COVID-19,3342
2026-02-22,Gujarat,India,COVID-19,2621
2026-03-01,Gujarat,India,COVID-19,2326
2026-03-08,Gujarat,India,COVID-19,2571
2026-03-15,Gujarat,India,COVID-19,2021
2026-03-22,Gujarat,India,COVID-19,1595
2026-03-29,Gujarat,India,COVID-19,2073
2026-04-05,Gujarat,India,COVID-19,1751
2026-04-12,Gujarat,India,COVID-19,979
2026-04-19,Gujarat,India,COVID-19,972
2026-04-26,Gujarat,India,COVID-19,1245
2026-05-03,Gujarat,India,COVID-19,1018
2026-05-10,Gujarat,India,COVID-19,1232
2026-05-17,Gujarat,India,COVID-19,1057
2026-05-24,Gujarat,India,COVID-19,993
2026-05-31,Gujarat,India,COVID-19,811
2026-06-07,Gujarat,India,COVID-19,1068
2026-06-14,Gujarat,India,COVID-19,867
2026-06-21,Gujarat,India,COVID-19,1435
2026-06-28,Gujarat,India,COVID-19,1474
2026-07-05,Gujarat,India,COVID-19,1430
2026-07-12,Gujarat,India,COVID-19,2159
2026-07-19,Gujarat,India,COVID-19,3001
2026-07-26,Gujarat,India,COVID-19,2468
2026-08-02,Gujarat,India,COVID-19,3031
2026-08-09,Gujarat,India,COVID-19,2757
2026-08-16,Gujarat,India,COVID-19,3010
2026-08-23,Gujarat,India,COVID-19,2218
2026-08-30,Gujarat,India,COVID-19,2649
2026-09-06,Gujarat,India,COVID-19,2374
2026-09-13,Gujarat,India,COVID-19,2589
2026-09-20,Gujarat,India,COVID-19,1264
2026-09-27,Gujarat,India,COVID-19,1400
2026-10-04,Gujarat,India,COVID-19,1491
2024-10-13,Rajasthan,India,Dengue,5301
2024-10-20,Rajasthan,India,Dengue,4348
2024-10-27,Rajasthan,India,Dengue,3837
2024-11-03,Rajasthan,India,Dengue,2859
2024-11-10,Rajasthan,India,Dengue,3095
2024-11-17,Rajasthan,India,Dengue,2487
2024-11-24,Rajasthan,India,Dengue,2502
2024-12-01,Rajasthan,India,Dengue,1803
2024-12-08,Rajasthan,India,Dengue,1565
2024-12-15,Rajasthan,India,Dengue,1292
2024-12-22,Rajasthan,India,Dengue,1137
2024-12-29,Rajasthan,India,Dengue,883
2025-01-05,Rajasthan,India,Dengue,691
2025-01-12,Rajasthan,India,Dengue,736
2025-01-19,Rajasthan,India,Dengue,771
2025-01-26,Rajasthan,India,Dengue,640
2025-02-02,Rajasthan,India,Dengue,553
2025-02-09,Rajasthan,India,Dengue,589
2025-02-16,Rajasthan,India,Dengue,413
2025-02-23,Rajasthan,India,Dengue,585
2025-03-02,Rajasthan,India,Dengue,562
2025-03-09,Rajasthan,India,Dengue,515
2025-03-16,Rajasthan,India,Dengue,533
2025-03-23,Rajasthan,India,Dengue,565
2025-03-30,Rajasthan,India,Dengue,694
2025-04-06,Rajasthan,India,Dengue,709
2025-04-13,Rajasthan,India,Dengue,534
2025-04-20,Rajasthan,India,Dengue,592
2025-04-27,Rajasthan,India,Dengue,632
2025-05-04,Rajasthan,India,Dengue,840
2025-05-11,Rajasthan,India,Dengue,869
2025-05-18,Rajasthan,India,Dengue,1010
2025-05-25,Rajasthan,India,Dengue,1290
2025-06-01,Rajasthan,India,Dengue,1322
2025-06-08,Rajasthan,India,Dengue,2135
2025-06-15,Rajasthan,India,Dengue,2157
2025-06-22,Rajasthan,India,Dengue,2270
2025-06-29,Rajasthan,India,Dengue,2998
2025-07-06,Rajasthan,India,Dengue,4323
2025-07-13,Rajasthan,India,Dengue,3950
2025-07-20,Rajasthan,India,Dengue,5482
2025-07-27,Rajasthan,India,Dengue,4862
2025-08-03,Rajasthan,India,Dengue,5221
2025-08-10,Rajasthan,India,Dengue,7004
2025-08-17,Rajasthan,India,Dengue,5883
2025-08-24,Rajasthan,India,Dengue,7946
2025-08-31,Rajasthan,India,Dengue,7649
2025-09-07,Rajasthan,India,Dengue,6378
2025-09-14,Rajasthan,India,Dengue,7214
2025-09-21,Rajasthan,India,Dengue,6539
2025-09-28,Rajasthan,India,Dengue,7204
2025-10-05,Rajasthan,India,Dengue,8299
2025-10-12,Rajasthan,India,Dengue,5673
2025-10-19,Rajasthan,India,Dengue,5924
2025-10-26,Rajasthan,India,Dengue,4941
2025-11-02,Rajasthan,India,Dengue,4360
2025-11-09,Rajasthan,India,Dengue,3677
2025-11-16,Rajasthan,India,Dengue,2806
2025-11-23,Rajasthan,India,Dengue,2847
2025-11-30,Rajasthan,India,Dengue,2157
2025-12-07,Rajasthan,India,Dengue,1606
2025-12-14,Rajasthan,India,Dengue,1760
2025-12-21,Rajasthan,India,Dengue,1280
2025-12-28,Rajasthan,India,Dengue,1020
2026-01-04,Rajasthan,India,Dengue,1087
2026-01-11,Rajasthan,India,Dengue,580
2026-01-18,Rajasthan,India,Dengue,872
2026-01-25,Rajasthan,India,Dengue,600
2026-02-01,Rajasthan,India,Dengue,691
2026-02-08,Rajasthan,India,Dengue,602
2026-02-15,Rajasthan,India,Dengue,566
2026-02-22,Rajasthan,India,Dengue,786
2026-03-01,Rajasthan,India,Dengue,841
2026-03-08,Rajasthan,India,Dengue,637
2026-03-15,Rajasthan,India,Dengue,693
2026-03-22,Rajasthan,India,Dengue,667
2026-03-29,Rajasthan,India,Dengue,836
2026-04-05,Rajasthan,India,Dengue,457
2026-04-12,Rajasthan,India,Dengue,720
2026-04-19,Rajasthan,India,Dengue,629
2026-04-26,Rajasthan,India,Dengue,485
2026-05-03,Rajasthan,India,Dengue,778
2026-05-10,Rajasthan,India,Dengue,1193
2026-05-17,Rajasthan,India,Dengue,986
2026-05-24,Rajasthan,India,Dengue,1466
2026-05-31,Rajasthan,India,Dengue,1880
2026-06-07,Rajasthan,India,Dengue,1941
2026-06-14,Rajasthan,India,Dengue,2410
2026-06-21,Rajasthan,India,Dengue,2121
2026-06-28,Rajasthan,India,Dengue,3040
2026-07-05,Rajasthan,India,Dengue,4546
2026-07-12,Rajasthan,India,Dengue,4669
2026-07-19,Rajasthan,India,Dengue,5551
2026-07-26,Rajasthan,India,Dengue,5999
2026-08-02,Rajasthan,India,Dengue,8589
2026-08-09,Rajasthan,India,Dengue,6533
2026-08-16,Rajasthan,India,Dengue,9205
2026-08-23,Rajasthan,India,Dengue,7903
2026-08-30,Rajasthan,India,Dengue,9980
2026-09-06,Rajasthan,India,Dengue,6561
2026-09-13,Rajasthan,India,Dengue,8206
2026-09-20,Rajasthan,India,Dengue,7339
2026-09-27,Rajasthan,India,Dengue,7650
2026-10-04,Rajasthan,India,Dengue,8375
2024-10-13,Rajasthan,India,Influenza,1673
2024-10-20,Rajasthan,India,Influenza,1635
2024-10-27,Rajasthan,India,Influenza,1078
2024-11-03,Rajasthan,India,Influenza,908
2024-11-10,Rajasthan,India,Influenza,897
2024-11-17,Rajasthan,India,Influenza,774
2024-11-24,Rajasthan,India,Influenza,666
2024-12-01,Rajasthan,India,Influenza,525
2024-12-08,Rajasthan,India,Influenza,662
2024-12-15,Rajasthan,India,Influenza,496
2024-12-22,Rajasthan,India,Influenza,609
2024-12-29,Rajasthan,India,Influenza,490
2025-01-05,Rajasthan,India,Influenza,529
2025-01-12,Rajasthan,India,Influenza,520
2025-01-19,Rajasthan,India,Influenza,420
2025-01-26,Rajasthan,India,Influenza,506
2025-02-02,Rajasthan,India,Influenza,618
2025-02-09,Rajasthan,India,Influenza,498
2025-02-16,Rajasthan,India,Influenza,547
2025-02-23,Rajasthan,India,Influenza,540
2025-03-02,Rajasthan,India,Influenza,525
2025-03-09,Rajasthan,India,Influenza,539
2025-03-16,Rajasthan,India,Influenza,607
2025-03-23,Rajasthan,India,Influenza,684
2025-03-30,Rajasthan,India,Influenza,546
2025-04-06,Rajasthan,India,Influenza,808
2025-04-13,Rajasthan,India,Influenza,871
2025-04-20,Rajasthan,India,Influenza,974
2025-04-27,Rajasthan,India,Influenza,1431
2025-05-04,Rajasthan,India,Influenza,1230
2025-05-11,Rajasthan,India,Influenza,1252
2025-05-18,Rajasthan,India,Influenza,2013
2025-05-25,Rajasthan,India,Influenza,1591
2025-06-01,Rajasthan,India,Influenza,1597
2025-06-08,Rajasthan,India,Influenza,2804
2025-06-15,Rajasthan,India,Influenza,2741
2025-06-22,Rajasthan,India,Influenza,3072
2025-06-29,Rajasthan,India,Influenza,2833
2025-07-06,Rajasthan,India,Influenza,2512
2025-07-13,Rajasthan,India,Influenza,2690
2025-07-20,Rajasthan,India,Influenza,3198
2025-07-27,Rajasthan,India,Influenza,2714
2025-08-03,Rajasthan,India,Influenza,3487
2025-08-10,Rajasthan,India,Influenza,3045
2025-08-17,Rajasthan,India,Influenza,3259
2025-08-24,Rajasthan,India,Influenza,3105
2025-08-31,Rajasthan,India,Influenza,3035
2025-09-07,Rajasthan,India,Influenza,2878
2025-09-14,Rajasthan,India,Influenza,2340
2025-09-21,Rajasthan,India,Influenza,2309
2025-09-28,Rajasthan,India,Influenza,2093
2025-10-05,Rajasthan,India,Influenza,1143
2025-10-12,Rajasthan,India,Influenza,1737
2025-10-19,Rajasthan,India,Influenza,1413
2025-10-26,Rajasthan,India,Influenza,1300
2025-11-02,Rajasthan,India,Influenza,835
2025-11-09,Rajasthan,India,Influenza,853
2025-11-16,Rajasthan,India,Influenza,651
2025-11-23,Rajasthan,India,Influenza,762
2025-11-30,Rajasthan,India,Influenza,484
2025-12-07,Rajasthan,India,Influenza,483
2025-12-14,Rajasthan,India,Influenza,567
2025-12-21,Rajasthan,India,Influenza,454
2025-12-28,Rajasthan,India,Influenza,421
2026-01-04,Rajasthan,India,Influenza,548
2026-01-11,Rajasthan,India,Influenza,548
2026-01-18,Rajasthan,India,Influenza,531
2026-01-25,Rajasthan,India,Influenza,540
2026-02-01,Rajasthan,India,Influenza,463
2026-02-08,Rajasthan,India,Influenza,465
2026-02-15,Rajasthan,India,Influenza,435
2026-02-22,Rajasthan,India,Influenza,501
2026-03-01,Rajasthan,India,Influenza,462
2026-03-08,Rajasthan,India,Influenza,491
2026-03-15,Rajasthan,India,Influenza,611
2026-03-22,Rajasthan,India,Influenza,722
2026-03-29,Rajasthan,India,Influenza,726
2026-04-05,Rajasthan,India,Influenza,988
2026-04-12,Rajasthan,India,Influenza,800
2026-04-19,Rajasthan,India,Influenza,750
2026-04-26,Rajasthan,India,Influenza,1327
2026-05-03,Rajasthan,India,Influenza,1222
2026-05-10,Rajasthan,India,Influenza,1518
2026-05-17,Rajasthan,India,Influenza,1321
2026-05-24,Rajasthan,India,Influenza,1749
2026-05-31,Rajasthan,India,Influenza,1741
2026-06-07,Rajasthan,India,Influenza,2307
2026-06-14,Rajasthan,India,Influenza,2519
2026-06-21,Rajasthan,India,Influenza,2907
2026-06-28,Rajasthan,India,Influenza,3599
2026-07-05,Rajasthan,India,Influenza,3493
2026-07-12,Rajasthan,India,Influenza,2476
2026-07-19,Rajasthan,India,Influenza,3638
2026-07-26,Rajasthan,India,Influenza,3411
2026-08-02,Rajasthan,India,Influenza,3285
2026-08-09,Rajasthan,India,Influenza,3261
2026-08-16,Rajasthan,India,Influenza,3268
2026-08-23,Rajasthan,India,Influenza,2720
2026-08-30,Rajasthan,India,Influenza,2790
2026-09-06,Rajasthan,India,Influenza,3153
2026-09-13,Rajasthan,India,Influenza,2207
2026-09-20,Rajasthan,India,Influenza,1900
2026-09-27,Rajasthan,India,Influenza,2003
2026-10-04,Rajasthan,India,Influenza,1493
2024-10-13,Rajasthan,India,COVID-19,853
2024-10-20,Rajasthan,India,COVID-19,1091
2024-10-27,Rajasthan,India,COVID-19,1402
2024-11-03,Rajasthan,India,COVID-19,1146
2024-11-10,Rajasthan,India,COVID-19,1185
2024-11-17,Rajasthan,India,COVID-19,788
2024-11-24,Rajasthan,India,COVID-19,1240
2024-12-01,Rajasthan,India,COVID-19,1190
2024-12-08,Rajasthan,India,COVID-19,1070
2024-12-15,Rajasthan,India,COVID-19,1245
2024-12-22,Rajasthan,India,COVID-19,1281
2024-12-29,Rajasthan,India,COVID-19,1095
2025-01-05,Rajasthan,India,COVID-19,1446
2025-01-12,Rajasthan,India,COVID-19,1746
2025-01-19,Rajasthan,India,COVID-19,1562
2025-01-26,Rajasthan,India,COVID-19,1560
2025-02-02,Rajasthan,India,COVID-19,1957
2025-02-09,Rajasthan,India,COVID-19,2562
2025-02-16,Rajasthan,India,COVID-19,2096
2025-02-23,Rajasthan,India,COVID-19,3149
2025-03-02,Rajasthan,India,COVID-19,2913
2025-03-09,Rajasthan,India,COVID-19,3719
2025-03-16,Rajasthan,India,COVID-19,3582
2025-03-23,Rajasthan,India,COVID-19,3839
2025-03-30,Rajasthan,India,COVID-19,5423
2025-04-06,Rajasthan,India,COVID-19,3591
2025-04-13,Rajasthan,India,COVID-19,4936
2025-04-20,Rajasthan,India,COVID-19,5736
2025-04-27,Rajasthan,India,COVID-19,4868
2025-05-04,Rajasthan,India,COVID-19,3358
2025-05-11,Rajasthan,India,COVID-19,3161
2025-05-18,Rajasthan,India,COVID-19,3184
2025-05-25,Rajasthan,India,COVID-19,3320
2025-06-01,Rajasthan,India,COVID-19,2996
2025-06-08,Rajasthan,India,COVID-19,2079
2025-06-15,Rajasthan,India,COVID-19,1974
2025-06-22,Rajasthan,India,COVID-19,1767
2025-06-29,Rajasthan,India,COVID-19,1746
2025-07-06,Rajasthan,India,COVID-19,2103
2025-07-13,Rajasthan,India,COVID-19,1278
2025-07-20,Rajasthan,India,COVID-19,1184
2025-07-27,Rajasthan,India,COVID-19,1094
2025-08-03,Rajasthan,India,COVID-19,1397
2025-08-10,Rajasthan,India,COVID-19,1246
2025-08-17,Rajasthan,India,COVID-19,1084
2025-08-24,Rajasthan,India,COVID-19,1200
2025-08-31,Rajasthan,India,COVID-19,1150
2025-09-07,Rajasthan,India,COVID-19,1422
2025-09-14,Rajasthan,India,COVID-19,2023
2025-09-21,Rajasthan,India,COVID-19,1680
2025-09-28,Rajasthan,India,COVID-19,1669
2025-10-05,Rajasthan,India,COVID-19,1685
2025-10-12,Rajasthan,India,COVID-19,1668
2025-10-19,Rajasthan,India,COVID-19,2608
2025-10-26,Rajasthan,India,COVID-19,2920
2025-11-02,Rajasthan,India,COVID-19,2780
2025-11-09,Rajasthan,India,COVID-19,3970
2025-11-16,Rajasthan,India,COVID-19,3762
2025-11-23,Rajasthan,India,COVID-19,4630
2025-11-30,Rajasthan,India,COVID-19,4738
2025-12-07,Rajasthan,India,COVID-19,4769
2025-12-14,Rajasthan,India,COVID-19,4469
2025-12-21,Rajasthan,India,COVID-19,5352
2025-12-28,Rajasthan,India,COVID-19,6363
2026-01-04,Rajasthan,India,COVID-19,5303
2026-01-11,Rajasthan,India,COVID-19,6117
2026-01-18,Rajasthan,India,COVID-19,4727
2026-01-25,Rajasthan,India,COVID-19,6102
2026-02-01,Rajasthan,India,COVID-19,5449
2026-02-08,Rajasthan,India,COVID-19,4004
2026-02-15,Rajasthan,India,COVID-19,4370
2026-02-22,Rajasthan,India,COVID-19,4709
2026-03-01,Rajasthan,India,COVID-19,3029
2026-03-08,Rajasthan,India,COVID-19,2807
2026-03-15,Rajasthan,India,COVID-19,2944
2026-03-22,Rajasthan,India,COVID-19,3482
2026-03-29,Rajasthan,India,COVID-19,2102
2026-04-05,Rajasthan,India,COVID-19,2234
2026-04-12,Rajasthan,India,COVID-19,1936
2026-04-19,Rajasthan,India,COVID-19,1537
2026-04-26,Rajasthan,India,COVID-19,1583
2026-05-03,Rajasthan,India,COVID-19,1341
2026-05-10,Rajasthan,India,COVID-19,1286
2026-05-17,Rajasthan,India,COVID-19,982
2026-05-24,Rajasthan,India,COVID-19,1280
2026-05-31,Rajasthan,India,COVID-19,1469
2026-06-07,Rajasthan,India,COVID-19,1356
2026-06-14,Rajasthan,India,COVID-19,1686
2026-06-21,Rajasthan,India,COVID-19,1763
2026-06-28,Rajasthan,India,COVID-19,1856
2026-07-05,Rajasthan,India,COVID-19,1998
2026-07-12,Rajasthan,India,COVID-19,2414
2026-07-19,Rajasthan,India,COVID-19,2366
2026-07-26,Rajasthan,India,COVID-19,3311
2026-08-02,Rajasthan,India,COVID-19,3866
2026-08-09,Rajasthan,India,COVID-19,5010
2026-08-16,Rajasthan,India,COVID-19,4335
2026-08-23,Rajasthan,India,COVID-19,3371
2026-08-30,Rajasthan,India,COVID-19,2808
2026-09-06,Rajasthan,India,COVID-19,3089
2026-09-13,Rajasthan,India,COVID-19,3091
2026-09-20,Rajasthan,India,COVID-19,2260
2026-09-27,Rajasthan,India,COVID-19,2136
2026-10-04,Rajasthan,India,COVID-19,1643
2024-10-13,Madhya Pradesh,India,Dengue,2972
2024-10-20,Madhya Pradesh,India,Dengue,4429
2024-10-27,Madhya Pradesh,India,Dengue,2670
2024-11-03,Madhya Pradesh,India,Dengue,3166
2024-11-10,Madhya Pradesh,India,Dengue,2355
2024-11-17,Madhya Pradesh,India,Dengue,2061
2024-11-24,Madhya Pradesh,India,Dengue,1702
2024-12-01,Madhya Pradesh,India,Dengue,1525
2024-12-08,Madhya Pradesh,India,Dengue,1294
2024-12-15,Madhya Pradesh,India,Dengue,1154
2024-12-22,Madhya Pradesh,India,Dengue,996
2024-12-29,Madhya Pradesh,India,Dengue,723
2025-01-05,Madhya Pradesh,India,Dengue,742
2025-01-12,Madhya Pradesh,India,Dengue,529
2025-01-19,Madhya Pradesh,India,Dengue,555
2025-01-26,Madhya Pradesh,India,Dengue,480
2025-02-02,Madhya Pradesh,India,Dengue,401
2025-02-09,Madhya Pradesh,India,Dengue,443
2025-02-16,Madhya Pradesh,India,Dengue,461
2025-02-23,Madhya Pradesh,India,Dengue,427
2025-03-02,Madhya Pradesh,India,Dengue,456
2025-03-09,Madhya Pradesh,India,Dengue,486
2025-03-16,Madhya Pradesh,India,Dengue,430
2025-03-23,Madhya Pradesh,India,Dengue,241
2025-03-30,Madhya Pradesh,India,Dengue,543
2025-04-06,Madhya Pradesh,India,Dengue,418
2025-04-13,Madhya Pradesh,India,Dengue,390
2025-04-20,Madhya Pradesh,India,Dengue,384
2025-04-27,Madhya Pradesh,India,Dengue,466
2025-05-04,Madhya Pradesh,India,Dengue,493
2025-05-11,Madhya Pradesh,India,Dengue,544
2025-05-18,Madhya Pradesh,India,Dengue,642
2025-05-25,Madhya Pradesh,India,Dengue,926
2025-06-01,Madhya Pradesh,India,Dengue,1360
2025-06-08,Madhya Pradesh,India,Dengue,1430
2025-06-15,Madhya Pradesh,India,Dengue,1811
2025-06-22,Madhya Pradesh,India,Dengue,1765
2025-06-29,Madhya Pradesh,India,Dengue,2266
2025-07-06,Madhya Pradesh,India,Dengue,2789
2025-07-13,Madhya Pradesh,India,Dengue,2731
2025-07-20,Madhya Pradesh,India,Dengue,3227
2025-07-27,Madhya Pradesh,India,Dengue,4349
2025-08-03,Madhya Pradesh,India,Dengue,4930
2025-08-10,Madhya Pradesh,India,Dengue,4625
2025-08-17,Madhya Pradesh,India,Dengue,3992
2025-08-24,Madhya Pradesh,India,Dengue,4856
2025-08-31,Madhya Pradesh,India,Dengue,4092
2025-09-07,Madhya Pradesh,India,Dengue,5333
2025-09-14,Madhya Pradesh,India,Dengue,5440
2025-09-21,Madhya Pradesh,India,Dengue,4911
2025-09-28,Madhya Pradesh,India,Dengue,5096
2025-10-05,Madhya Pradesh,India,Dengue,4937
2025-10-12,Madhya Pradesh,India,Dengue,4482
2025-10-19,Madhya Pradesh,India,Dengue,3230
2025-10-26,Madhya Pradesh,India,Dengue,3403
2025-11-02,Madhya Pradesh,India,Dengue,3313
2025-11-09,Madhya Pradesh,India,Dengue,3350
2025-11-16,Madhya Pradesh,India,Dengue,2219
2025-11-23,Madhya Pradesh,India,Dengue,2109
2025-11-30,Madhya Pradesh,India,Dengue,1833
2025-12-07,Madhya Pradesh,India,Dengue,1296
2025-12-14,Madhya Pradesh,India,Dengue,1287
2025-12-21,Madhya Pradesh,India,Dengue,1070
2025-12-28,Madhya Pradesh,India,Dengue,916
2026-01-04,Madhya Pradesh,India,Dengue,695
2026-01-11,Madhya Pradesh,India,Dengue,778
2026-01-18,Madhya Pradesh,India,Dengue,477
2026-01-25,Madhya Pradesh,India,Dengue,655
2026-02-01,Madhya Pradesh,India,Dengue,536
2026-02-08,Madhya Pradesh,India,Dengue,569
2026-02-15,Madhya Pradesh,India,Dengue,449
2026-02-22,Madhya Pradesh,India,Dengue,532
2026-03-01,Madhya Pradesh,India,Dengue,574
2026-03-08,Madhya Pradesh,India,Dengue,396
2026-03-15,Madhya Pradesh,India,Dengue,463
2026-03-22,Madhya Pradesh,India,Dengue,323
2026-03-29,Madhya Pradesh,India,Dengue,464
2026-04-05,Madhya Pradesh,India,Dengue,422
2026-04-12,Madhya Pradesh,India,Dengue,474
2026-04-19,Madhya Pradesh,India,Dengue,729
2026-04-26,Madhya Pradesh,India,Dengue,678
2026-05-03,Madhya Pradesh,India,Dengue,463
2026-05-10,Madhya Pradesh,India,Dengue,727
2026-05-17,Madhya Pradesh,India,Dengue,880
2026-05-24,Madhya Pradesh,India,Dengue,894
2026-05-31,Madhya Pradesh,India,Dengue,1175
2026-06-07,Madhya Pradesh,India,Dengue,1455
2026-06-14,Madhya Pradesh,India,Dengue,1357
2026-06-21,Madhya Pradesh,India,Dengue,1735
2026-06-28,Madhya Pradesh,India,Dengue,2510
2026-07-05,Madhya Pradesh,India,Dengue,2917
2026-07-12,Madhya Pradesh,India,Dengue,2971
2026-07-19,Madhya Pradesh,India,Dengue,3329
2026-07-26,Madhya Pradesh,India,Dengue,4169
2026-08-02,Madhya Pradesh,India,Dengue,5261
2026-08-09,Madhya Pradesh,India,Dengue,4960
2026-08-16,Madhya Pradesh,India,Dengue,6627
2026-08-23,Madhya Pradesh,India,Dengue,4985
2026-08-30,Madhya Pradesh,India,Dengue,5883
2026-09-06,Madhya Pradesh,India,Dengue,5468
2026-09-13,Madhya Pradesh,India,Dengue,6242
2026-09-20,Madhya Pradesh,India,Dengue,4947
2026-09-27,Madhya Pradesh,India,Dengue,6939
2026-10-04,Madhya Pradesh,India,Dengue,3795
2024-10-13,Madhya Pradesh,India,Influenza,1430
2024-10-20,Madhya Pradesh,India,Influenza,1006
2024-10-27,Madhya Pradesh,India,Influenza,932
2024-11-03,Madhya Pradesh,India,Influenza,893
2024-11-10,Madhya Pradesh,India,Influenza,726
2024-11-17,Madhya Pradesh,India,Influenza,498
2024-11-24,Madhya Pradesh,India,Influenza,537
2024-12-01,Madhya Pradesh,India,Influenza,564
2024-12-08,Madhya Pradesh,India,Influenza,349
2024-12-15,Madhya Pradesh,India,Influenza,497
2024-12-22,Madhya Pradesh,India,Influenza,381
2024-12-29,Madhya Pradesh,India,Influenza,328
2025-01-05,Madhya Pradesh,India,Influenza,300
2025-01-12,Madhya Pradesh,India,Influenza,333
2025-01-19,Madhya Pradesh,India,Influenza,243
2025-01-26,Madhya Pradesh,India,Influenza,323
2025-02-02,Madhya Pradesh,India,Influenza,331
2025-02-09,Madhya Pradesh,India,Influenza,289
2025-02-16,Madhya Pradesh,India,Influenza,385
2025-02-23,Madhya Pradesh,India,Influenza,340
2025-03-02,Madhya Pradesh,India,Influenza,326
2025-03-09,Madhya Pradesh,India,Influenza,359
2025-03-16,Madhya Pradesh,India,Influenza,424
2025-03-23,Madhya Pradesh,India,Influenza,446
2025-03-30,Madhya Pradesh,India,Influenza,441
2025-04-06,Madhya Pradesh,India,Influenza,570
2025-04-13,Madhya Pradesh,India,Influenza,638
2025-04-20,Madhya Pradesh,India,Influenza,617
2025-04-27,Madhya Pradesh,India,Influenza,824
2025-05-04,Madhya Pradesh,India,Influenza,1079
2025-05-11,Madhya Pradesh,India,Influenza,1235
2025-05-18,Madhya Pradesh,India,Influenza,1247
2025-05-25,Madhya Pradesh,India,Influenza,1600
2025-06-01,Madhya Pradesh,India,Influenza,1377
2025-06-08,Madhya Pradesh,India,Influenza,1520
2025-06-15,Madhya Pradesh,India,Influenza,1851
2025-06-22,Madhya Pradesh,India,Influenza,2524
2025-06-29,Madhya Pradesh,India,Influenza,2234
2025-07-06,Madhya Pradesh,India,Influenza,2184
2025-07-13,Madhya Pradesh,India,Influenza,2895
2025-07-20,Madhya Pradesh,India,Influenza,2292
2025-07-27,Madhya Pradesh,India,Influenza,3218
2025-08-03,Madhya Pradesh,India,Influenza,2211
2025-08-10,Madhya Pradesh,India,Influenza,1994
2025-08-17,Madhya Pradesh,India,Influenza,2221
2025-08-24,Madhya Pradesh,India,Influenza,2099
2025-08-31,Madhya Pradesh,India,Influenza,1811
2025-09-07,Madhya Pradesh,India,Influenza,2674
2025-09-14,Madhya Pradesh,India,Influenza,1858
2025-09-21,Madhya Pradesh,India,Influenza,1727
2025-09-28,Madhya Pradesh,India,Influenza,1352
2025-10-05,Madhya Pradesh,India,Influenza,1180
2025-10-12,Madhya Pradesh,India,Influenza,1313
2025-10-19,Madhya Pradesh,India,Influenza,743
2025-10-26,Madhya Pradesh,India,Influenza,713
2025-11-02,Madhya Pradesh,India,Influenza,716
2025-11-09,Madhya Pradesh,India,Influenza,774
2025-11-16,Madhya Pradesh,India,Influenza,528
2025-11-23,Madhya Pradesh,India,Influenza,523
2025-11-30,Madhya Pradesh,India,Influenza,443
2025-12-07,Madhya Pradesh,India,Influenza,481
2025-12-14,Madhya Pradesh,India,Influenza,287
2025-12-21,Madhya Pradesh,India,Influenza,400
2025-12-28,Madhya Pradesh,India,Influenza,341
2026-01-04,Madhya Pradesh,India,Influenza,395
2026-01-11,Madhya Pradesh,India,Influenza,302
2026-01-18,Madhya Pradesh,India,Influenza,346
2026-01-25,Madhya Pradesh,India,Influenza,339
2026-02-01,Madhya Pradesh,India,Influenza,293
2026-02-08,Madhya Pradesh,India,Influenza,279
2026-02-15,Madhya Pradesh,India,Influenza,316
2026-02-22,Madhya Pradesh,India,Influenza,358
2026-03-01,Madhya Pradesh,India,Influenza,320
2026-03-08,Madhya Pradesh,India,Influenza,358
2026-03-15,Madhya Pradesh,India,Influenza,289
2026-03-22,Madhya Pradesh,India,Influenza,416
2026-03-29,Madhya Pradesh,India,Influenza,568
2026-04-05,Madhya Pradesh,India,Influenza,619
2026-04-12,Madhya Pradesh,India,Influenza,635
2026-04-19,Madhya Pradesh,India,Influenza,771
2026-04-26,Madhya Pradesh,India,Influenza,754
2026-05-03,Madhya Pradesh,India,Influenza,1235
2026-05-10,Madhya Pradesh,India,Influenza,1490
2026-05-17,Madhya Pradesh,India,Influenza,1324
2026-05-24,Madhya Pradesh,India,Influenza,2017
2026-05-31,Madhya Pradesh,India,Influenza,1450
2026-06-07,Madhya Pradesh,India,Influenza,1440
2026-06-14,Madhya Pradesh,India,Influenza,1719
2026-06-21,Madhya Pradesh,India,Influenza,1993
2026-06-28,Madhya Pradesh,India,Influenza,2937
2026-07-05,Madhya Pradesh,India,Influenza,2182
2026-07-12,Madhya Pradesh,India,Influenza,2047
2026-07-19,Madhya Pradesh,India,Influenza,2072
2026-07-26,Madhya Pradesh,India,Influenza,2822
2026-08-02,Madhya Pradesh,India,Influenza,2753
2026-08-09,Madhya Pradesh,India,Influenza,2179
2026-08-16,Madhya Pradesh,India,Influenza,1637
2026-08-23,Madhya Pradesh,India,Influenza,1811
2026-08-30,Madhya Pradesh,India,Influenza,2593
2026-09-06,Madhya Pradesh,India,Influenza,2122
2026-09-13,Madhya Pradesh,India,Influenza,1790
2026-09-20,Madhya Pradesh,India,Influenza,2067
2026-09-27,Madhya Pradesh,India,Influenza,1879
2026-10-04,Madhya Pradesh,India,Influenza,1285
2024-10-13,Madhya Pradesh,India,COVID-19,824
2024-10-20,Madhya Pradesh,India,COVID-19,755
2024-10-27,Madhya Pradesh,India,COVID-19,792
2024-11-03,Madhya Pradesh,India,COVID-19,643
2024-11-10,Madhya Pradesh,India,COVID-19,644
2024-11-17,Madhya Pradesh,India,COVID-19,617
2024-11-24,Madhya Pradesh,India,COVID-19,972
2024-12-01,Madhya Pradesh,India,COVID-19,645
2024-12-08,Madhya Pradesh,India,COVID-19,1104
2024-12-15,Madhya Pradesh,India,COVID-19,776
2024-12-22,Madhya Pradesh,India,COVID-19,1131
2024-12-29,Madhya Pradesh,India,COVID-19,884
2025-01-05,Madhya Pradesh,India,COVID-19,757
2025-01-12,Madhya Pradesh,India,COVID-19,1268
2025-01-19,Madhya Pradesh,India,COVID-19,1406
2025-01-26,Madhya Pradesh,India,COVID-19,1113
2025-02-02,Madhya Pradesh,India,COVID-19,1373
2025-02-09,Madhya Pradesh,India,COVID-19,1410
2025-02-16,Madhya Pradesh,India,COVID-19,1812
2025-02-23,Madhya Pradesh,India,COVID-19,2115
2025-03-02,Madhya Pradesh,India,COVID-19,2207
2025-03-09,Madhya Pradesh,India,COVID-19,1875
2025-03-16,Madhya Pradesh,India,COVID-19,2566
2025-03-23,Madhya Pradesh,India,COVID-19,3332
2025-03-30,Madhya Pradesh,India,COVID-19,3072
2025-04-06,Madhya Pradesh,India,COVID-19,3111
2025-04-13,Madhya Pradesh,India,COVID-19,2844
2025-04-20,Madhya Pradesh,India,COVID-19,2972
2025-04-27,Madhya Pradesh,India,COVID-19,3842
2025-05-04,Madhya Pradesh,India,COVID-19,2499
2025-05-11,Madhya Pradesh,India,COVID-19,3115
2025-05-18,Madhya Pradesh,India,COVID-19,2596
2025-05-25,Madhya Pradesh,India,COVID-19,2416
2025-06-01,Madhya Pradesh,India,COVID-19,1853
2025-06-08,Madhya Pradesh,India,COVID-19,1748
2025-06-15,Madhya Pradesh,India,COVID-19,1630
2025-06-22,Madhya Pradesh,India,COVID-19,1332
2025-06-29,Madhya Pradesh,India,COVID-19,1354
2025-07-06,Madhya Pradesh,India,COVID-19,1244
2025-07-13,Madhya Pradesh,India,COVID-19,1416
2025-07-20,Madhya Pradesh,India,COVID-19,1038
2025-07-27,Madhya Pradesh,India,COVID-19,676
2025-08-03,Madhya Pradesh,India,COVID-19,1076
2025-08-10,Madhya Pradesh,India,COVID-19,873
2025-08-17,Madhya Pradesh,India,COVID-19,1171
2025-08-24,Madhya Pradesh,India,COVID-19,1113
2025-08-31,Madhya Pradesh,India,COVID-19,866
2025-09-07,Madhya Pradesh,India,COVID-19,1084
2025-09-14,Madhya Pradesh,India,COVID-19,944
2025-09-21,Madhya Pradesh,India,COVID-19,1115
2025-09-28,Madhya Pradesh,India,COVID-19,1340
2025-10-05,Madhya Pradesh,India,COVID-19,1569
2025-10-12,Madhya Pradesh,India,COVID-19,1703
2025-10-19,Madhya Pradesh,India,COVID-19,1707
2025-10-26,Madhya Pradesh,India,COVID-19,2613
2025-11-02,Madhya Pradesh,India,COVID-19,2030
2025-11-09,Madhya Pradesh,India,COVID-19,1831
2025-11-16,Madhya Pradesh,India,COVID-19,2122
2025-11-23,Madhya Pradesh,India,COVID-19,3639
2025-11-30,Madhya Pradesh,India,COVID-19,3222
2025-12-07,Madhya Pradesh,India,COVID-19,3604
2025-12-14,Madhya Pradesh,India,COVID-19,3443
2025-12-21,Madhya Pradesh,India,COVID-19,3664
2025-12-28,Madhya Pradesh,India,COVID-19,3580
2026-01-04,Madhya Pradesh,India,COVID-19,4415
2026-01-11,Madhya Pradesh,India,COVID-19,4062
2026-01-18,Madhya Pradesh,India,COVID-19,4319
2026-01-25,Madhya Pradesh,India,COVID-19,4124
2026-02-01,Madhya Pradesh,India,COVID-19,3500
2026-02-08,Madhya Pradesh,India,COVID-19,2742
2026-02-15,Madhya Pradesh,India,COVID-19,2495
2026-02-22,Madhya Pradesh,India,COVID-19,4316
2026-03-01,Madhya Pradesh,India,COVID-19,3277
2026-03-08,Madhya Pradesh,India,COVID-19,2885
2026-03-15,Madhya Pradesh,India,COVID-19,1921
2026-03-22,Madhya Pradesh,India,COVID-19,1898
2026-03-29,Madhya Pradesh,India,COVID-19,1474
2026-04-05,Madhya Pradesh,India,COVID-19,1200
2026-04-12,Madhya Pradesh,India,COVID-19,1220
2026-04-19,Madhya Pradesh,India,COVID-19,1452
2026-04-26,Madhya Pradesh,India,COVID-19,1250
2026-05-03,Madhya Pradesh,India,COVID-19,883
2026-05-10,Madhya Pradesh,India,COVID-19,930
2026-05-17,Madhya Pradesh,India,COVID-19,1045
2026-05-24,Madhya Pradesh,India,COVID-19,844
2026-05-31,Madhya Pradesh,India,COVID-19,941
2026-06-07,Madhya Pradesh,India,COVID-19,1024
2026-06-14,Madhya Pradesh,India,COVID-19,1102
2026-06-21,Madhya Pradesh,India,COVID-19,1210
2026-06-28,Madhya Pradesh,India,COVID-19,1214
2026-07-05,Madhya Pradesh,India,COVID-19,1453
2026-07-12,Madhya Pradesh,India,COVID-19,1553
2026-07-19,Madhya Pradesh,India,COVID-19,1670
2026-07-26,Madhya Pradesh,India,COVID-19,2435
2026-08-02,Madhya Pradesh,India,COVID-19,3051
2026-08-09,Madhya Pradesh,India,COVID-19,2270
2026-08-16,Madhya Pradesh,India,COVID-19,3004
2026-08-23,Madhya Pradesh,India,COVID-19,3110
2026-08-30,Madhya Pradesh,India,COVID-19,1864
2026-09-06,Madhya Pradesh,India,COVID-19,2197
2026-09-13,Madhya Pradesh,India,COVID-19,2468
2026-09-20,Madhya Pradesh,India,COVID-19,1818
2026-09-27,Madhya Pradesh,India,COVID-19,1021
2026-10-04,Madhya Pradesh,India,COVID-19,1333
2024-10-13,Uttar Pradesh,India,Dengue,14072
2024-10-20,Uttar Pradesh,India,Dengue,10439
2024-10-27,Uttar Pradesh,India,Dengue,10371
2024-11-03,Uttar Pradesh,India,Dengue,8483
2024-11-10,Uttar Pradesh,India,Dengue,8013
2024-11-17,Uttar Pradesh,India,Dengue,6260
2024-11-24,Uttar Pradesh,India,Dengue,5568
2024-12-01,Uttar Pradesh,India,Dengue,3946
2024-12-08,Uttar Pradesh,India,Dengue,4242
2024-12-15,Uttar Pradesh,India,Dengue,3334
2024-12-22,Uttar Pradesh,India,Dengue,2032
2024-12-29,Uttar Pradesh,India,Dengue,2581
2025-01-05,Uttar Pradesh,India,Dengue,1875
2025-01-12,Uttar Pradesh,India,Dengue,1744
2025-01-19,Uttar Pradesh,India,Dengue,1736
2025-01-26,Uttar Pradesh,India,Dengue,1544
2025-02-02,Uttar Pradesh,India,Dengue,1674
2025-02-09,Uttar Pradesh,India,Dengue,1343
2025-02-16,Uttar Pradesh,India,Dengue,1616
2025-02-23,Uttar Pradesh,India,Dengue,1425
2025-03-02,Uttar Pradesh,India,Dengue,1508
2025-03-09,Uttar Pradesh,India,Dengue,1489
2025-03-16,Uttar Pradesh,India,Dengue,1669
2025-03-23,Uttar Pradesh,India,Dengue,1563
2025-03-30,Uttar Pradesh,India,Dengue,1321
2025-04-06,Uttar Pradesh,India,Dengue,1290
2025-04-13,Uttar Pradesh,India,Dengue,1442
2025-04-20,Uttar Pradesh,India,Dengue,1334
2025-04-27,Uttar Pradesh,India,Dengue,1347
2025-05-04,Uttar Pradesh,India,Dengue,1195
2025-05-11,Uttar Pradesh,India,Dengue,1530
2025-05-18,Uttar Pradesh,India,Dengue,3029
2025-05-25,Uttar Pradesh,India,Dengue,2523
2025-06-01,Uttar Pradesh,India,Dengue,4373
2025-06-08,Uttar Pradesh,India,Dengue,4404
2025-06-15,Uttar Pradesh,India,Dengue,5018
2025-06-22,Uttar Pradesh,India,Dengue,4729
2025-06-29,Uttar Pradesh,India,Dengue,7281
2025-07-06,Uttar Pradesh,India,Dengue,10976
2025-07-13,Uttar Pradesh,India,Dengue,12197
2025-07-20,Uttar Pradesh,India,Dengue,11708
2025-07-27,Uttar Pradesh,India,Dengue,10407
2025-08-03,Uttar Pradesh,India,Dengue,11837
2025-08-10,Uttar Pradesh,India,Dengue,13025
2025-08-17,Uttar Pradesh,India,Dengue,18909
2025-08-24,Uttar Pradesh,India,Dengue,20632
2025-08-31,Uttar Pradesh,India,Dengue,17527
2025-09-07,Uttar Pradesh,India,Dengue,16419
2025-09-14,Uttar Pradesh,India,Dengue,21059
2025-09-21,Uttar Pradesh,India,Dengue,14246
2025-09-28,Uttar Pradesh,India,Dengue,16166
2025-10-05,Uttar Pradesh,India,Dengue,16207
2025-10-12,Uttar Pradesh,India,Dengue,12254
2025-10-19,Uttar Pradesh,India,Dengue,11627
2025-10-26,Uttar Pradesh,India,Dengue,10302
2025-11-02,Uttar Pradesh,India,Dengue,12344
2025-11-09,Uttar Pradesh,India,Dengue,11373
2025-11-16,Uttar Pradesh,India,Dengue,7677
2025-11-23,Uttar Pradesh,India,Dengue,6097
2025-11-30,Uttar Pradesh,India,Dengue,4807
2025-12-07,Uttar Pradesh,India,Dengue,4357
2025-12-14,Uttar Pradesh,India,Dengue,3285
2025-12-21,Uttar Pradesh,India,Dengue,2913
2025-12-28,Uttar Pradesh,India,Dengue,2628
2026-01-04,Uttar Pradesh,India,Dengue,1992
2026-01-11,Uttar Pradesh,India,Dengue,1822
2026-01-18,Uttar Pradesh,India,Dengue,1667
2026-01-25,Uttar Pradesh,India,Dengue,1542
2026-02-01,Uttar Pradesh,India,Dengue,1465
2026-02-08,Uttar Pradesh,India,Dengue,1723
2026-02-15,Uttar Pradesh,India,Dengue,1131
2026-02-22,Uttar Pradesh,India,Dengue,1903
2026-03-01,Uttar Pradesh,India,Dengue,1573
2026-03-08,Uttar Pradesh,India,Dengue,1686
2026-03-15,Uttar Pradesh,India,Dengue,1715
2026-03-22,Uttar Pradesh,India,Dengue,1386
2026-03-29,Uttar Pradesh,India,Dengue,1342
2026-04-05,Uttar Pradesh,India,Dengue,1325
2026-04-12,Uttar Pradesh,India,Dengue,1537
2026-04-19,Uttar Pradesh,India,Dengue,1827
2026-04-26,Uttar Pradesh,India,Dengue,1604
2026-05-03,Uttar Pradesh,India,Dengue,2104
2026-05-10,Uttar Pradesh,India,Dengue,1411
2026-05-17,Uttar Pradesh,India,Dengue,2415
2026-05-24,Uttar Pradesh,India,Dengue,3610
2026-05-31,Uttar Pradesh,India,Dengue,3638
2026-06-07,Uttar Pradesh,India,Dengue,3991
2026-06-14,Uttar Pradesh,India,Dengue,5001
2026-06-21,Uttar Pradesh,India,Dengue,3654
2026-06-28,Uttar Pradesh,India,Dengue,6769
2026-07-05,Uttar Pradesh,India,Dengue,10863
2026-07-12,Uttar Pradesh,India,Dengue,9894
2026-07-19,Uttar Pradesh,India,Dengue,11469
2026-07-26,Uttar Pradesh,India,Dengue,8962
2026-08-02,Uttar Pradesh,India,Dengue,11442
2026-08-09,Uttar Pradesh,India,Dengue,19286
2026-08-16,Uttar Pradesh,India,Dengue,18993
2026-08-23,Uttar Pradesh,India,Dengue,14623
2026-08-30,Uttar Pradesh,India,Dengue,16884
2026-09-06,Uttar Pradesh,India,Dengue,18753
2026-09-13,Uttar Pradesh,India,Dengue,15353
2026-09-20,Uttar Pradesh,India,Dengue,12783
2026-09-27,Uttar Pradesh,India,Dengue,17139
2026-10-04,Uttar Pradesh,India,Dengue,18009
2024-10-13,Uttar Pradesh,India,Influenza,4040
2024-10-20,Uttar Pradesh,India,Influenza,3663
2024-10-27,Uttar Pradesh,India,Influenza,2153
2024-11-03,Uttar Pradesh,India,Influenza,2447
2024-11-10,Uttar Pradesh,India,Influenza,2013
2024-11-17,Uttar Pradesh,India,Influenza,1801
2024-11-24,Uttar Pradesh,India,Influenza,1555
2024-12-01,Uttar Pradesh,India,Influenza,1295
2024-12-08,Uttar Pradesh,India,Influenza,719
2024-12-15,Uttar Pradesh,India,Influenza,1444
2024-12-22,Uttar Pradesh,India,Influenza,1234
2024-12-29,Uttar Pradesh,India,Influenza,890
2025-01-05,Uttar Pradesh,India,Influenza,1210
2025-01-12,Uttar Pradesh,India,Influenza,1049
2025-01-19,Uttar Pradesh,India,Influenza,1053
2025-01-26,Uttar Pradesh,India,Influenza,994
2025-02-02,Uttar Pradesh,India,Influenza,1214
2025-02-09,Uttar Pradesh,India,Influenza,990
2025-02-16,Uttar Pradesh,India,Influenza,944
2025-02-23,Uttar Pradesh,India,Influenza,1340
2025-03-02,Uttar Pradesh,India,Influenza,1144
2025-03-09,Uttar Pradesh,India,Influenza,1202
2025-03-16,Uttar Pradesh,India,Influenza,1451
2025-03-23,Uttar Pradesh,India,Influenza,1293
2025-03-30,Uttar Pradesh,India,Influenza,1493
2025-04-06,Uttar Pradesh,India,Influenza,1908
2025-04-13,Uttar Pradesh,India,Influenza,1613
2025-04-20,Uttar Pradesh,India,Influenza,2506
2025-04-27,Uttar Pradesh,India,Influenza,2489
2025-05-04,Uttar Pradesh,India,Influenza,3654
2025-05-11,Uttar Pradesh,India,Influenza,4015
2025-05-18,Uttar Pradesh,India,Influenza,4476
2025-05-25,Uttar Pradesh,India,Influenza,3595
2025-06-01,Uttar Pradesh,India,Influenza,5183
2025-06-08,Uttar Pradesh,India,Influenza,4761
2025-06-15,Uttar Pradesh,India,Influenza,6239
2025-06-22,Uttar Pradesh,India,Influenza,4387
2025-06-29,Uttar Pradesh,India,Influenza,5468
2025-07-06,Uttar Pradesh,India,Influenza,8756
2025-07-13,Uttar Pradesh,India,Influenza,8091
2025-07-20,Uttar Pradesh,India,Influenza,7398
2025-07-27,Uttar Pradesh,India,Influenza,6790
2025-08-03,Uttar Pradesh,India,Influenza,6542
2025-08-10,Uttar Pradesh,India,Influenza,7897
2025-08-17,Uttar Pradesh,India,Influenza,7048
2025-08-24,Uttar Pradesh,India,Influenza,8761
2025-08-31,Uttar Pradesh,India,Influenza,6535
2025-09-07,Uttar Pradesh,India,Influenza,6329
2025-09-14,Uttar Pradesh,India,Influenza,4578
2025-09-21,Uttar Pradesh,India,Influenza,4980
2025-09-28,Uttar Pradesh,India,Influenza,4863
2025-10-05,Uttar Pradesh,India,Influenza,3979
2025-10-12,Uttar Pradesh,India,Influenza,3440
2025-10-19,Uttar Pradesh,India,Influenza,3397
2025-10-26,Uttar Pradesh,India,Influenza,3446
2025-11-02,Uttar Pradesh,India,Influenza,2479
2025-11-09,Uttar Pradesh,India,Influenza,2458
2025-11-16,Uttar Pradesh,India,Influenza,1995
2025-11-23,Uttar Pradesh,India,Influenza,1867
2025-11-30,Uttar Pradesh,India,Influenza,1306
2025-12-07,Uttar Pradesh,India,Influenza,1273
2025-12-14,Uttar Pradesh,India,Influenza,1192
2025-12-21,Uttar Pradesh,India,Influenza,1272
2025-12-28,Uttar Pradesh,India,Influenza,1281
2026-01-04,Uttar Pradesh,India,Influenza,1151
2026-01-11,Uttar Pradesh,India,Influenza,1272
2026-01-18,Uttar Pradesh,India,Influenza,1028
2026-01-25,Uttar Pradesh,India,Influenza,1272
2026-02-01,Uttar Pradesh,India,Influenza,1294
2026-02-08,Uttar Pradesh,India,Influenza,1239
2026-02-15,Uttar Pradesh,India,Influenza,1153
2026-02-22,Uttar Pradesh,India,Influenza,1268
2026-03-01,Uttar Pradesh,India,Influenza,1018
2026-03-08,Uttar Pradesh,India,Influenza,1266
2026-03-15,Uttar Pradesh,India,Influenza,1373
2026-03-22,Uttar Pradesh,India,Influenza,1151
2026-03-29,Uttar Pradesh,India,Influenza,1720
2026-04-05,Uttar Pradesh,India,Influenza,1483
2026-04-12,Uttar Pradesh,India,Influenza,1963
2026-04-19,Uttar Pradesh,India,Influenza,2440
2026-04-26,Uttar Pradesh,India,Influenza,2500
2026-05-03,Uttar Pradesh,India,Influenza,3278
2026-05-10,Uttar Pradesh,India,Influenza,3747
2026-05-17,Uttar Pradesh,India,Influenza,3696
2026-05-24,Uttar Pradesh,India,Influenza,5141
2026-05-31,Uttar Pradesh,India,Influenza,4662
2026-06-07,Uttar Pradesh,India,Influenza,7767
2026-06-14,Uttar Pradesh,India,Influenza,6170
2026-06-21,Uttar Pradesh,India,Influenza,5540
2026-06-28,Uttar Pradesh,India,Influenza,6062
2026-07-05,Uttar Pradesh,India,Influenza,8710
2026-07-12,Uttar Pradesh,India,Influenza,7196
2026-07-19,Uttar Pradesh,India,Influenza,6214
2026-07-26,Uttar Pradesh,India,Influenza,8868
2026-08-02,Uttar Pradesh,India,Influenza,7325
2026-08-09,Uttar Pradesh,India,Influenza,8418
2026-08-16,Uttar Pradesh,India,Influenza,8473
2026-08-23,Uttar Pradesh,India,Influenza,7404
2026-08-30,Uttar Pradesh,India,Influenza,9137
2026-09-06,Uttar Pradesh,India,Influenza,4650
2026-09-13,Uttar Pradesh,India,Influenza,5073
2026-09-20,Uttar Pradesh,India,Influenza,5063
2026-09-27,Uttar Pradesh,India,Influenza,6344
2026-10-04,Uttar Pradesh,India,Influenza,5351
2024-10-13,Uttar Pradesh,India,COVID-19,3217
2024-10-20,Uttar Pradesh,India,COVID-19,2375
2024-10-27,Uttar Pradesh,India,COVID-19,2424
2024-11-03,Uttar Pradesh,India,COVID-19,2365
2024-11-10,Uttar Pradesh,India,COVID-19,2387
2024-11-17,Uttar Pradesh,India,COVID-19,3320
2024-11-24,Uttar Pradesh,India,COVID-19,2627
2024-12-01,Uttar Pradesh,India,COVID-19,2703
2024-12-08,Uttar Pradesh,India,COVID-19,3109
2024-12-15,Uttar Pradesh,India,COVID-19,2132
2024-12-22,Uttar Pradesh,India,COVID-19,2949
2024-12-29,Uttar Pradesh,India,COVID-19,2549
2025-01-05,Uttar Pradesh,India,COVID-19,3084
2025-01-12,Uttar Pradesh,India,COVID-19,3163
2025-01-19,Uttar Pradesh,India,COVID-19,3427
2025-01-26,Uttar Pradesh,India,COVID-19,4344
2025-02-02,Uttar Pradesh,India,COVID-19,4868
2025-02-09,Uttar Pradesh,India,COVID-19,5145
2025-02-16,Uttar Pradesh,India,COVID-19,6354
2025-02-23,Uttar Pradesh,India,COVID-19,5905
2025-03-02,Uttar Pradesh,India,COVID-19,8377
2025-03-09,Uttar Pradesh,India,COVID-19,8149
2025-03-16,Uttar Pradesh,India,COVID-19,8505
2025-03-23,Uttar Pradesh,India,COVID-19,8659
2025-03-30,Uttar Pradesh,India,COVID-19,9970
2025-04-06,Uttar Pradesh,India,COVID-19,13664
2025-04-13,Uttar Pradesh,India,COVID-19,10679
2025-04-20,Uttar Pradesh,India,COVID-19,8838
2025-04-27,Uttar Pradesh,India,COVID-19,11770
2025-05-04,Uttar Pradesh,India,COVID-19,9135
2025-05-11,Uttar Pradesh,India,COVID-19,9560
2025-05-18,Uttar Pradesh,India,COVID-19,7645
2025-05-25,Uttar Pradesh,India,COVID-19,9060
2025-06-01,Uttar Pradesh,India,COVID-19,6188
2025-06-08,Uttar Pradesh,India,COVID-19,7283
2025-06-15,Uttar Pradesh,India,COVID-19,4484
2025-06-22,Uttar Pradesh,India,COVID-19,4507
2025-06-29,Uttar Pradesh,India,COVID-19,5090
2025-07-06,Uttar Pradesh,India,COVID-19,3894
2025-07-13,Uttar Pradesh,India,COVID-19,4670
2025-07-20,Uttar Pradesh,India,COVID-19,3119
2025-07-27,Uttar Pradesh,India,COVID-19,3209
2025-08-03,Uttar Pradesh,India,COVID-19,3842
2025-08-10,Uttar Pradesh,India,COVID-19,2271
2025-08-17,Uttar Pradesh,India,COVID-19,2214
2025-08-24,Uttar Pradesh,India,COVID-19,2619
2025-08-31,Uttar Pradesh,India,COVID-19,3430
2025-09-07,Uttar Pradesh,India,COVID-19,2420
2025-09-14,Uttar Pradesh,India,COVID-19,3682
2025-09-21,Uttar Pradesh,India,COVID-19,3923
2025-09-28,Uttar Pradesh,India,COVID-19,5166
2025-10-05,Uttar Pradesh,India,COVID-19,5072
2025-10-12,Uttar Pradesh,India,COVID-19,5163
2025-10-19,Uttar Pradesh,India,COVID-19,6627
2025-10-26,Uttar Pradesh,India,COVID-19,6713
2025-11-02,Uttar Pradesh,India,COVID-19,6521
2025-11-09,Uttar Pradesh,India,COVID-19,6520
2025-11-16,Uttar Pradesh,India,COVID-19,8036
2025-11-23,Uttar Pradesh,India,COVID-19,9661
2025-11-30,Uttar Pradesh,India,COVID-19,10910
2025-12-07,Uttar Pradesh,India,COVID-19,7803
2025-12-14,Uttar Pradesh,India,COVID-19,11821
2025-12-21,Uttar Pradesh,India,COVID-19,12876
2025-12-28,Uttar Pradesh,India,COVID-19,14326
2026-01-04,Uttar Pradesh,India,COVID-19,16734
2026-01-11,Uttar Pradesh,India,COVID-19,13821
2026-01-18,Uttar Pradesh,India,COVID-19,11421
2026-01-25,Uttar Pradesh,India,COVID-19,9309
2026-02-01,Uttar Pradesh,India,COVID-19,13453
2026-02-08,Uttar Pradesh,India,COVID-19,9955
2026-02-15,Uttar Pradesh,India,COVID-19,11973
2026-02-22,Uttar Pradesh,India,COVID-19,11712
2026-03-01,Uttar Pradesh,India,COVID-19,6723
2026-03-08,Uttar Pradesh,India,COVID-19,8486
2026-03-15,Uttar Pradesh,India,COVID-19,8323
2026-03-22,Uttar Pradesh,India,COVID-19,7125
2026-03-29,Uttar Pradesh,India,COVID-19,3756
2026-04-05,Uttar Pradesh,India,COVID-19,4249
2026-04-12,Uttar Pradesh,India,COVID-19,3527
2026-04-19,Uttar Pradesh,India,COVID-19,4261
2026-04-26,Uttar Pradesh,India,COVID-19,3846
2026-05-03,Uttar Pradesh,India,COVID-19,2006
2026-05-10,Uttar Pradesh,India,COVID-19,3041
2026-05-17,Uttar Pradesh,India,COVID-19,3433
2026-05-24,Uttar Pradesh,India,COVID-19,3078
2026-05-31,Uttar Pradesh,India,COVID-19,3099
2026-06-07,Uttar Pradesh,India,COVID-19,2979
2026-06-14,Uttar Pradesh,India,COVID-19,2857
2026-06-21,Uttar Pradesh,India,COVID-19,3790
2026-06-28,Uttar Pradesh,India,COVID-19,4424
2026-07-05,Uttar Pradesh,India,COVID-19,5645
2026-07-12,Uttar Pradesh,India,COVID-19,6740
2026-07-19,Uttar Pradesh,India,COVID-19,7205
2026-07-26,Uttar Pradesh,India,COVID-19,9409
2026-08-02,Uttar Pradesh,India,COVID-19,8368
2026-08-09,Uttar Pradesh,India,COVID-19,7315
2026-08-16,Uttar Pradesh,India,COVID-19,10086
2026-08-23,Uttar Pradesh,India,COVID-19,9249
2026-08-30,Uttar Pradesh,India,COVID-19,9016
2026-09-06,Uttar Pradesh,India,COVID-19,6053
2026-09-13,Uttar Pradesh,India,COVID-19,8190
2026-09-20,Uttar Pradesh,India,COVID-19,6062
2026-09-27,Uttar Pradesh,India,COVID-19,4429
2026-10-04,Uttar Pradesh,India,COVID-19,3403
2024-10-13,Bihar,India,Dengue,3789
2024-10-20,Bihar,India,Dengue,5552
2024-10-27,Bihar,India,Dengue,3380
2024-11-03,Bihar,India,Dengue,4133
2024-11-10,Bihar,India,Dengue,2773
2024-11-17,Bihar,India,Dengue,3014
2024-11-24,Bihar,India,Dengue,1825
2024-12-01,Bihar,India,Dengue,1711
2024-12-08,Bihar,India,Dengue,1577
2024-12-15,Bihar,India,Dengue,1271
2024-12-22,Bihar,India,Dengue,1113
2024-12-29,Bihar,India,Dengue,741
2025-01-05,Bihar,India,Dengue,694
2025-01-12,Bihar,India,Dengue,720
2025-01-19,Bihar,India,Dengue,496
2025-01-26,Bihar,India,Dengue,569
2025-02-02,Bihar,India,Dengue,491
2025-02-09,Bihar,India,Dengue,516
2025-02-16,Bihar,India,Dengue,504
2025-02-23,Bihar,India,Dengue,439
2025-03-02,Bihar,India,Dengue,479
2025-03-09,Bihar,India,Dengue,511
2025-03-16,Bihar,India,Dengue,493
2025-03-23,Bihar,India,Dengue,620
2025-03-30,Bihar,India,Dengue,580
2025-04-06,Bihar,India,Dengue,530
2025-04-13,Bihar,India,Dengue,458
2025-04-20,Bihar,India,Dengue,470
2025-04-27,Bihar,India,Dengue,738
2025-05-04,Bihar,India,Dengue,530
2025-05-11,Bihar,India,Dengue,722
2025-05-18,Bihar,India,Dengue,876
2025-05-25,Bihar,India,Dengue,950
2025-06-01,Bihar,India,Dengue,1029
2025-06-08,Bihar,India,Dengue,1305
2025-06-15,Bihar,India,Dengue,1653
2025-06-22,Bihar,India,Dengue,1941
2025-06-29,Bihar,India,Dengue,3106
2025-07-06,Bihar,India,Dengue,3040
2025-07-13,Bihar,India,Dengue,3244
2025-07-20,Bihar,India,Dengue,4068
2025-07-27,Bihar,India,Dengue,4925
2025-08-03,Bihar,India,Dengue,4666
2025-08-10,Bihar,India,Dengue,6037
2025-08-17,Bihar,India,Dengue,4572
2025-08-24,Bihar,India,Dengue,6938
2025-08-31,Bihar,India,Dengue,6054
2025-09-07,Bihar,India,Dengue,6080
2025-09-14,Bihar,India,Dengue,5452
2025-09-21,Bihar,India,Dengue,4850
2025-09-28,Bihar,India,Dengue,4284
2025-10-05,Bihar,India,Dengue,4778
2025-10-12,Bihar,India,Dengue,5453
2025-10-19,Bihar,India,Dengue,3916
2025-10-26,Bihar,India,Dengue,3153
2025-11-02,Bihar,India,Dengue,3130
2025-11-09,Bihar,India,Dengue,2964
2025-11-16,Bihar,India,Dengue,2548
2025-11-23,Bihar,India,Dengue,2218
2025-11-30,Bihar,India,Dengue,2172
2025-12-07,Bihar,India,Dengue,1841
2025-12-14,Bihar,India,Dengue,1658
2025-12-21,Bihar,India,Dengue,796
2025-12-28,Bihar,India,Dengue,768
2026-01-04,Bihar,India,Dengue,834
2026-01-11,Bihar,India,Dengue,622
2026-01-18,Bihar,India,Dengue,689
2026-01-25,Bihar,India,Dengue,595
2026-02-01,Bihar,India,Dengue,691
2026-02-08,Bihar,India,Dengue,637
2026-02-15,Bihar,India,Dengue,635
2026-02-22,Bihar,India,Dengue,514
2026-03-01,Bihar,India,Dengue,541
2026-03-08,Bihar,India,Dengue,525
2026-03-15,Bihar,India,Dengue,426
2026-03-22,Bihar,India,Dengue,674
2026-03-29,Bihar,India,Dengue,616
2026-04-05,Bihar,India,Dengue,529
2026-04-12,Bihar,India,Dengue,680
2026-04-19,Bihar,India,Dengue,533
2026-04-26,Bihar,India,Dengue,453
2026-05-03,Bihar,India,Dengue,790
2026-05-10,Bihar,India,Dengue,630
2026-05-17,Bihar,India,Dengue,886
2026-05-24,Bihar,India,Dengue,1128
2026-05-31,Bihar,India,Dengue,1406
2026-06-07,Bihar,India,Dengue,1829
2026-06-14,Bihar,India,Dengue,2147
2026-06-21,Bihar,India,Dengue,2580
2026-06-28,Bihar,India,Dengue,2504
2026-07-05,Bihar,India,Dengue,3486
2026-07-12,Bihar,India,Dengue,2988
2026-07-19,Bihar,India,Dengue,5418
2026-07-26,Bihar,India,Dengue,3875
2026-08-02,Bihar,India,Dengue,5113
2026-08-09,Bihar,India,Dengue,4674
2026-08-16,Bihar,India,Dengue,5511
2026-08-23,Bihar,India,Dengue,6477
2026-08-30,Bihar,India,Dengue,6113
2026-09-06,Bihar,India,Dengue,7857
2026-09-13,Bihar,India,Dengue,6888
2026-09-20,Bihar,India,Dengue,6056
2026-09-27,Bihar,India,Dengue,6126
2026-10-04,Bihar,India,Dengue,6985
2024-10-13,Bihar,India,Influenza,1501
2024-10-20,Bihar,India,Influenza,956
2024-10-27,Bihar,India,Influenza,898
2024-11-03,Bihar,India,Influenza,925
2024-11-10,Bihar,India,Influenza,786
2024-11-17,Bihar,India,Influenza,547
2024-11-24,Bihar,India,Influenza,636
2024-12-01,Bihar,India,Influenza,443
2024-12-08,Bihar,India,Influenza,559
2024-12-15,Bihar,India,Influenza,473
2024-12-22,Bihar,India,Influenza,348
2024-12-29,Bihar,India,Influenza,375
2025-01-05,Bihar,India,Influenza,369
2025-01-12,Bihar,India,Influenza,410
2025-01-19,Bihar,India,Influenza,388
2025-01-26,Bihar,India,Influenza,331
2025-02-02,Bihar,India,Influenza,316
2025-02-09,Bihar,India,Influenza,433
2025-02-16,Bihar,India,Influenza,420
2025-02-23,Bihar,India,Influenza,414
2025-03-02,Bihar,India,Influenza,436
2025-03-09,Bihar,India,Influenza,397
2025-03-16,Bihar,India,Influenza,481
2025-03-23,Bihar,India,Influenza,707
2025-03-30,Bihar,India,Influenza,672
2025-04-06,Bihar,India,Influenza,622
2025-04-13,Bihar,India,Influenza,688
2025-04-20,Bihar,India,Influenza,493
2025-04-27,Bihar,India,Influenza,1160
2025-05-04,Bihar,India,Influenza,1289
2025-05-11,Bihar,India,Influenza,1213
2025-05-18,Bihar,India,Influenza,1178
2025-05-25,Bihar,India,Influenza,1394
2025-06-01,Bihar,India,Influenza,2000
2025-06-08,Bihar,India,Influenza,2031
2025-06-15,Bihar,India,Influenza,2465
2025-06-22,Bihar,India,Influenza,2424
2025-06-29,Bihar,India,Influenza,2899
2025-07-06,Bihar,India,Influenza,2792
2025-07-13,Bihar,India,Influenza,3069
2025-07-20,Bihar,India,Influenza,1910
2025-07-27,Bihar,India,Influenza,2281
2025-08-03,Bihar,India,Influenza,2629
2025-08-10,Bihar,India,Influenza,3172
2025-08-17,Bihar,India,Influenza,3392
2025-08-24,Bihar,India,Influenza,2470
2025-08-31,Bihar,India,Influenza,2174
2025-09-07,Bihar,India,Influenza,1579
2025-09-14,Bihar,India,Influenza,2325
2025-09-21,Bihar,India,Influenza,1720
2025-09-28,Bihar,India,Influenza,2435
2025-10-05,Bihar,India,Influenza,1334
2025-10-12,Bihar,India,Influenza,1738
2025-10-19,Bihar,India,Influenza,1282
2025-10-26,Bihar,India,Influenza,845
2025-11-02,Bihar,India,Influenza,894
2025-11-09,Bihar,India,Influenza,833
2025-11-16,Bihar,India,Influenza,628
2025-11-23,Bihar,India,Influenza,644
2025-11-30,Bihar,India,Influenza,574
2025-12-07,Bihar,India,Influenza,510
2025-12-14,Bihar,India,Influenza,437
2025-12-21,Bihar,India,Influenza,345
2025-12-28,Bihar,India,Influenza,403
2026-01-04,Bihar,India,Influenza,413
2026-01-11,Bihar,India,Influenza,288
2026-01-18,Bihar,India,Influenza,410
2026-01-25,Bihar,India,Influenza,394
2026-02-01,Bihar,India,Influenza,322
2026-02-08,Bihar,India,Influenza,380
2026-02-15,Bihar,India,Influenza,384
2026-02-22,Bihar,India,Influenza,526
2026-03-01,Bihar,India,Influenza,432
2026-03-08,Bihar,India,Influenza,506
2026-03-15,Bihar,India,Influenza,460
2026-03-22,Bihar,India,Influenza,368
2026-03-29,Bihar,India,Influenza,629
2026-04-05,Bihar,India,Influenza,586
2026-04-12,Bihar,India,Influenza,709
2026-04-19,Bihar,India,Influenza,727
2026-04-26,Bihar,India,Influenza,1011
2026-05-03,Bihar,India,Influenza,1337
2026-05-10,Bihar,India,Influenza,1506
2026-05-17,Bihar,India,Influenza,1857
2026-05-24,Bihar,India,Influenza,2124
2026-05-31,Bihar,India,Influenza,1299
2026-06-07,Bihar,India,Influenza,1690
2026-06-14,Bihar,India,Influenza,1628
2026-06-21,Bihar,India,Influenza,2620
2026-06-28,Bihar,India,Influenza,2269
2026-07-05,Bihar,India,Influenza,2451
2026-07-12,Bihar,India,Influenza,2641
2026-07-19,Bihar,India,Influenza,2941
2026-07-26,Bihar,India,Influenza,2175
2026-08-02,Bihar,India,Influenza,2256
2026-08-09,Bihar,India,Influenza,2730
2026-08-16,Bihar,India,Influenza,3121
2026-08-23,Bihar,India,Influenza,2522
2026-08-30,Bihar,India,Influenza,2109
2026-09-06,Bihar,India,Influenza,1514
2026-09-13,Bihar,India,Influenza,2353
2026-09-20,Bihar,India,Influenza,1668
2026-09-27,Bihar,India,Influenza,1396
2026-10-04,Bihar,India,Influenza,1114
2024-10-13,Bihar,India,COVID-19,753
2024-10-20,Bihar,India,COVID-19,822
2024-10-27,Bihar,India,COVID-19,926
2024-11-03,Bihar,India,COVID-19,787
2024-11-10,Bihar,India,COVID-19,990
2024-11-17,Bihar,India,COVID-19,930
2024-11-24,Bihar,India,COVID-19,1294
2024-12-01,Bihar,India,COVID-19,729
2024-12-08,Bihar,India,COVID-19,1016
2024-12-15,Bihar,India,COVID-19,1038
2024-12-22,Bihar,India,COVID-19,881
2024-12-29,Bihar,India,COVID-19,1102
2025-01-05,Bihar,India,COVID-19,1281
2025-01-12,Bihar,India,COVID-19,1253
2025-01-19,Bihar,India,COVID-19,1629
2025-01-26,Bihar,India,COVID-19,1007
2025-02-02,Bihar,India,COVID-19,1466
2025-02-09,Bihar,India,COVID-19,2313
2025-02-16,Bihar,India,COVID-19,2436
2025-02-23,Bihar,India,COVID-19,2613
2025-03-02,Bihar,India,COVID-19,3206
2025-03-09,Bihar,India,COVID-19,2133
2025-03-16,Bihar,India,COVID-19,3655
2025-03-23,Bihar,India,COVID-19,4059
2025-03-30,Bihar,India,COVID-19,3319
2025-04-06,Bihar,India,COVID-19,5297
2025-04-13,Bihar,India,COVID-19,3952
2025-04-20,Bihar,India,COVID-19,2549
2025-04-27,Bihar,India,COVID-19,3894
2025-05-04,Bihar,India,COVID-19,3122
2025-05-11,Bihar,India,COVID-19,3835
2025-05-18,Bihar,India,COVID-19,3240
2025-05-25,Bihar,India,COVID-19,2463
2025-06-01,Bihar,India,COVID-19,2962
2025-06-08,Bihar,India,COVID-19,2446
2025-06-15,Bihar,India,COVID-19,1659
2025-06-22,Bihar,India,COVID-19,1640
2025-06-29,Bihar,India,COVID-19,1614
2025-07-06,Bihar,India,COVID-19,1278
2025-07-13,Bihar,India,COVID-19,1178
2025-07-20,Bihar,India,COVID-19,1164
2025-07-27,Bihar,India,COVID-19,924
2025-08-03,Bihar,India,COVID-19,708
2025-08-10,Bihar,India,COVID-19,1084
2025-08-17,Bihar,India,COVID-19,733
2025-08-24,Bihar,India,COVID-19,901
2025-08-31,Bihar,India,COVID-19,799
2025-09-07,Bihar,India,COVID-19,855
2025-09-14,Bihar,India,COVID-19,1280
2025-09-21,Bihar,India,COVID-19,1251
2025-09-28,Bihar,India,COVID-19,1358
2025-10-05,Bihar,India,COVID-19,1253
2025-10-12,Bihar,India,COVID-19,1572
2025-10-19,Bihar,India,COVID-19,2071
2025-10-26,Bihar,India,COVID-19,2194
2025-11-02,Bihar,India,COVID-19,2802
2025-11-09,Bihar,India,COVID-19,3208
2025-11-16,Bihar,India,COVID-19,3010
2025-11-23,Bihar,India,COVID-19,2499
2025-11-30,Bihar,India,COVID-19,3355
2025-12-07,Bihar,India,COVID-19,4027
2025-12-14,Bihar,India,COVID-19,3845
2025-12-21,Bihar,India,COVID-19,3843
2025-12-28,Bihar,India,COVID-19,4763
2026-01-04,Bihar,India,COVID-19,6535
2026-01-11,Bihar,India,COVID-19,4437
2026-01-18,Bihar,India,COVID-19,4707
2026-01-25,Bihar,India,COVID-19,3660
2026-02-01,Bihar,India,COVID-19,5152
2026-02-08,Bihar,India,COVID-19,4611
2026-02-15,Bihar,India,COVID-19,4228
2026-02-22,Bihar,India,COVID-19,4150
2026-03-01,Bihar,India,COVID-19,2915
2026-03-08,Bihar,India,COVID-19,2663
2026-03-15,Bihar,India,COVID-19,3119
2026-03-22,Bihar,India,COVID-19,2409
2026-03-29,Bihar,India,COVID-19,1301
2026-04-05,Bihar,India,COVID-19,1853
2026-04-12,Bihar,India,COVID-19,1419
2026-04-19,Bihar,India,COVID-19,1596
2026-04-26,Bihar,India,COVID-19,1368
2026-05-03,Bihar,India,COVID-19,886
2026-05-10,Bihar,India,COVID-19,1180
2026-05-17,Bihar,India,COVID-19,1126
2026-05-24,Bihar,India,COVID-19,1130
2026-05-31,Bihar,India,COVID-19,1173
2026-06-07,Bihar,India,COVID-19,1374
2026-06-14,Bihar,India,COVID-19,1284
2026-06-21,Bihar,India,COVID-19,1358
2026-06-28,Bihar,India,COVID-19,1832
2026-07-05,Bihar,India,COVID-19,2459
2026-07-12,Bihar,India,COVID-19,2471
2026-07-19,Bihar,India,COVID-19,2611
2026-07-26,Bihar,India,COVID-19,3064
2026-08-02,Bihar,India,COVID-19,3278
2026-08-09,Bihar,India,COVID-19,3334
2026-08-16,Bihar,India,COVID-19,4440
2026-08-23,Bihar,India,COVID-19,2869
2026-08-30,Bihar,India,COVID-19,3505
2026-09-06,Bihar,India,COVID-19,2609
2026-09-13,Bihar,India,COVID-19,1788
2026-09-20,Bihar,India,COVID-19,1895
2026-09-27,Bihar,India,COVID-19,1513
2026-10-04,Bihar,India,COVID-19,1531
2024-10-13,West Bengal,India,Dengue,2479
2024-10-20,West Bengal,India,Dengue,3264
2024-10-27,West Bengal,India,Dengue,2793
2024-11-03,West Bengal,India,Dengue,2623
2024-11-10,West Bengal,India,Dengue,1905
2024-11-17,West Bengal,India,Dengue,1563
2024-11-24,West Bengal,India,Dengue,1463
2024-12-01,West Bengal,India,Dengue,1005
2024-12-08,West Bengal,India,Dengue,925
2024-12-15,West Bengal,India,Dengue,726
2024-12-22,West Bengal,India,Dengue,481
2024-12-29,West Bengal,India,Dengue,526
2025-01-05,West Bengal,India,Dengue,413
2025-01-12,West Bengal,India,Dengue,377
2025-01-19,West Bengal,India,Dengue,377
2025-01-26,West Bengal,India,Dengue,402
2025-02-02,West Bengal,India,Dengue,286
2025-02-09,West Bengal,India,Dengue,306
2025-02-16,West Bengal,India,Dengue,284
2025-02-23,West Bengal,India,Dengue,281
2025-03-02,West Bengal,India,Dengue,293
2025-03-09,West Bengal,India,Dengue,313
2025-03-16,West Bengal,India,Dengue,352
2025-03-23,West Bengal,India,Dengue,339
2025-03-30,West Bengal,India,Dengue,273
2025-04-06,West Bengal,India,Dengue,391
2025-04-13,West Bengal,India,Dengue,381
2025-04-20,West Bengal,India,Dengue,299
2025-04-27,West Bengal,India,Dengue,435
2025-05-04,West Bengal,India,Dengue,423
2025-05-11,West Bengal,India,Dengue,447
2025-05-18,West Bengal,India,Dengue,565
2025-05-25,West Bengal,India,Dengue,640
2025-06-01,West Bengal,India,Dengue,845
2025-06-08,West Bengal,India,Dengue,981
2025-06-15,West Bengal,India,Dengue,1102
2025-06-22,West Bengal,India,Dengue,976
2025-06-29,West Bengal,India,Dengue,1803
2025-07-06,West Bengal,India,Dengue,1853
2025-07-13,West Bengal,India,Dengue,2536
2025-07-20,West Bengal,India,Dengue,2769
2025-07-27,West Bengal,India,Dengue,2737
2025-08-03,West Bengal,India,Dengue,3661
2025-08-10,West Bengal,India,Dengue,3535
2025-08-17,West Bengal,India,Dengue,3733
2025-08-24,West Bengal,India,Dengue,3728
2025-08-31,West Bengal,India,Dengue,4898
2025-09-07,West Bengal,India,Dengue,3528
2025-09-14,West Bengal,India,Dengue,3735
2025-09-21,West Bengal,India,Dengue,3123
2025-09-28,West Bengal,India,Dengue,4086
2025-10-05,West Bengal,India,Dengue,3176
2025-10-12,West Bengal,India,Dengue,3005
2025-10-19,West Bengal,India,Dengue,2723
2025-10-26,West Bengal,India,Dengue,2674
2025-11-02,West Bengal,India,Dengue,1899
2025-11-09,West Bengal,India,Dengue,1346
2025-11-16,West Bengal,India,Dengue,1852
2025-11-23,West Bengal,India,Dengue,996
2025-11-30,West Bengal,India,Dengue,1369
2025-12-07,West Bengal,India,Dengue,1234
2025-12-14,West Bengal,India,Dengue,802
2025-12-21,West Bengal,India,Dengue,811
2025-12-28,West Bengal,India,Dengue,566
2026-01-04,West Bengal,India,Dengue,604
2026-01-11,West Bengal,India,Dengue,401
2026-01-18,West Bengal,India,Dengue,254
2026-01-25,West Bengal,India,Dengue,368
2026-02-01,West Bengal,India,Dengue,453
2026-02-08,West Bengal,India,Dengue,384
2026-02-15,West Bengal,India,Dengue,326
2026-02-22,West Bengal,India,Dengue,371
2026-03-01,West Bengal,India,Dengue,406
2026-03-08,West Bengal,India,Dengue,350
2026-03-15,West Bengal,India,Dengue,495
2026-03-22,West Bengal,India,Dengue,328
2026-03-29,West Bengal,India,Dengue,411
2026-04-05,West Bengal,India,Dengue,401
2026-04-12,West Bengal,India,Dengue,328
2026-04-19,West Bengal,India,Dengue,356
2026-04-26,West Bengal,India,Dengue,465
2026-05-03,West Bengal,India,Dengue,452
2026-05-10,West Bengal,India,Dengue,528
2026-05-17,West Bengal,India,Dengue,444
2026-05-24,West Bengal,India,Dengue,775
2026-05-31,West Bengal,India,Dengue,894
2026-06-07,West Bengal,India,Dengue,1037
2026-06-14,West Bengal,India,Dengue,1343
2026-06-21,West Bengal,India,Dengue,1443
2026-06-28,West Bengal,India,Dengue,1670
2026-07-05,West Bengal,India,Dengue,2075
2026-07-12,West Bengal,India,Dengue,2316
2026-07-19,West Bengal,India,Dengue,3757
2026-07-26,West Bengal,India,Dengue,3598
2026-08-02,West Bengal,India,Dengue,2973
2026-08-09,West Bengal,India,Dengue,4906
2026-08-16,West Bengal,India,Dengue,3733
2026-08-23,West Bengal,India,Dengue,4188
2026-08-30,West Bengal,India,Dengue,4859
2026-09-06,West Bengal,India,Dengue,3048
2026-09-13,West Bengal,India,Dengue,4144
2026-09-20,West Bengal,India,Dengue,3837
2026-09-27,West Bengal,India,Dengue,4156
2026-10-04,West Bengal,India,Dengue,4020
2024-10-13,West Bengal,India,Influenza,842
2024-10-20,West Bengal,India,Influenza,730
2024-10-27,West Bengal,India,Influenza,748
2024-11-03,West Bengal,India,Influenza,582
2024-11-10,West Bengal,India,Influenza,485
2024-11-17,West Bengal,India,Influenza,428
2024-11-24,West Bengal,India,Influenza,470
2024-12-01,West Bengal,India,Influenza,339
2024-12-08,West Bengal,India,Influenza,279
2024-12-15,West Bengal,India,Influenza,202
2024-12-22,West Bengal,India,Influenza,212
2024-12-29,West Bengal,India,Influenza,245
2025-01-05,West Bengal,India,Influenza,255
2025-01-12,West Bengal,India,Influenza,237
2025-01-19,West Bengal,India,Influenza,272
2025-01-26,West Bengal,India,Influenza,236
2025-02-02,West Bengal,India,Influenza,223
2025-02-09,West Bengal,India,Influenza,282
2025-02-16,West Bengal,India,Influenza,313
2025-02-23,West Bengal,India,Influenza,219
2025-03-02,West Bengal,India,Influenza,280
2025-03-09,West Bengal,India,Influenza,202
2025-03-16,West Bengal,India,Influenza,235
2025-03-23,West Bengal,India,Influenza,301
2025-03-30,West Bengal,India,Influenza,432
2025-04-06,West Bengal,India,Influenza,370
2025-04-13,West Bengal,India,Influenza,423
2025-04-20,West Bengal,India,Influenza,560
2025-04-27,West Bengal,India,Influenza,648
2025-05-04,West Bengal,India,Influenza,656
2025-05-11,West Bengal,India,Influenza,1106
2025-05-18,West Bengal,India,Influenza,929
2025-05-25,West Bengal,India,Influenza,1106
2025-06-01,West Bengal,India,Influenza,1136
2025-06-08,West Bengal,India,Influenza,1416
2025-06-15,West Bengal,India,Influenza,1708
2025-06-22,West Bengal,India,Influenza,1929
2025-06-29,West Bengal,India,Influenza,1446
2025-07-06,West Bengal,India,Influenza,1988
2025-07-13,West Bengal,India,Influenza,1906
2025-07-20,West Bengal,India,Influenza,2056
2025-07-27,West Bengal,India,Influenza,1781
2025-08-03,West Bengal,India,Influenza,1744
2025-08-10,West Bengal,India,Influenza,2008
2025-08-17,West Bengal,India,Influenza,1951
2025-08-24,West Bengal,India,Influenza,2017
2025-08-31,West Bengal,India,Influenza,1590
2025-09-07,West Bengal,India,Influenza,1418
2025-09-14,West Bengal,India,Influenza,838
2025-09-21,West Bengal,India,Influenza,917
2025-09-28,West Bengal,India,Influenza,1024
2025-10-05,West Bengal,India,Influenza,808
2025-10-12,West Bengal,India,Influenza,956
2025-10-19,West Bengal,India,Influenza,598
2025-10-26,West Bengal,India,Influenza,596
2025-11-02,West Bengal,India,Influenza,519
2025-11-09,West Bengal,India,Influenza,569
2025-11-16,West Bengal,India,Influenza,381
2025-11-23,West Bengal,India,Influenza,394
2025-11-30,West Bengal,India,Influenza,340
2025-12-07,West Bengal,India,Influenza,343
2025-12-14,West Bengal,India,Influenza,318
2025-12-21,West Bengal,India,Influenza,269
2025-12-28,West Bengal,India,Influenza,196
2026-01-04,West Bengal,India,Influenza,251
2026-01-11,West Bengal,India,Influenza,257
2026-01-18,West Bengal,India,Influenza,269
2026-01-25,West Bengal,India,Influenza,229
2026-02-01,West Bengal,India,Influenza,302
2026-02-08,West Bengal,India,Influenza,259
2026-02-15,West Bengal,India,Influenza,224
2026-02-22,West Bengal,India,Influenza,245
2026-03-01,West Bengal,India,Influenza,348
2026-03-08,West Bengal,India,Influenza,311
2026-03-15,West Bengal,India,Influenza,349
2026-03-22,West Bengal,India,Influenza,279
2026-03-29,West Bengal,India,Influenza,331
2026-04-05,West Bengal,India,Influenza,376
2026-04-12,West Bengal,India,Influenza,495
2026-04-19,West Bengal,India,Influenza,543
2026-04-26,West Bengal,India,Influenza,597
2026-05-03,West Bengal,India,Influenza,703
2026-05-10,West Bengal,India,Influenza,751
2026-05-17,West Bengal,India,Influenza,942
2026-05-24,West Bengal,India,Influenza,1270
2026-05-31,West Bengal,India,Influenza,935
2026-06-07,West Bengal,India,Influenza,1397
2026-06-14,West Bengal,India,Influenza,1739
2026-06-21,West Bengal,India,Influenza,1501
2026-06-28,West Bengal,India,Influenza,1504
2026-07-05,West Bengal,India,Influenza,1943
2026-07-12,West Bengal,India,Influenza,1501
2026-07-19,West Bengal,India,Influenza,1788
2026-07-26,West Bengal,India,Influenza,1524
2026-08-02,West Bengal,India,Influenza,1291
2026-08-09,West Bengal,India,Influenza,1721
2026-08-16,West Bengal,India,Influenza,1383
2026-08-23,West Bengal,India,Influenza,1630
2026-08-30,West Bengal,India,Influenza,1802
2026-09-06,West Bengal,India,Influenza,1841
2026-09-13,West Bengal,India,Influenza,1347
2026-09-20,West Bengal,India,Influenza,1394
2026-09-27,West Bengal,India,Influenza,1153
2026-10-04,West Bengal,India,Influenza,912
2024-10-13,West Bengal,India,COVID-19,440
2024-10-20,West Bengal,India,COVID-19,770
2024-10-27,West Bengal,India,COVID-19,522
2024-11-03,West Bengal,India,COVID-19,749
2024-11-10,West Bengal,India,COVID-19,671
2024-11-17,West Bengal,India,COVID-19,532
2024-11-24,West Bengal,India,COVID-19,655
2024-12-01,West Bengal,India,COVID-19,833
2024-12-08,West Bengal,India,COVID-19,787
2024-12-15,West Bengal,India,COVID-19,602
2024-12-22,West Bengal,India,COVID-19,600
2024-12-29,West Bengal,India,COVID-19,711
2025-01-05,West Bengal,India,COVID-19,723
2025-01-12,West Bengal,India,COVID-19,940
2025-01-19,West Bengal,India,COVID-19,967
2025-01-26,West Bengal,India,COVID-19,720
2025-02-02,West Bengal,India,COVID-19,1156
2025-02-09,West Bengal,India,COVID-19,1189
2025-02-16,West Bengal,India,COVID-19,1390
2025-02-23,West Bengal,India,COVID-19,1617
2025-03-02,West Bengal,India,COVID-19,2059
2025-03-09,West Bengal,India,COVID-19,2215
2025-03-16,West Bengal,India,COVID-19,1869
2025-03-23,West Bengal,India,COVID-19,2238
2025-03-30,West Bengal,India,COVID-19,2216
2025-04-06,West Bengal,India,COVID-19,1832
2025-04-13,West Bengal,India,COVID-19,2435
2025-04-20,West Bengal,India,COVID-19,3128
2025-04-27,West Bengal,India,COVID-19,1766
2025-05-04,West Bengal,India,COVID-19,2250
2025-05-11,West Bengal,India,COVID-19,2088
2025-05-18,West Bengal,India,COVID-19,2015
2025-05-25,West Bengal,India,COVID-19,1493
2025-06-01,West Bengal,India,COVID-19,1226
2025-06-08,West Bengal,India,COVID-19,1097
2025-06-15,West Bengal,India,COVID-19,1466
2025-06-22,West Bengal,India,COVID-19,923
2025-06-29,West Bengal,India,COVID-19,894
2025-07-06,West Bengal,India,COVID-19,1148
2025-07-13,West Bengal,India,COVID-19,712
2025-07-20,West Bengal,India,COVID-19,785
2025-07-27,West Bengal,India,COVID-19,823
2025-08-03,West Bengal,India,COVID-19,791
2025-08-10,West Bengal,India,COVID-19,540
2025-08-17,West Bengal,India,COVID-19,602
2025-08-24,West Bengal,India,COVID-19,714
2025-08-31,West Bengal,India,COVID-19,905
2025-09-07,West Bengal,India,COVID-19,649
2025-09-14,West Bengal,India,COVID-19,719
2025-09-21,West Bengal,India,COVID-19,887
2025-09-28,West Bengal,India,COVID-19,996
2025-10-05,West Bengal,India,COVID-19,1110
2025-10-12,West Bengal,India,COVID-19,982
2025-10-19,West Bengal,India,COVID-19,1163
2025-10-26,West Bengal,India,COVID-19,1472
2025-11-02,West Bengal,India,COVID-19,1913
2025-11-09,West Bengal,India,COVID-19,1743
2025-11-16,West Bengal,India,COVID-19,2011
2025-11-23,West Bengal,India,COVID-19,1889
2025-11-30,West Bengal,India,COVID-19,3124
2025-12-07,West Bengal,India,COVID-19,2697
2025-12-14,West Bengal,India,COVID-19,3261
2025-12-21,West Bengal,India,COVID-19,2958
2025-12-28,West Bengal,India,COVID-19,3079
2026-01-04,West Bengal,India,COVID-19,2394
2026-01-11,West Bengal,India,COVID-19,2092
2026-01-18,West Bengal,India,COVID-19,3608
2026-01-25,West Bengal,India,COVID-19,2974
2026-02-01,West Bengal,India,COVID-19,2888
2026-02-08,West Bengal,India,COVID-19,2136
2026-02-15,West Bengal,India,COVID-19,2104
2026-02-22,West Bengal,India,COVID-19,2578
2026-03-01,West Bengal,India,COVID-19,2534
2026-03-08,West Bengal,India,COVID-19,1632
2026-03-15,West Bengal,India,COVID-19,1762
2026-03-22,West Bengal,India,COVID-19,1460
2026-03-29,West Bengal,India,COVID-19,1235
2026-04-05,West Bengal,India,COVID-19,1430
2026-04-12,West Bengal,India,COVID-19,934
2026-04-19,West Bengal,India,COVID-19,1076
2026-04-26,West Bengal,India,COVID-19,879
2026-05-03,West Bengal,India,COVID-19,772
2026-05-10,West Bengal,India,COVID-19,882
2026-05-17,West Bengal,India,COVID-19,735
2026-05-24,West Bengal,India,COVID-19,682
2026-05-31,West Bengal,India,COVID-19,841
2026-06-07,West Bengal,India,COVID-19,859
2026-06-14,West Bengal,India,COVID-19,921
2026-06-21,West Bengal,India,COVID-19,436
2026-06-28,West Bengal,India,COVID-19,1075
2026-07-05,West Bengal,India,COVID-19,1225
2026-07-12,West Bengal,India,COVID-19,1394
2026-07-19,West Bengal,India,COVID-19,1783
2026-07-26,West Bengal,India,COVID-19,1929
2026-08-02,West Bengal,India,COVID-19,2243
2026-08-09,West Bengal,India,COVID-19,2058
2026-08-16,West Bengal,India,COVID-19,2647
2026-08-23,West Bengal,India,COVID-19,2328
2026-08-30,West Bengal,India,COVID-19,2084
2026-09-06,West Bengal,India,COVID-19,1843
2026-09-13,West Bengal,India,COVID-19,1740
2026-09-20,West Bengal,India,COVID-19,1451
2026-09-27,West Bengal,India,COVID-19,1045
2026-10-04,West Bengal,India,COVID-19,1044
2024-10-13,Odisha,India,Dengue,3620
2024-10-20,Odisha,India,Dengue,2991
2024-10-27,Odisha,India,Dengue,2089
2024-11-03,Odisha,India,Dengue,2746
2024-11-10,Odisha,India,Dengue,1209
2024-11-17,Odisha,India,Dengue,1653
2024-11-24,Odisha,India,Dengue,1138
2024-12-01,Odisha,India,Dengue,1355
2024-12-08,Odisha,India,Dengue,904
2024-12-15,Odisha,India,Dengue,631
2024-12-22,Odisha,India,Dengue,568
2024-12-29,Odisha,India,Dengue,442
2025-01-05,Odisha,India,Dengue,405
2025-01-12,Odisha,India,Dengue,357
2025-01-19,Odisha,India,Dengue,305
2025-01-26,Odisha,India,Dengue,338
2025-02-02,Odisha,India,Dengue,333
2025-02-09,Odisha,India,Dengue,264
2025-02-16,Odisha,India,Dengue,232
2025-02-23,Odisha,India,Dengue,323
2025-03-02,Odisha,India,Dengue,334
2025-03-09,Odisha,India,Dengue,344
2025-03-16,Odisha,India,Dengue,336
2025-03-23,Odisha,India,Dengue,384
2025-03-30,Odisha,India,Dengue,359
2025-04-06,Odisha,India,Dengue,441
2025-04-13,Odisha,India,Dengue,469
2025-04-20,Odisha,India,Dengue,244
2025-04-27,Odisha,India,Dengue,237
2025-05-04,Odisha,India,Dengue,387
2025-05-11,Odisha,India,Dengue,473
2025-05-18,Odisha,India,Dengue,509
2025-05-25,Odisha,India,Dengue,682
2025-06-01,Odisha,India,Dengue,720
2025-06-08,Odisha,India,Dengue,821
2025-06-15,Odisha,India,Dengue,1024
2025-06-22,Odisha,India,Dengue,1305
2025-06-29,Odisha,India,Dengue,1808
2025-07-06,Odisha,India,Dengue,1748
2025-07-13,Odisha,India,Dengue,2086
2025-07-20,Odisha,India,Dengue,2692
2025-07-27,Odisha,India,Dengue,2690
2025-08-03,Odisha,India,Dengue,3558
2025-08-10,Odisha,India,Dengue,2839
2025-08-17,Odisha,India,Dengue,2903
2025-08-24,Odisha,India,Dengue,3822
2025-08-31,Odisha,India,Dengue,3982
2025-09-07,Odisha,India,Dengue,3301
2025-09-14,Odisha,India,Dengue,4528
2025-09-21,Odisha,India,Dengue,4745
2025-09-28,Odisha,India,Dengue,3204
2025-10-05,Odisha,India,Dengue,4088
2025-10-12,Odisha,India,Dengue,1995
2025-10-19,Odisha,India,Dengue,3292
2025-10-26,Odisha,India,Dengue,2217
2025-11-02,Odisha,India,Dengue,2574
2025-11-09,Odisha,India,Dengue,1668
2025-11-16,Odisha,India,Dengue,1647
2025-11-23,Odisha,India,Dengue,1231
2025-11-30,Odisha,India,Dengue,1128
2025-12-07,Odisha,India,Dengue,1224
2025-12-14,Odisha,India,Dengue,777
2025-12-21,Odisha,India,Dengue,858
2025-12-28,Odisha,India,Dengue,514
2026-01-04,Odisha,India,Dengue,572
2026-01-11,Odisha,India,Dengue,313
2026-01-18,Odisha,India,Dengue,362
2026-01-25,Odisha,India,Dengue,328
2026-02-01,Odisha,India,Dengue,426
2026-02-08,Odisha,India,Dengue,351
2026-02-15,Odisha,India,Dengue,233
2026-02-22,Odisha,India,Dengue,273
2026-03-01,Odisha,India,Dengue,288
2026-03-08,Odisha,India,Dengue,388
2026-03-15,Odisha,India,Dengue,382
2026-03-22,Odisha,India,Dengue,326
2026-03-29,Odisha,India,Dengue,315
2026-04-05,Odisha,India,Dengue,383
2026-04-12,Odisha,India,Dengue,292
2026-04-19,Odisha,India,Dengue,390
2026-04-26,Odisha,India,Dengue,409
2026-05-03,Odisha,India,Dengue,408
2026-05-10,Odisha,India,Dengue,511
2026-05-17,Odisha,India,Dengue,574
2026-05-24,Odisha,India,Dengue,728
2026-05-31,Odisha,India,Dengue,659
2026-06-07,Odisha,India,Dengue,1098
2026-06-14,Odisha,India,Dengue,1412
2026-06-21,Odisha,India,Dengue,1547
2026-06-28,Odisha,India,Dengue,1919
2026-07-05,Odisha,India,Dengue,2034
2026-07-12,Odisha,India,Dengue,2710
2026-07-19,Odisha,India,Dengue,2745
2026-07-26,Odisha,India,Dengue,2516
2026-08-02,Odisha,India,Dengue,3751
2026-08-09,Odisha,India,Dengue,2724
2026-08-16,Odisha,India,Dengue,3996
2026-08-23,Odisha,India,Dengue,3773
2026-08-30,Odisha,India,Dengue,3836
2026-09-06,Odisha,India,Dengue,4261
2026-09-13,Odisha,India,Dengue,3687
2026-09-20,Odisha,India,Dengue,4340
2026-09-27,Odisha,India,Dengue,3905
2026-10-04,Odisha,India,Dengue,3319
2024-10-13,Odisha,India,Influenza,982
2024-10-20,Odisha,India,Influenza,736
2024-10-27,Odisha,India,Influenza,678
2024-11-03,Odisha,India,Influenza,649
2024-11-10,Odisha,India,Influenza,560
2024-11-17,Odisha,India,Influenza,437
2024-11-24,Odisha,India,Influenza,338
2024-12-01,Odisha,India,Influenza,249
2024-12-08,Odisha,India,Influenza,299
2024-12-15,Odisha,India,Influenza,316
2024-12-22,Odisha,India,Influenza,273
2024-12-29,Odisha,India,Influenza,126
2025-01-05,Odisha,India,Influenza,282
2025-01-12,Odisha,India,Influenza,283
2025-01-19,Odisha,India,Influenza,236
2025-01-26,Odisha,India,Influenza,284
2025-02-02,Odisha,India,Influenza,271
2025-02-09,Odisha,India,Influenza,222
2025-02-16,Odisha,India,Influenza,297
2025-02-23,Odisha,India,Influenza,205
2025-03-02,Odisha,India,Influenza,257
2025-03-09,Odisha,India,Influenza,265
2025-03-16,Odisha,India,Influenza,254
2025-03-23,Odisha,India,Influenza,331
2025-03-30,Odisha,India,Influenza,424
2025-04-06,Odisha,India,Influenza,478
2025-04-13,Odisha,India,Influenza,513
2025-04-20,Odisha,India,Influenza,399
2025-04-27,Odisha,India,Influenza,495
2025-05-04,Odisha,India,Influenza,732
2025-05-11,Odisha,India,Influenza,814
2025-05-18,Odisha,India,Influenza,860
2025-05-25,Odisha,India,Influenza,1343
2025-06-01,Odisha,India,Influenza,1180
2025-06-08,Odisha,India,Influenza,1379
2025-06-15,Odisha,India,Influenza,1588
2025-06-22,Odisha,India,Influenza,1494
2025-06-29,Odisha,India,Influenza,2178
2025-07-06,Odisha,India,Influenza,1407
2025-07-13,Odisha,India,Influenza,1537
2025-07-20,Odisha,India,Influenza,1479
2025-07-27,Odisha,India,Influenza,2140
2025-08-03,Odisha,India,Influenza,1930
2025-08-10,Odisha,India,Influenza,1553
2025-08-17,Odisha,India,Influenza,1426
2025-08-24,Odisha,India,Influenza,1894
2025-08-31,Odisha,India,Influenza,1563
2025-09-07,Odisha,India,Influenza,1676
2025-09-14,Odisha,India,Influenza,1264
2025-09-21,Odisha,India,Influenza,1250
2025-09-28,Odisha,India,Influenza,1092
2025-10-05,Odisha,India,Influenza,842
2025-10-12,Odisha,India,Influenza,801
2025-10-19,Odisha,India,Influenza,587
2025-10-26,Odisha,India,Influenza,665
2025-11-02,Odisha,India,Influenza,596
2025-11-09,Odisha,India,Influenza,531
2025-11-16,Odisha,India,Influenza,443
2025-11-23,Odisha,India,Influenza,347
2025-11-30,Odisha,India,Influenza,391
2025-12-07,Odisha,India,Influenza,329
2025-12-14,Odisha,India,Influenza,328
2025-12-21,Odisha,India,Influenza,316
2025-12-28,Odisha,India,Influenza,248
2026-01-04,Odisha,India,Influenza,264
2026-01-11,Odisha,India,Influenza,277
2026-01-18,Odisha,India,Influenza,205
2026-01-25,Odisha,India,Influenza,206
2026-02-01,Odisha,India,Influenza,199
2026-02-08,Odisha,India,Influenza,244
2026-02-15,Odisha,India,Influenza,237
2026-02-22,Odisha,India,Influenza,198
2026-03-01,Odisha,India,Influenza,265
2026-03-08,Odisha,India,Influenza,267
2026-03-15,Odisha,India,Influenza,341
2026-03-22,Odisha,India,Influenza,413
2026-03-29,Odisha,India,Influenza,378
2026-04-05,Odisha,India,Influenza,360
2026-04-12,Odisha,India,Influenza,507
2026-04-19,Odisha,India,Influenza,536
2026-04-26,Odisha,India,Influenza,597
2026-05-03,Odisha,India,Influenza,622
2026-05-10,Odisha,India,Influenza,761
2026-05-17,Odisha,India,Influenza,905
2026-05-24,Odisha,India,Influenza,1171
2026-05-31,Odisha,India,Influenza,1250
2026-06-07,Odisha,India,Influenza,1624
2026-06-14,Odisha,India,Influenza,1523
2026-06-21,Odisha,India,Influenza,1577
2026-06-28,Odisha,India,Influenza,1496
2026-07-05,Odisha,India,Influenza,1384
2026-07-12,Odisha,India,Influenza,1546
2026-07-19,Odisha,India,Influenza,1542
2026-07-26,Odisha,India,Influenza,1068
2026-08-02,Odisha,India,Influenza,1462
2026-08-09,Odisha,India,Influenza,2097
2026-08-16,Odisha,India,Influenza,1729
2026-08-23,Odisha,India,Influenza,1480
2026-08-30,Odisha,India,Influenza,1571
2026-09-06,Odisha,India,Influenza,978
2026-09-13,Odisha,India,Influenza,1329
2026-09-20,Odisha,India,Influenza,1384
2026-09-27,Odisha,India,Influenza,1026
2026-10-04,Odisha,India,Influenza,682
2024-10-13,Odisha,India,COVID-19,558
2024-10-20,Odisha,India,COVID-19,709
2024-10-27,Odisha,India,COVID-19,618
2024-11-03,Odisha,India,COVID-19,469
2024-11-10,Odisha,India,COVID-19,808
2024-11-17,Odisha,India,COVID-19,486
2024-11-24,Odisha,India,COVID-19,579
2024-12-01,Odisha,India,COVID-19,512
2024-12-08,Odisha,India,COVID-19,519
2024-12-15,Odisha,India,COVID-19,584
2024-12-22,Odisha,India,COVID-19,707
2024-12-29,Odisha,India,COVID-19,803
2025-01-05,Odisha,India,COVID-19,670
2025-01-12,Odisha,India,COVID-19,649
2025-01-19,Odisha,India,COVID-19,896
2025-01-26,Odisha,India,COVID-19,997
2025-02-02,Odisha,India,COVID-19,1076
2025-02-09,Odisha,India,COVID-19,1222
2025-02-16,Odisha,India,COVID-19,1305
2025-02-23,Odisha,India,COVID-19,1519
2025-03-02,Odisha,India,COVID-19,1630
2025-03-09,Odisha,India,COVID-19,2152
2025-03-16,Odisha,India,COVID-19,2698
2025-03-23,Odisha,India,COVID-19,2226
2025-03-30,Odisha,India,COVID-19,2279
2025-04-06,Odisha,India,COVID-19,2443
2025-04-13,Odisha,India,COVID-19,2143
2025-04-20,Odisha,India,COVID-19,2623
2025-04-27,Odisha,India,COVID-19,2432
2025-05-04,Odisha,India,COVID-19,2031
2025-05-11,Odisha,India,COVID-19,2296
2025-05-18,Odisha,India,COVID-19,1860
2025-05-25,Odisha,India,COVID-19,1432
2025-06-01,Odisha,India,COVID-19,1576
2025-06-08,Odisha,India,COVID-19,1375
2025-06-15,Odisha,India,COVID-19,1343
2025-06-22,Odisha,India,COVID-19,1169
2025-06-29,Odisha,India,COVID-19,912
2025-07-06,Odisha,India,COVID-19,778
2025-07-13,Odisha,India,COVID-19,768
2025-07-20,Odisha,India,COVID-19,756
2025-07-27,Odisha,India,COVID-19,731
2025-08-03,Odisha,India,COVID-19,689
2025-08-10,Odisha,India,COVID-19,639
2025-08-17,Odisha,India,COVID-19,744
2025-08-24,Odisha,India,COVID-19,589
2025-08-31,Odisha,India,COVID-19,925
2025-09-07,Odisha,India,COVID-19,784
2025-09-14,Odisha,India,COVID-19,619
2025-09-21,Odisha,India,COVID-19,824
2025-09-28,Odisha,India,COVID-19,976
2025-10-05,Odisha,India,COVID-19,916
2025-10-12,Odisha,India,COVID-19,838
2025-10-19,Odisha,India,COVID-19,1025
2025-10-26,Odisha,India,COVID-19,1481
2025-11-02,Odisha,India,COVID-19,1138
2025-11-09,Odisha,India,COVID-19,1358
2025-11-16,Odisha,India,COVID-19,2094
2025-11-23,Odisha,India,COVID-19,2072
2025-11-30,Odisha,India,COVID-19,2100
2025-12-07,Odisha,India,COVID-19,2344
2025-12-14,Odisha,India,COVID-19,2101
2025-12-21,Odisha,India,COVID-19,3033
2025-12-28,Odisha,India,COVID-19,2566
2026-01-04,Odisha,India,COVID-19,2728
2026-01-11,Odisha,India,COVID-19,3120
2026-01-18,Odisha,India,COVID-19,2804
2026-01-25,Odisha,India,COVID-19,2524
2026-02-01,Odisha,India,COVID-19,1887
2026-02-08,Odisha,India,COVID-19,2664
2026-02-15,Odisha,India,COVID-19,2364
2026-02-22,Odisha,India,COVID-19,1969
2026-03-01,Odisha,India,COVID-19,1629
2026-03-08,Odisha,India,COVID-19,1731
2026-03-15,Odisha,India,COVID-19,1648
2026-03-22,Odisha,India,COVID-19,1383
2026-03-29,Odisha,India,COVID-19,1505
2026-04-05,Odisha,India,COVID-19,1188
2026-04-12,Odisha,India,COVID-19,947
2026-04-19,Odisha,India,COVID-19,968
2026-04-26,Odisha,India,COVID-19,804
2026-05-03,Odisha,India,COVID-19,748
2026-05-10,Odisha,India,COVID-19,839
2026-05-17,Odisha,India,COVID-19,585
2026-05-24,Odisha,India,COVID-19,666
2026-05-31,Odisha,India,COVID-19,788
2026-06-07,Odisha,India,COVID-19,727
2026-06-14,Odisha,India,COVID-19,707
2026-06-21,Odisha,India,COVID-19,624
2026-06-28,Odisha,India,COVID-19,638
2026-07-05,Odisha,India,COVID-19,1495
2026-07-12,Odisha,India,COVID-19,1408
2026-07-19,Odisha,India,COVID-19,1431
2026-07-26,Odisha,India,COVID-19,1876
2026-08-02,Odisha,India,COVID-19,1677
2026-08-09,Odisha,India,COVID-19,1957
2026-08-16,Odisha,India,COVID-19,1783
2026-08-23,Odisha,India,COVID-19,1577
2026-08-30,Odisha,India,COVID-19,1266
2026-09-06,Odisha,India,COVID-19,1253
2026-09-13,Odisha,India,COVID-19,1642
2026-09-20,Odisha,India,COVID-19,1029
2026-09-27,Odisha,India,COVID-19,1103
2026-10-04,Odisha,India,COVID-19,998
2024-10-13,Punjab,India,Dengue,3053
2024-10-20,Punjab,India,Dengue,2977
2024-10-27,Punjab,India,Dengue,2457
2024-11-03,Punjab,India,Dengue,2731
2024-11-10,Punjab,India,Dengue,2573
2024-11-17,Punjab,India,Dengue,2088
2024-11-24,Punjab,India,Dengue,978
2024-12-01,Punjab,India,Dengue,1122
2024-12-08,Punjab,India,Dengue,991
2024-12-15,Punjab,India,Dengue,871
2024-12-22,Punjab,India,Dengue,498
2024-12-29,Punjab,India,Dengue,416
2025-01-05,Punjab,India,Dengue,577
2025-01-12,Punjab,India,Dengue,391
2025-01-19,Punjab,India,Dengue,303
2025-01-26,Punjab,India,Dengue,308
2025-02-02,Punjab,India,Dengue,378
2025-02-09,Punjab,India,Dengue,309
2025-02-16,Punjab,India,Dengue,363
2025-02-23,Punjab,India,Dengue,299
2025-03-02,Punjab,India,Dengue,259
2025-03-09,Punjab,India,Dengue,427
2025-03-16,Punjab,India,Dengue,374
2025-03-23,Punjab,India,Dengue,336
2025-03-30,Punjab,India,Dengue,327
2025-04-06,Punjab,India,Dengue,436
2025-04-13,Punjab,India,Dengue,397
2025-04-20,Punjab,India,Dengue,442
2025-04-27,Punjab,India,Dengue,366
2025-05-04,Punjab,India,Dengue,443
2025-05-11,Punjab,India,Dengue,530
2025-05-18,Punjab,India,Dengue,537
2025-05-25,Punjab,India,Dengue,691
2025-06-01,Punjab,India,Dengue,778
2025-06-08,Punjab,India,Dengue,1104
2025-06-15,Punjab,India,Dengue,1016
2025-06-22,Punjab,India,Dengue,1661
2025-06-29,Punjab,India,Dengue,1909
2025-07-06,Punjab,India,Dengue,2078
2025-07-13,Punjab,India,Dengue,2646
2025-07-20,Punjab,India,Dengue,2665
2025-07-27,Punjab,India,Dengue,2835
2025-08-03,Punjab,India,Dengue,3747
2025-08-10,Punjab,India,Dengue,4074
2025-08-17,Punjab,India,Dengue,3675
2025-08-24,Punjab,India,Dengue,3785
2025-08-31,Punjab,India,Dengue,4151
2025-09-07,Punjab,India,Dengue,3955
2025-09-14,Punjab,India,Dengue,5264
2025-09-21,Punjab,India,Dengue,4384
2025-09-28,Punjab,India,Dengue,4030
2025-10-05,Punjab,India,Dengue,3268
2025-10-12,Punjab,India,Dengue,3920
2025-10-19,Punjab,India,Dengue,2926
2025-10-26,Punjab,India,Dengue,2609
2025-11-02,Punjab,India,Dengue,2848
2025-11-09,Punjab,India,Dengue,2344
2025-11-16,Punjab,India,Dengue,1182
2025-11-23,Punjab,India,Dengue,1555
2025-11-30,Punjab,India,Dengue,1349
2025-12-07,Punjab,India,Dengue,1036
2025-12-14,Punjab,India,Dengue,919
2025-12-21,Punjab,India,Dengue,540
2025-12-28,Punjab,India,Dengue,357
2026-01-04,Punjab,India,Dengue,454
2026-01-11,Punjab,India,Dengue,490
2026-01-18,Punjab,India,Dengue,222
2026-01-25,Punjab,India,Dengue,355
2026-02-01,Punjab,India,Dengue,280
2026-02-08,Punjab,India,Dengue,374
2026-02-15,Punjab,India,Dengue,499
2026-02-22,Punjab,India,Dengue,373
2026-03-01,Punjab,India,Dengue,380
2026-03-08,Punjab,India,Dengue,436
2026-03-15,Punjab,India,Dengue,389
2026-03-22,Punjab,India,Dengue,376
2026-03-29,Punjab,India,Dengue,444
2026-04-05,Punjab,India,Dengue,421
2026-04-12,Punjab,India,Dengue,418
2026-04-19,Punjab,India,Dengue,406
2026-04-26,Punjab,India,Dengue,418
2026-05-03,Punjab,India,Dengue,550
2026-05-10,Punjab,India,Dengue,521
2026-05-17,Punjab,India,Dengue,761
2026-05-24,Punjab,India,Dengue,649
2026-05-31,Punjab,India,Dengue,1137
2026-06-07,Punjab,India,Dengue,1223
2026-06-14,Punjab,India,Dengue,1189
2026-06-21,Punjab,India,Dengue,1806
2026-06-28,Punjab,India,Dengue,1806
2026-07-05,Punjab,India,Dengue,2362
2026-07-12,Punjab,India,Dengue,2519
2026-07-19,Punjab,India,Dengue,3029
2026-07-26,Punjab,India,Dengue,3943
2026-08-02,Punjab,India,Dengue,4093
2026-08-09,Punjab,India,Dengue,3410
2026-08-16,Punjab,India,Dengue,3660
2026-08-23,Punjab,India,Dengue,4736
2026-08-30,Punjab,India,Dengue,4916
2026-09-06,Punjab,India,Dengue,4244
2026-09-13,Punjab,India,Dengue,5810
2026-09-20,Punjab,India,Dengue,5141
2026-09-27,Punjab,India,Dengue,3989
2026-10-04,Punjab,India,Dengue,3707
2024-10-13,Punjab,India,Influenza,898
2024-10-20,Punjab,India,Influenza,771
2024-10-27,Punjab,India,Influenza,836
2024-11-03,Punjab,India,Influenza,698
2024-11-10,Punjab,India,Influenza,529
2024-11-17,Punjab,India,Influenza,504
2024-11-24,Punjab,India,Influenza,452
2024-12-01,Punjab,India,Influenza,363
2024-12-08,Punjab,India,Influenza,349
2024-12-15,Punjab,India,Influenza,336
2024-12-22,Punjab,India,Influenza,316
2024-12-29,Punjab,India,Influenza,254
2025-01-05,Punjab,India,Influenza,255
2025-01-12,Punjab,India,Influenza,270
2025-01-19,Punjab,India,Influenza,252
2025-01-26,Punjab,India,Influenza,219
2025-02-02,Punjab,India,Influenza,310
2025-02-09,Punjab,India,Influenza,297
2025-02-16,Punjab,India,Influenza,226
2025-02-23,Punjab,India,Influenza,277
2025-03-02,Punjab,India,Influenza,287
2025-03-09,Punjab,India,Influenza,317
2025-03-16,Punjab,India,Influenza,276
2025-03-23,Punjab,India,Influenza,287
2025-03-30,Punjab,India,Influenza,434
2025-04-06,Punjab,India,Influenza,352
2025-04-13,Punjab,India,Influenza,508
2025-04-20,Punjab,India,Influenza,578
2025-04-27,Punjab,India,Influenza,691
2025-05-04,Punjab,India,Influenza,843
2025-05-11,Punjab,India,Influenza,1153
2025-05-18,Punjab,India,Influenza,803
2025-05-25,Punjab,India,Influenza,1344
2025-06-01,Punjab,India,Influenza,823
2025-06-08,Punjab,India,Influenza,1753
2025-06-15,Punjab,India,Influenza,1091
2025-06-22,Punjab,India,Influenza,2301
2025-06-29,Punjab,India,Influenza,1679
2025-07-06,Punjab,India,Influenza,2223
2025-07-13,Punjab,India,Influenza,2235
2025-07-20,Punjab,India,Influenza,1830
2025-07-27,Punjab,India,Influenza,1864
2025-08-03,Punjab,India,Influenza,1713
2025-08-10,Punjab,India,Influenza,2149
2025-08-17,Punjab,India,Influenza,1744
2025-08-24,Punjab,India,Influenza,1564
2025-08-31,Punjab,India,Influenza,1821
2025-09-07,Punjab,India,Influenza,1361
2025-09-14,Punjab,India,Influenza,1378
2025-09-21,Punjab,India,Influenza,1341
2025-09-28,Punjab,India,Influenza,1073
2025-10-05,Punjab,India,Influenza,979
2025-10-12,Punjab,India,Influenza,1144
2025-10-19,Punjab,India,Influenza,787
2025-10-26,Punjab,India,Influenza,666
2025-11-02,Punjab,India,Influenza,592
2025-11-09,Punjab,India,Influenza,562
2025-11-16,Punjab,India,Influenza,387
2025-11-23,Punjab,India,Influenza,428
2025-11-30,Punjab,India,Influenza,374
2025-12-07,Punjab,India,Influenza,241
2025-12-14,Punjab,India,Influenza,391
2025-12-21,Punjab,India,Influenza,359
2025-12-28,Punjab,India,Influenza,253
2026-01-04,Punjab,India,Influenza,236
2026-01-11,Punjab,India,Influenza,292
2026-01-18,Punjab,India,Influenza,221
2026-01-25,Punjab,India,Influenza,339
2026-02-01,Punjab,India,Influenza,262
2026-02-08,Punjab,India,Influenza,350
2026-02-15,Punjab,India,Influenza,248
2026-02-22,Punjab,India,Influenza,282
2026-03-01,Punjab,India,Influenza,351
2026-03-08,Punjab,India,Influenza,293
2026-03-15,Punjab,India,Influenza,343
2026-03-22,Punjab,India,Influenza,419
2026-03-29,Punjab,India,Influenza,369
2026-04-05,Punjab,India,Influenza,371
2026-04-12,Punjab,India,Influenza,411
2026-04-19,Punjab,India,Influenza,661
2026-04-26,Punjab,India,Influenza,745
2026-05-03,Punjab,India,Influenza,941
2026-05-10,Punjab,India,Influenza,892
2026-05-17,Punjab,India,Influenza,830
2026-05-24,Punjab,India,Influenza,768
2026-05-31,Punjab,India,Influenza,1888
2026-06-07,Punjab,India,Influenza,1564
2026-06-14,Punjab,India,Influenza,1605
2026-06-21,Punjab,India,Influenza,1755
2026-06-28,Punjab,India,Influenza,1400
2026-07-05,Punjab,India,Influenza,1641
2026-07-12,Punjab,India,Influenza,2425
2026-07-19,Punjab,India,Influenza,2152
2026-07-26,Punjab,India,Influenza,1745
2026-08-02,Punjab,India,Influenza,1598
2026-08-09,Punjab,India,Influenza,1773
2026-08-16,Punjab,India,Influenza,1775
2026-08-23,Punjab,India,Influenza,2331
2026-08-30,Punjab,India,Influenza,1637
2026-09-06,Punjab,India,Influenza,1292
2026-09-13,Punjab,India,Influenza,1437
2026-09-20,Punjab,India,Influenza,1372
2026-09-27,Punjab,India,Influenza,959
2026-10-04,Punjab,India,Influenza,1120
2024-10-13,Punjab,India,COVID-19,798
2024-10-20,Punjab,India,COVID-19,690
2024-10-27,Punjab,India,COVID-19,596
2024-11-03,Punjab,India,COVID-19,623
2024-11-10,Punjab,India,COVID-19,509
2024-11-17,Punjab,India,COVID-19,666
2024-11-24,Punjab,India,COVID-19,715
2024-12-01,Punjab,India,COVID-19,596
2024-12-08,Punjab,India,COVID-19,901
2024-12-15,Punjab,India,COVID-19,797
2024-12-22,Punjab,India,COVID-19,536
2024-12-29,Punjab,India,COVID-19,561
2025-01-05,Punjab,India,COVID-19,690
2025-01-12,Punjab,India,COVID-19,1075
2025-01-19,Punjab,India,COVID-19,1077
2025-01-26,Punjab,India,COVID-19,1310
2025-02-02,Punjab,India,COVID-19,1183
2025-02-09,Punjab,India,COVID-19,1292
2025-02-16,Punjab,India,COVID-19,1227
2025-02-23,Punjab,India,COVID-19,1791
2025-03-02,Punjab,India,COVID-19,1849
2025-03-09,Punjab,India,COVID-19,2034
2025-03-16,Punjab,India,COVID-19,2857
2025-03-23,Punjab,India,COVID-19,2418
2025-03-30,Punjab,India,COVID-19,3111
2025-04-06,Punjab,India,COVID-19,2038
2025-04-13,Punjab,India,COVID-19,3793
2025-04-20,Punjab,India,COVID-19,2525
2025-04-27,Punjab,India,COVID-19,2868
2025-05-04,Punjab,India,COVID-19,2785
2025-05-11,Punjab,India,COVID-19,2127
2025-05-18,Punjab,India,COVID-19,2367
2025-05-25,Punjab,India,COVID-19,2154
2025-06-01,Punjab,India,COVID-19,1520
2025-06-08,Punjab,India,COVID-19,1350
2025-06-15,Punjab,India,COVID-19,1343
2025-06-22,Punjab,India,COVID-19,1161
2025-06-29,Punjab,India,COVID-19,1275
2025-07-06,Punjab,India,COVID-19,1052
2025-07-13,Punjab,India,COVID-19,864
2025-07-20,Punjab,India,COVID-19,889
2025-07-27,Punjab,India,COVID-19,537
2025-08-03,Punjab,India,COVID-19,680
2025-08-10,Punjab,India,COVID-19,768
2025-08-17,Punjab,India,COVID-19,859
2025-08-24,Punjab,India,COVID-19,768
2025-08-31,Punjab,India,COVID-19,934
2025-09-07,Punjab,India,COVID-19,904
2025-09-14,Punjab,India,COVID-19,785
2025-09-21,Punjab,India,COVID-19,892
2025-09-28,Punjab,India,COVID-19,1055
2025-10-05,Punjab,India,COVID-19,1025
2025-10-12,Punjab,India,COVID-19,1509
2025-10-19,Punjab,India,COVID-19,1151
2025-10-26,Punjab,India,COVID-19,1631
2025-11-02,Punjab,India,COVID-19,1950
2025-11-09,Punjab,India,COVID-19,1880
2025-11-16,Punjab,India,COVID-19,2025
2025-11-23,Punjab,India,COVID-19,2409
2025-11-30,Punjab,India,COVID-19,2990
2025-12-07,Punjab,India,COVID-19,2662
2025-12-14,Punjab,India,COVID-19,2573
2025-12-21,Punjab,India,COVID-19,3769
2025-12-28,Punjab,India,COVID-19,3517
2026-01-04,Punjab,India,COVID-19,3882
2026-01-11,Punjab,India,COVID-19,3755
2026-01-18,Punjab,India,COVID-19,4400
2026-01-25,Punjab,India,COVID-19,3746
2026-02-01,Punjab,India,COVID-19,2725
2026-02-08,Punjab,India,COVID-19,3072
2026-02-15,Punjab,India,COVID-19,2434
2026-02-22,Punjab,India,COVID-19,2262
2026-03-01,Punjab,India,COVID-19,1729
2026-03-08,Punjab,India,COVID-19,1880
2026-03-15,Punjab,India,COVID-19,1891
2026-03-22,Punjab,India,COVID-19,1534
2026-03-29,Punjab,India,COVID-19,1147
2026-04-05,Punjab,India,COVID-19,943
2026-04-12,Punjab,India,COVID-19,1441
2026-04-19,Punjab,India,COVID-19,1039
2026-04-26,Punjab,India,COVID-19,796
2026-05-03,Punjab,India,COVID-19,903
2026-05-10,Punjab,India,COVID-19,1061
2026-05-17,Punjab,India,COVID-19,840
2026-05-24,Punjab,India,COVID-19,439
2026-05-31,Punjab,India,COVID-19,1063
2026-06-07,Punjab,India,COVID-19,571
2026-06-14,Punjab,India,COVID-19,825
2026-06-21,Punjab,India,COVID-19,791
2026-06-28,Punjab,India,COVID-19,978
2026-07-05,Punjab,India,COVID-19,1351
2026-07-12,Punjab,India,COVID-19,1055
2026-07-19,Punjab,India,COVID-19,1759
2026-07-26,Punjab,India,COVID-19,2375
2026-08-02,Punjab,India,COVID-19,1942
2026-08-09,Punjab,India,COVID-19,1853
2026-08-16,Punjab,India,COVID-19,2310
2026-08-23,Punjab,India,COVID-19,2160
2026-08-30,Punjab,India,COVID-19,1916
2026-09-06,Punjab,India,COVID-19,1539
2026-09-13,Punjab,India,COVID-19,1745
2026-09-20,Punjab,India,COVID-19,1496
2026-09-27,Punjab,India,COVID-19,975
2026-10-04,Punjab,India,COVID-19,854
2024-10-13,Haryana,India,Dengue,2594
2024-10-20,Haryana,India,Dengue,2845
2024-10-27,Haryana,India,Dengue,3035
2024-11-03,Haryana,India,Dengue,2176
2024-11-10,Haryana,India,Dengue,1559
2024-11-17,Haryana,India,Dengue,1724
2024-11-24,Haryana,India,Dengue,1334
2024-12-01,Haryana,India,Dengue,1114
2024-12-08,Haryana,India,Dengue,1007
2024-12-15,Haryana,India,Dengue,853
2024-12-22,Haryana,India,Dengue,642
2024-12-29,Haryana,India,Dengue,530
2025-01-05,Haryana,India,Dengue,600
2025-01-12,Haryana,India,Dengue,478
2025-01-19,Haryana,India,Dengue,417
2025-01-26,Haryana,India,Dengue,357
2025-02-02,Haryana,India,Dengue,288
2025-02-09,Haryana,India,Dengue,391
2025-02-16,Haryana,India,Dengue,340
2025-02-23,Haryana,India,Dengue,304
2025-03-02,Haryana,India,Dengue,321
2025-03-09,Haryana,India,Dengue,286
2025-03-16,Haryana,India,Dengue,388
2025-03-23,Haryana,India,Dengue,370
2025-03-30,Haryana,India,Dengue,346
2025-04-06,Haryana,India,Dengue,337
2025-04-13,Haryana,India,Dengue,310
2025-04-20,Haryana,India,Dengue,244
2025-04-27,Haryana,India,Dengue,300
2025-05-04,Haryana,India,Dengue,371
2025-05-11,Haryana,India,Dengue,411
2025-05-18,Haryana,India,Dengue,580
2025-05-25,Haryana,India,Dengue,747
2025-06-01,Haryana,India,Dengue,794
2025-06-08,Haryana,India,Dengue,1197
2025-06-15,Haryana,India,Dengue,1062
2025-06-22,Haryana,India,Dengue,1422
2025-06-29,Haryana,India,Dengue,1718
2025-07-06,Haryana,India,Dengue,2367
2025-07-13,Haryana,India,Dengue,2390
2025-07-20,Haryana,India,Dengue,2729
2025-07-27,Haryana,India,Dengue,2249
2025-08-03,Haryana,India,Dengue,2845
2025-08-10,Haryana,India,Dengue,4138
2025-08-17,Haryana,India,Dengue,2600
2025-08-24,Haryana,India,Dengue,4738
2025-08-31,Haryana,India,Dengue,4355
2025-09-07,Haryana,India,Dengue,3634
2025-09-14,Haryana,India,Dengue,3558
2025-09-21,Haryana,India,Dengue,5102
2025-09-28,Haryana,India,Dengue,4625
2025-10-05,Haryana,India,Dengue,3541
2025-10-12,Haryana,India,Dengue,3417
2025-10-19,Haryana,India,Dengue,2762
2025-10-26,Haryana,India,Dengue,2800
2025-11-02,Haryana,India,Dengue,2177
2025-11-09,Haryana,India,Dengue,2078
2025-11-16,Haryana,India,Dengue,2283
2025-11-23,Haryana,India,Dengue,1490
2025-11-30,Haryana,India,Dengue,1059
2025-12-07,Haryana,India,Dengue,824
2025-12-14,Haryana,India,Dengue,868
2025-12-21,Haryana,India,Dengue,623
2025-12-28,Haryana,India,Dengue,611
2026-01-04,Haryana,India,Dengue,382
2026-01-11,Haryana,India,Dengue,492
2026-01-18,Haryana,India,Dengue,343
2026-01-25,Haryana,India,Dengue,388
2026-02-01,Haryana,India,Dengue,354
2026-02-08,Haryana,India,Dengue,463
2026-02-15,Haryana,India,Dengue,376
2026-02-22,Haryana,India,Dengue,473
2026-03-01,Haryana,India,Dengue,398
2026-03-08,Haryana,India,Dengue,446
2026-03-15,Haryana,India,Dengue,357
2026-03-22,Haryana,India,Dengue,388
2026-03-29,Haryana,India,Dengue,438
2026-04-05,Haryana,India,Dengue,424
2026-04-12,Haryana,India,Dengue,410
2026-04-19,Haryana,India,Dengue,374
2026-04-26,Haryana,India,Dengue,408
2026-05-03,Haryana,India,Dengue,537
2026-05-10,Haryana,India,Dengue,626
2026-05-17,Haryana,India,Dengue,556
2026-05-24,Haryana,India,Dengue,649
2026-05-31,Haryana,India,Dengue,768
2026-06-07,Haryana,India,Dengue,1219
2026-06-14,Haryana,India,Dengue,1136
2026-06-21,Haryana,India,Dengue,1788
2026-06-28,Haryana,India,Dengue,2054
2026-07-05,Haryana,India,Dengue,2048
2026-07-12,Haryana,India,Dengue,3185
2026-07-19,Haryana,India,Dengue,2290
2026-07-26,Haryana,India,Dengue,4096
2026-08-02,Haryana,India,Dengue,3776
2026-08-09,Haryana,India,Dengue,2683
2026-08-16,Haryana,India,Dengue,5124
2026-08-23,Haryana,India,Dengue,4950
2026-08-30,Haryana,India,Dengue,4152
2026-09-06,Haryana,India,Dengue,3833
2026-09-13,Haryana,India,Dengue,3404
2026-09-20,Haryana,India,Dengue,5925
2026-09-27,Haryana,India,Dengue,3599
2026-10-04,Haryana,India,Dengue,3198
2024-10-13,Haryana,India,Influenza,918
2024-10-20,Haryana,India,Influenza,581
2024-10-27,Haryana,India,Influenza,570
2024-11-03,Haryana,India,Influenza,663
2024-11-10,Haryana,India,Influenza,534
2024-11-17,Haryana,India,Influenza,409
2024-11-24,Haryana,India,Influenza,383
2024-12-01,Haryana,India,Influenza,319
2024-12-08,Haryana,India,Influenza,310
2024-12-15,Haryana,India,Influenza,259
2024-12-22,Haryana,India,Influenza,255
2024-12-29,Haryana,India,Influenza,248
2025-01-05,Haryana,India,Influenza,240
2025-01-12,Haryana,India,Influenza,309
2025-01-19,Haryana,India,Influenza,298
2025-01-26,Haryana,India,Influenza,230
2025-02-02,Haryana,India,Influenza,219
2025-02-09,Haryana,India,Influenza,261
2025-02-16,Haryana,India,Influenza,356
2025-02-23,Haryana,India,Influenza,230
2025-03-02,Haryana,India,Influenza,273
2025-03-09,Haryana,India,Influenza,296
2025-03-16,Haryana,India,Influenza,308
2025-03-23,Haryana,India,Influenza,318
2025-03-30,Haryana,India,Influenza,448
2025-04-06,Haryana,India,Influenza,464
2025-04-13,Haryana,India,Influenza,562
2025-04-20,Haryana,India,Influenza,628
2025-04-27,Haryana,India,Influenza,758
2025-05-04,Haryana,India,Influenza,954
2025-05-11,Haryana,India,Influenza,1059
2025-05-18,Haryana,India,Influenza,1352
2025-05-25,Haryana,India,Influenza,1333
2025-06-01,Haryana,India,Influenza,1127
2025-06-08,Haryana,India,Influenza,1551
2025-06-15,Haryana,India,Influenza,1652
2025-06-22,Haryana,India,Influenza,2060
2025-06-29,Haryana,India,Influenza,1447
2025-07-06,Haryana,India,Influenza,1916
2025-07-13,Haryana,India,Influenza,1638
2025-07-20,Haryana,India,Influenza,2002
2025-07-27,Haryana,India,Influenza,1810
2025-08-03,Haryana,India,Influenza,1992
2025-08-10,Haryana,India,Influenza,1438
2025-08-17,Haryana,India,Influenza,1978
2025-08-24,Haryana,India,Influenza,1744
2025-08-31,Haryana,India,Influenza,1636
2025-09-07,Haryana,India,Influenza,1929
2025-09-14,Haryana,India,Influenza,1297
2025-09-21,Haryana,India,Influenza,1317
2025-09-28,Haryana,India,Influenza,1144
2025-10-05,Haryana,India,Influenza,1032
2025-10-12,Haryana,India,Influenza,1177
2025-10-19,Haryana,India,Influenza,778
2025-10-26,Haryana,India,Influenza,611
2025-11-02,Haryana,India,Influenza,739
2025-11-09,Haryana,India,Influenza,476
2025-11-16,Haryana,India,Influenza,330
2025-11-23,Haryana,India,Influenza,340
2025-11-30,Haryana,India,Influenza,278
2025-12-07,Haryana,India,Influenza,228
2025-12-14,Haryana,India,Influenza,277
2025-12-21,Haryana,India,Influenza,277
2025-12-28,Haryana,India,Influenza,321
2026-01-04,Haryana,India,Influenza,294
2026-01-11,Haryana,India,Influenza,291
2026-01-18,Haryana,India,Influenza,231
2026-01-25,Haryana,India,Influenza,303
2026-02-01,Haryana,India,Influenza,323
2026-02-08,Haryana,India,Influenza,283
2026-02-15,Haryana,India,Influenza,286
2026-02-22,Haryana,India,Influenza,221
2026-03-01,Haryana,India,Influenza,324
2026-03-08,Haryana,India,Influenza,371
2026-03-15,Haryana,India,Influenza,328
2026-03-22,Haryana,India,Influenza,311
2026-03-29,Haryana,India,Influenza,373
2026-04-05,Haryana,India,Influenza,407
2026-04-12,Haryana,India,Influenza,472
2026-04-19,Haryana,India,Influenza,633
2026-04-26,Haryana,India,Influenza,696
2026-05-03,Haryana,India,Influenza,886
2026-05-10,Haryana,India,Influenza,932
2026-05-17,Haryana,India,Influenza,873
2026-05-24,Haryana,India,Influenza,1042
2026-05-31,Haryana,India,Influenza,1147
2026-06-07,Haryana,India,Influenza,1337
2026-06-14,Haryana,India,Influenza,1894
2026-06-21,Haryana,India,Influenza,2068
2026-06-28,Haryana,India,Influenza,1904
2026-07-05,Haryana,India,Influenza,1799
2026-07-12,Haryana,India,Influenza,1452
2026-07-19,Haryana,India,Influenza,1920
2026-07-26,Haryana,India,Influenza,1649
2026-08-02,Haryana,India,Influenza,2313
2026-08-09,Haryana,India,Influenza,1385
2026-08-16,Haryana,India,Influenza,1870
2026-08-23,Haryana,India,Influenza,1470
2026-08-30,Haryana,India,Influenza,1597
2026-09-06,Haryana,India,Influenza,1642
2026-09-13,Haryana,India,Influenza,1587
2026-09-20,Haryana,India,Influenza,1241
2026-09-27,Haryana,India,Influenza,1256
2026-10-04,Haryana,India,Influenza,903
2024-10-13,Haryana,India,COVID-19,665
2024-10-20,Haryana,India,COVID-19,738
2024-10-27,Haryana,India,COVID-19,674
2024-11-03,Haryana,India,COVID-19,592
2024-11-10,Haryana,India,COVID-19,617
2024-11-17,Haryana,India,COVID-19,744
2024-11-24,Haryana,India,COVID-19,542
2024-12-01,Haryana,India,COVID-19,561
2024-12-08,Haryana,India,COVID-19,722
2024-12-15,Haryana,India,COVID-19,632
2024-12-22,Haryana,India,COVID-19,544
2024-12-29,Haryana,India,COVID-19,873
2025-01-05,Haryana,India,COVID-19,641
2025-01-12,Haryana,India,COVID-19,801
2025-01-19,Haryana,India,COVID-19,818
2025-01-26,Haryana,India,COVID-19,955
2025-02-02,Haryana,India,COVID-19,972
2025-02-09,Haryana,India,COVID-19,1402
2025-02-16,Haryana,India,COVID-19,1456
2025-02-23,Haryana,India,COVID-19,1854
2025-03-02,Haryana,India,COVID-19,1643
2025-03-09,Haryana,India,COVID-19,2641
2025-03-16,Haryana,India,COVID-19,1558
2025-03-23,Haryana,India,COVID-19,1783
2025-03-30,Haryana,India,COVID-19,3108
2025-04-06,Haryana,India,COVID-19,2719
2025-04-13,Haryana,India,COVID-19,2697
2025-04-20,Haryana,India,COVID-19,2703
2025-04-27,Haryana,India,COVID-19,2672
2025-05-04,Haryana,India,COVID-19,2444
2025-05-11,Haryana,India,COVID-19,1866
2025-05-18,Haryana,India,COVID-19,2246
2025-05-25,Haryana,India,COVID-19,1987
2025-06-01,Haryana,India,COVID-19,1962
2025-06-08,Haryana,India,COVID-19,1811
2025-06-15,Haryana,India,COVID-19,1329
2025-06-22,Haryana,India,COVID-19,915
2025-06-29,Haryana,India,COVID-19,1267
2025-07-06,Haryana,India,COVID-19,766
2025-07-13,Haryana,India,COVID-19,871
2025-07-20,Haryana,India,COVID-19,744
2025-07-27,Haryana,India,COVID-19,688
2025-08-03,Haryana,India,COVID-19,793
2025-08-10,Haryana,India,COVID-19,725
2025-08-17,Haryana,India,COVID-19,752
2025-08-24,Haryana,India,COVID-19,621
2025-08-31,Haryana,India,COVID-19,708
2025-09-07,Haryana,India,COVID-19,671
2025-09-14,Haryana,India,COVID-19,780
2025-09-21,Haryana,India,COVID-19,850
2025-09-28,Haryana,India,COVID-19,1205
2025-10-05,Haryana,India,COVID-19,1003
2025-10-12,Haryana,India,COVID-19,794
2025-10-19,Haryana,India,COVID-19,1584
2025-10-26,Haryana,India,COVID-19,1577
2025-11-02,Haryana,India,COVID-19,1634
2025-11-09,Haryana,India,COVID-19,1750
2025-11-16,Haryana,India,COVID-19,1794
2025-11-23,Haryana,India,COVID-19,2985
2025-11-30,Haryana,India,COVID-19,2549
2025-12-07,Haryana,India,COVID-19,2019
2025-12-14,Haryana,India,COVID-19,3051
2025-12-21,Haryana,India,COVID-19,3602
2025-12-28,Haryana,India,COVID-19,3224
2026-01-04,Haryana,India,COVID-19,2768
2026-01-11,Haryana,India,COVID-19,2724
2026-01-18,Haryana,India,COVID-19,2714
2026-01-25,Haryana,India,COVID-19,3741
2026-02-01,Haryana,India,COVID-19,2871
2026-02-08,Haryana,India,COVID-19,2038
2026-02-15,Haryana,India,COVID-19,2666
2026-02-22,Haryana,India,COVID-19,2352
2026-03-01,Haryana,India,COVID-19,1942
2026-03-08,Haryana,India,COVID-19,1579
2026-03-15,Haryana,India,COVID-19,1394
2026-03-22,Haryana,India,COVID-19,1710
2026-03-29,Haryana,India,COVID-19,1352
2026-04-05,Haryana,India,COVID-19,1243
2026-04-12,Haryana,India,COVID-19,1077
2026-04-19,Haryana,India,COVID-19,986
2026-04-26,Haryana,India,COVID-19,801
2026-05-03,Haryana,India,COVID-19,777
2026-05-10,Haryana,India,COVID-19,890
2026-05-17,Haryana,India,COVID-19,884
2026-05-24,Haryana,India,COVID-19,585
2026-05-31,Haryana,India,COVID-19,699
2026-06-07,Haryana,India,COVID-19,844
2026-06-14,Haryana,India,COVID-19,1036
2026-06-21,Haryana,India,COVID-19,1146
2026-06-28,Haryana,India,COVID-19,920
2026-07-05,Haryana,India,COVID-19,1465
2026-07-12,Haryana,India,COVID-19,1465
2026-07-19,Haryana,India,COVID-19,1958
2026-07-26,Haryana,India,COVID-19,2150
2026-08-02,Haryana,India,COVID-19,1710
2026-08-09,Haryana,India,COVID-19,2405
2026-08-16,Haryana,India,COVID-19,2577
2026-08-23,Haryana,India,COVID-19,2153
2026-08-30,Haryana,India,COVID-19,1923
2026-09-06,Haryana,India,COVID-19,1358
2026-09-13,Haryana,India,COVID-19,1694
2026-09-20,Haryana,India,COVID-19,1344
2026-09-27,Haryana,India,COVID-19,949
2026-10-04,Haryana,India,COVID-19,896
2024-10-13,Delhi,India,Dengue,2001
2024-10-20,Delhi,India,Dengue,1995
2024-10-27,Delhi,India,Dengue,1321
2024-11-03,Delhi,India,Dengue,1901
2024-11-10,Delhi,India,Dengue,1375
2024-11-17,Delhi,India,Dengue,979
2024-11-24,Delhi,India,Dengue,623
2024-12-01,Delhi,India,Dengue,947
2024-12-08,Delhi,India,Dengue,733
2024-12-15,Delhi,India,Dengue,574
2024-12-22,Delhi,India,Dengue,519
2024-12-29,Delhi,India,Dengue,435
2025-01-05,Delhi,India,Dengue,339
2025-01-12,Delhi,India,Dengue,281
2025-01-19,Delhi,India,Dengue,250
2025-01-26,Delhi,India,Dengue,268
2025-02-02,Delhi,India,Dengue,295
2025-02-09,Delhi,India,Dengue,237
2025-02-16,Delhi,India,Dengue,293
2025-02-23,Delhi,India,Dengue,253
2025-03-02,Delhi,India,Dengue,254
2025-03-09,Delhi,India,Dengue,327
2025-03-16,Delhi,India,Dengue,301
2025-03-23,Delhi,India,Dengue,302
2025-03-30,Delhi,India,Dengue,213
2025-04-06,Delhi,India,Dengue,325
2025-04-13,Delhi,India,Dengue,246
2025-04-20,Delhi,India,Dengue,249
2025-04-27,Delhi,India,Dengue,185
2025-05-04,Delhi,India,Dengue,315
2025-05-11,Delhi,India,Dengue,286
2025-05-18,Delhi,India,Dengue,424
2025-05-25,Delhi,India,Dengue,396
2025-06-01,Delhi,India,Dengue,740
2025-06-08,Delhi,India,Dengue,770
2025-06-15,Delhi,India,Dengue,1162
2025-06-22,Delhi,India,Dengue,885
2025-06-29,Delhi,India,Dengue,1536
2025-07-06,Delhi,India,Dengue,1069
2025-07-13,Delhi,India,Dengue,1747
2025-07-20,Delhi,India,Dengue,1744
2025-07-27,Delhi,India,Dengue,2009
2025-08-03,Delhi,India,Dengue,2184
2025-08-10,Delhi,India,Dengue,2207
2025-08-17,Delhi,India,Dengue,2204
2025-08-24,Delhi,India,Dengue,2651
2025-08-31,Delhi,India,Dengue,2967
2025-09-07,Delhi,India,Dengue,3461
2025-09-14,Delhi,India,Dengue,3057
2025-09-21,Delhi,India,Dengue,3361
2025-09-28,Delhi,India,Dengue,2139
2025-10-05,Delhi,India,Dengue,2427
2025-10-12,Delhi,India,Dengue,2668
2025-10-19,Delhi,India,Dengue,2315
2025-10-26,Delhi,India,Dengue,1721
2025-11-02,Delhi,India,Dengue,1988
2025-11-09,Delhi,India,Dengue,1393
2025-11-16,Delhi,India,Dengue,1142
2025-11-23,Delhi,India,Dengue,1168
2025-11-30,Delhi,India,Dengue,906
2025-12-07,Delhi,India,Dengue,688
2025-12-14,Delhi,India,Dengue,562
2025-12-21,Delhi,India,Dengue,425
2025-12-28,Delhi,India,Dengue,399
2026-01-04,Delhi,India,Dengue,423
2026-01-11,Delhi,India,Dengue,333
2026-01-18,Delhi,India,Dengue,336
2026-01-25,Delhi,India,Dengue,299
2026-02-01,Delhi,India,Dengue,244
2026-02-08,Delhi,India,Dengue,199
2026-02-15,Delhi,India,Dengue,227
2026-02-22,Delhi,India,Dengue,237
2026-03-01,Delhi,India,Dengue,234
2026-03-08,Delhi,India,Dengue,303
2026-03-15,Delhi,India,Dengue,304
2026-03-22,Delhi,India,Dengue,354
2026-03-29,Delhi,India,Dengue,236
2026-04-05,Delhi,India,Dengue,333
2026-04-12,Delhi,India,Dengue,339
2026-04-19,Delhi,India,Dengue,273
2026-04-26,Delhi,India,Dengue,322
2026-05-03,Delhi,India,Dengue,392
2026-05-10,Delhi,India,Dengue,372
2026-05-17,Delhi,India,Dengue,430
2026-05-24,Delhi,India,Dengue,477
2026-05-31,Delhi,India,Dengue,413
2026-06-07,Delhi,India,Dengue,789
2026-06-14,Delhi,India,Dengue,849
2026-06-21,Delhi,India,Dengue,962
2026-06-28,Delhi,India,Dengue,1454
2026-07-05,Delhi,India,Dengue,1257
2026-07-12,Delhi,India,Dengue,2082
2026-07-19,Delhi,India,Dengue,2265
2026-07-26,Delhi,India,Dengue,2219
2026-08-02,Delhi,India,Dengue,2570
2026-08-09,Delhi,India,Dengue,2303
2026-08-16,Delhi,India,Dengue,3313
2026-08-23,Delhi,India,Dengue,3198
2026-08-30,Delhi,India,Dengue,3320
2026-09-06,Delhi,India,Dengue,3470
2026-09-13,Delhi,India,Dengue,2896
2026-09-20,Delhi,India,Dengue,2418
2026-09-27,Delhi,India,Dengue,3440
2026-10-04,Delhi,India,Dengue,3135
2024-10-13,Delhi,India,Influenza,585
2024-10-20,Delhi,India,Influenza,589
2024-10-27,Delhi,India,Influenza,572
2024-11-03,Delhi,India,Influenza,487
2024-11-10,Delhi,India,Influenza,329
2024-11-17,Delhi,India,Influenza,243
2024-11-24,Delhi,India,Influenza,221
2024-12-01,Delhi,India,Influenza,235
2024-12-08,Delhi,India,Influenza,275
2024-12-15,Delhi,India,Influenza,188
2024-12-22,Delhi,India,Influenza,183
2024-12-29,Delhi,India,Influenza,178
2025-01-05,Delhi,India,Influenza,178
2025-01-12,Delhi,India,Influenza,192
2025-01-19,Delhi,India,Influenza,155
2025-01-26,Delhi,India,Influenza,224
2025-02-02,Delhi,India,Influenza,188
2025-02-09,Delhi,India,Influenza,264
2025-02-16,Delhi,India,Influenza,160
2025-02-23,Delhi,India,Influenza,243
2025-03-02,Delhi,India,Influenza,243
2025-03-09,Delhi,India,Influenza,198
2025-03-16,Delhi,India,Influenza,212
2025-03-23,Delhi,India,Influenza,212
2025-03-30,Delhi,India,Influenza,238
2025-04-06,Delhi,India,Influenza,313
2025-04-13,Delhi,India,Influenza,360
2025-04-20,Delhi,India,Influenza,316
2025-04-27,Delhi,India,Influenza,646
2025-05-04,Delhi,India,Influenza,533
2025-05-11,Delhi,India,Influenza,642
2025-05-18,Delhi,India,Influenza,654
2025-05-25,Delhi,India,Influenza,779
2025-06-01,Delhi,India,Influenza,854
2025-06-08,Delhi,India,Influenza,990
2025-06-15,Delhi,India,Influenza,1072
2025-06-22,Delhi,India,Influenza,1290
2025-06-29,Delhi,India,Influenza,1260
2025-07-06,Delhi,India,Influenza,1407
2025-07-13,Delhi,India,Influenza,1311
2025-07-20,Delhi,India,Influenza,1385
2025-07-27,Delhi,India,Influenza,1298
2025-08-03,Delhi,India,Influenza,1540
2025-08-10,Delhi,India,Influenza,1377
2025-08-17,Delhi,India,Influenza,1243
2025-08-24,Delhi,India,Influenza,1184
2025-08-31,Delhi,India,Influenza,1133
2025-09-07,Delhi,India,Influenza,1080
2025-09-14,Delhi,India,Influenza,982
2025-09-21,Delhi,India,Influenza,826
2025-09-28,Delhi,India,Influenza,905
2025-10-05,Delhi,India,Influenza,812
2025-10-12,Delhi,India,Influenza,806
2025-10-19,Delhi,India,Influenza,504
2025-10-26,Delhi,India,Influenza,529
2025-11-02,Delhi,India,Influenza,297
2025-11-09,Delhi,India,Influenza,404
2025-11-16,Delhi,India,Influenza,244
2025-11-23,Delhi,India,Influenza,234
2025-11-30,Delhi,India,Influenza,258
2025-12-07,Delhi,India,Influenza,204
2025-12-14,Delhi,India,Influenza,187
2025-12-21,Delhi,India,Influenza,187
2025-12-28,Delhi,India,Influenza,218
2026-01-04,Delhi,India,Influenza,167
2026-01-11,Delhi,India,Influenza,191
2026-01-18,Delhi,India,Influenza,181
2026-01-25,Delhi,India,Influenza,216
2026-02-01,Delhi,India,Influenza,217
2026-02-08,Delhi,India,Influenza,140
2026-02-15,Delhi,India,Influenza,224
2026-02-22,Delhi,India,Influenza,178
2026-03-01,Delhi,India,Influenza,209
2026-03-08,Delhi,India,Influenza,181
2026-03-15,Delhi,India,Influenza,238
2026-03-22,Delhi,India,Influenza,340
2026-03-29,Delhi,India,Influenza,280
2026-04-05,Delhi,India,Influenza,291
2026-04-12,Delhi,India,Influenza,347
2026-04-19,Delhi,India,Influenza,324
2026-04-26,Delhi,India,Influenza,585
2026-05-03,Delhi,India,Influenza,581
2026-05-10,Delhi,India,Influenza,536
2026-05-17,Delhi,India,Influenza,612
2026-05-24,Delhi,India,Influenza,813
2026-05-31,Delhi,India,Influenza,1028
2026-06-07,Delhi,India,Influenza,820
2026-06-14,Delhi,India,Influenza,1254
2026-06-21,Delhi,India,Influenza,1136
2026-06-28,Delhi,India,Influenza,1048
2026-07-05,Delhi,India,Influenza,1184
2026-07-12,Delhi,India,Influenza,1658
2026-07-19,Delhi,India,Influenza,1060
2026-07-26,Delhi,India,Influenza,1199
2026-08-02,Delhi,India,Influenza,1530
2026-08-09,Delhi,India,Influenza,1356
2026-08-16,Delhi,India,Influenza,1122
2026-08-23,Delhi,India,Influenza,1395
2026-08-30,Delhi,India,Influenza,1326
2026-09-06,Delhi,India,Influenza,1128
2026-09-13,Delhi,India,Influenza,900
2026-09-20,Delhi,India,Influenza,840
2026-09-27,Delhi,India,Influenza,846
2026-10-04,Delhi,India,Influenza,580
2024-10-13,Delhi,India,COVID-19,554
2024-10-20,Delhi,India,COVID-19,580
2024-10-27,Delhi,India,COVID-19,446
2024-11-03,Delhi,India,COVID-19,487
2024-11-10,Delhi,India,COVID-19,546
2024-11-17,Delhi,India,COVID-19,601
2024-11-24,Delhi,India,COVID-19,576
2024-12-01,Delhi,India,COVID-19,348
2024-12-08,Delhi,India,COVID-19,455
2024-12-15,Delhi,India,COVID-19,523
2024-12-22,Delhi,India,COVID-19,464
2024-12-29,Delhi,India,COVID-19,662
2025-01-05,Delhi,India,COVID-19,688
2025-01-12,Delhi,India,COVID-19,521
2025-01-19,Delhi,India,COVID-19,633
2025-01-26,Delhi,India,COVID-19,639
2025-02-02,Delhi,India,COVID-19,783
2025-02-09,Delhi,India,COVID-19,881
2025-02-16,Delhi,India,COVID-19,1179
2025-02-23,Delhi,India,COVID-19,1008
2025-03-02,Delhi,India,COVID-19,791
2025-03-09,Delhi,India,COVID-19,1094
2025-03-16,Delhi,India,COVID-19,1329
2025-03-23,Delhi,India,COVID-19,1518
2025-03-30,Delhi,India,COVID-19,1822
2025-04-06,Delhi,India,COVID-19,1532
2025-04-13,Delhi,India,COVID-19,1511
2025-04-20,Delhi,India,COVID-19,1573
2025-04-27,Delhi,India,COVID-19,1475
2025-05-04,Delhi,India,COVID-19,1544
2025-05-11,Delhi,India,COVID-19,1430
2025-05-18,Delhi,India,COVID-19,1589
2025-05-25,Delhi,India,COVID-19,1109
2025-06-01,Delhi,India,COVID-19,1101
2025-06-08,Delhi,India,COVID-19,947
2025-06-15,Delhi,India,COVID-19,1022
2025-06-22,Delhi,India,COVID-19,789
2025-06-29,Delhi,India,COVID-19,834
2025-07-06,Delhi,India,COVID-19,538
2025-07-13,Delhi,India,COVID-19,592
2025-07-20,Delhi,India,COVID-19,509
2025-07-27,Delhi,India,COVID-19,432
2025-08-03,Delhi,India,COVID-19,507
2025-08-10,Delhi,India,COVID-19,634
2025-08-17,Delhi,India,COVID-19,438
2025-08-24,Delhi,India,COVID-19,500
2025-08-31,Delhi,India,COVID-19,421
2025-09-07,Delhi,India,COVID-19,427
2025-09-14,Delhi,India,COVID-19,511
2025-09-21,Delhi,India,COVID-19,581
2025-09-28,Delhi,India,COVID-19,638
2025-10-05,Delhi,India,COVID-19,726
2025-10-12,Delhi,India,COVID-19,631
2025-10-19,Delhi,India,COVID-19,855
2025-10-26,Delhi,India,COVID-19,1144
2025-11-02,Delhi,India,COVID-19,955
2025-11-09,Delhi,India,COVID-19,1277
2025-11-16,Delhi,India,COVID-19,1571
2025-11-23,Delhi,India,COVID-19,1470
2025-11-30,Delhi,India,COVID-19,1914
2025-12-07,Delhi,India,COVID-19,1518
2025-12-14,Delhi,India,COVID-19,2373
2025-12-21,Delhi,India,COVID-19,2317
2025-12-28,Delhi,India,COVID-19,2287
2026-01-04,Delhi,India,COVID-19,2693
2026-01-11,Delhi,India,COVID-19,2190
2026-01-18,Delhi,India,COVID-19,2056
2026-01-25,Delhi,India,COVID-19,2644
2026-02-01,Delhi,India,COVID-19,2666
2026-02-08,Delhi,India,COVID-19,1757
2026-02-15,Delhi,India,COVID-19,1784
2026-02-22,Delhi,India,COVID-19,1919
2026-03-01,Delhi,India,COVID-19,1481
2026-03-08,Delhi,India,COVID-19,1462
2026-03-15,Delhi,India,COVID-19,1334
2026-03-22,Delhi,India,COVID-19,969
2026-03-29,Delhi,India,COVID-19,998
2026-04-05,Delhi,India,COVID-19,834
2026-04-12,Delhi,India,COVID-19,611
2026-04-19,Delhi,India,COVID-19,576
2026-04-26,Delhi,India,COVID-19,560
2026-05-03,Delhi,India,COVID-19,658
2026-05-10,Delhi,India,COVID-19,624
2026-05-17,Delhi,India,COVID-19,584
2026-05-24,Delhi,India,COVID-19,550
2026-05-31,Delhi,India,COVID-19,552
2026-06-07,Delhi,India,COVID-19,562
2026-06-14,Delhi,India,COVID-19,617
2026-06-21,Delhi,India,COVID-19,697
2026-06-28,Delhi,India,COVID-19,594
2026-07-05,Delhi,India,COVID-19,780
2026-07-12,Delhi,India,COVID-19,884
2026-07-19,Delhi,India,COVID-19,1421
2026-07-26,Delhi,India,COVID-19,1728
2026-08-02,Delhi,India,COVID-19,1025
2026-08-09,Delhi,India,COVID-19,1975
2026-08-16,Delhi,India,COVID-19,1633
2026-08-23,Delhi,India,COVID-19,1791
2026-08-30,Delhi,India,COVID-19,1547
2026-09-06,Delhi,India,COVID-19,1556
2026-09-13,Delhi,India,COVID-19,1141
2026-09-20,Delhi,India,COVID-19,746
2026-09-27,Delhi,India,COVID-19,780
2026-10-04,Delhi,India,COVID-19,731
2024-10-13,Assam,India,Dengue,1968
2024-10-20,Assam,India,Dengue,1620
2024-10-27,Assam,India,Dengue,1338
2024-11-03,Assam,India,Dengue,1085
2024-11-10,Assam,India,Dengue,1059
2024-11-17,Assam,India,Dengue,991
2024-11-24,Assam,India,Dengue,571
2024-12-01,Assam,India,Dengue,594
2024-12-08,Assam,India,Dengue,389
2024-12-15,Assam,India,Dengue,414
2024-12-22,Assam,India,Dengue,445
2024-12-29,Assam,India,Dengue,259
2025-01-05,Assam,India,Dengue,299
2025-01-12,Assam,India,Dengue,341
2025-01-19,Assam,India,Dengue,267
2025-01-26,Assam,India,Dengue,211
2025-02-02,Assam,India,Dengue,226
2025-02-09,Assam,India,Dengue,157
2025-02-16,Assam,India,Dengue,150
2025-02-23,Assam,India,Dengue,197
2025-03-02,Assam,India,Dengue,209
2025-03-09,Assam,India,Dengue,230
2025-03-16,Assam,India,Dengue,181
2025-03-23,Assam,India,Dengue,204
2025-03-30,Assam,India,Dengue,204
2025-04-06,Assam,India,Dengue,197
2025-04-13,Assam,India,Dengue,202
2025-04-20,Assam,India,Dengue,184
2025-04-27,Assam,India,Dengue,234
2025-05-04,Assam,India,Dengue,254
2025-05-11,Assam,India,Dengue,262
2025-05-18,Assam,India,Dengue,361
2025-05-25,Assam,India,Dengue,454
2025-06-01,Assam,India,Dengue,526
2025-06-08,Assam,India,Dengue,492
2025-06-15,Assam,India,Dengue,721
2025-06-22,Assam,India,Dengue,740
2025-06-29,Assam,India,Dengue,1037
2025-07-06,Assam,India,Dengue,1038
2025-07-13,Assam,India,Dengue,1655
2025-07-20,Assam,India,Dengue,1766
2025-07-27,Assam,India,Dengue,2072
2025-08-03,Assam,India,Dengue,2248
2025-08-10,Assam,India,Dengue,2013
2025-08-17,Assam,India,Dengue,2087
2025-08-24,Assam,India,Dengue,2937
2025-08-31,Assam,India,Dengue,2333
2025-09-07,Assam,India,Dengue,1926
2025-09-14,Assam,India,Dengue,2764
2025-09-21,Assam,India,Dengue,2396
2025-09-28,Assam,India,Dengue,2763
2025-10-05,Assam,India,Dengue,2207
2025-10-12,Assam,India,Dengue,1972
2025-10-19,Assam,India,Dengue,2219
2025-10-26,Assam,India,Dengue,1247
2025-11-02,Assam,India,Dengue,1305
2025-11-09,Assam,India,Dengue,1076
2025-11-16,Assam,India,Dengue,711
2025-11-23,Assam,India,Dengue,1009
2025-11-30,Assam,India,Dengue,680
2025-12-07,Assam,India,Dengue,695
2025-12-14,Assam,India,Dengue,532
2025-12-21,Assam,India,Dengue,453
2025-12-28,Assam,India,Dengue,324
2026-01-04,Assam,India,Dengue,264
2026-01-11,Assam,India,Dengue,267
2026-01-18,Assam,India,Dengue,274
2026-01-25,Assam,India,Dengue,226
2026-02-01,Assam,India,Dengue,197
2026-02-08,Assam,India,Dengue,178
2026-02-15,Assam,India,Dengue,223
2026-02-22,Assam,India,Dengue,198
2026-03-01,Assam,India,Dengue,214
2026-03-08,Assam,India,Dengue,209
2026-03-15,Assam,India,Dengue,203
2026-03-22,Assam,India,Dengue,227
2026-03-29,Assam,India,Dengue,237
2026-04-05,Assam,India,Dengue,285
2026-04-12,Assam,India,Dengue,250
2026-04-19,Assam,India,Dengue,288
2026-04-26,Assam,India,Dengue,217
2026-05-03,Assam,India,Dengue,206
2026-05-10,Assam,India,Dengue,307
2026-05-17,Assam,India,Dengue,406
2026-05-24,Assam,India,Dengue,477
2026-05-31,Assam,India,Dengue,620
2026-06-07,Assam,India,Dengue,397
2026-06-14,Assam,India,Dengue,926
2026-06-21,Assam,India,Dengue,988
2026-06-28,Assam,India,Dengue,862
2026-07-05,Assam,India,Dengue,1460
2026-07-12,Assam,India,Dengue,1562
2026-07-19,Assam,India,Dengue,1831
2026-07-26,Assam,India,Dengue,2227
2026-08-02,Assam,India,Dengue,2265
2026-08-09,Assam,India,Dengue,1791
2026-08-16,Assam,India,Dengue,2390
2026-08-23,Assam,India,Dengue,1932
2026-08-30,Assam,India,Dengue,2875
2026-09-06,Assam,India,Dengue,3201
2026-09-13,Assam,India,Dengue,2139
2026-09-20,Assam,India,Dengue,2309
2026-09-27,Assam,India,Dengue,2140
2026-10-04,Assam,India,Dengue,2171
2024-10-13,Assam,India,Influenza,554
2024-10-20,Assam,India,Influenza,425
2024-10-27,Assam,India,Influenza,433
2024-11-03,Assam,India,Influenza,395
2024-11-10,Assam,India,Influenza,343
2024-11-17,Assam,India,Influenza,213
2024-11-24,Assam,India,Influenza,272
2024-12-01,Assam,India,Influenza,246
2024-12-08,Assam,India,Influenza,228
2024-12-15,Assam,India,Influenza,169
2024-12-22,Assam,India,Influenza,147
2024-12-29,Assam,India,Influenza,137
2025-01-05,Assam,India,Influenza,133
2025-01-12,Assam,India,Influenza,158
2025-01-19,Assam,India,Influenza,178
2025-01-26,Assam,India,Influenza,189
2025-02-02,Assam,India,Influenza,146
2025-02-09,Assam,India,Influenza,157
2025-02-16,Assam,India,Influenza,156
2025-02-23,Assam,India,Influenza,146
2025-03-02,Assam,India,Influenza,183
2025-03-09,Assam,India,Influenza,182
2025-03-16,Assam,India,Influenza,189
2025-03-23,Assam,India,Influenza,213
2025-03-30,Assam,India,Influenza,246
2025-04-06,Assam,India,Influenza,280
2025-04-13,Assam,India,Influenza,258
2025-04-20,Assam,India,Influenza,387
2025-04-27,Assam,India,Influenza,410
2025-05-04,Assam,India,Influenza,425
2025-05-11,Assam,India,Influenza,540
2025-05-18,Assam,India,Influenza,623
2025-05-25,Assam,India,Influenza,774
2025-06-01,Assam,India,Influenza,624
2025-06-08,Assam,India,Influenza,974
2025-06-15,Assam,India,Influenza,884
2025-06-22,Assam,India,Influenza,873
2025-06-29,Assam,India,Influenza,919
2025-07-06,Assam,India,Influenza,887
2025-07-13,Assam,India,Influenza,796
2025-07-20,Assam,India,Influenza,1209
2025-07-27,Assam,India,Influenza,1433
2025-08-03,Assam,India,Influenza,831
2025-08-10,Assam,India,Influenza,924
2025-08-17,Assam,India,Influenza,1162
2025-08-24,Assam,India,Influenza,992
2025-08-31,Assam,India,Influenza,1062
2025-09-07,Assam,India,Influenza,868
2025-09-14,Assam,India,Influenza,742
2025-09-21,Assam,India,Influenza,715
2025-09-28,Assam,India,Influenza,428
2025-10-05,Assam,India,Influenza,491
2025-10-12,Assam,India,Influenza,595
2025-10-19,Assam,India,Influenza,536
2025-10-26,Assam,India,Influenza,478
2025-11-02,Assam,India,Influenza,363
2025-11-09,Assam,India,Influenza,195
2025-11-16,Assam,India,Influenza,232
2025-11-23,Assam,India,Influenza,270
2025-11-30,Assam,India,Influenza,251
2025-12-07,Assam,India,Influenza,222
2025-12-14,Assam,India,Influenza,167
2025-12-21,Assam,India,Influenza,133
2025-12-28,Assam,India,Influenza,160
2026-01-04,Assam,India,Influenza,159
2026-01-11,Assam,India,Influenza,195
2026-01-18,Assam,India,Influenza,163
2026-01-25,Assam,India,Influenza,158
2026-02-01,Assam,India,Influenza,160
2026-02-08,Assam,India,Influenza,167
2026-02-15,Assam,India,Influenza,174
2026-02-22,Assam,India,Influenza,143
2026-03-01,Assam,India,Influenza,139
2026-03-08,Assam,India,Influenza,208
2026-03-15,Assam,India,Influenza,139
2026-03-22,Assam,India,Influenza,252
2026-03-29,Assam,India,Influenza,161
2026-04-05,Assam,India,Influenza,234
2026-04-12,Assam,India,Influenza,338
2026-04-19,Assam,India,Influenza,341
2026-04-26,Assam,India,Influenza,317
2026-05-03,Assam,India,Influenza,484
2026-05-10,Assam,India,Influenza,527
2026-05-17,Assam,India,Influenza,573
2026-05-24,Assam,India,Influenza,603
2026-05-31,Assam,India,Influenza,736
2026-06-07,Assam,India,Influenza,741
2026-06-14,Assam,India,Influenza,1203
2026-06-21,Assam,India,Influenza,910
2026-06-28,Assam,India,Influenza,943
2026-07-05,Assam,India,Influenza,959
2026-07-12,Assam,India,Influenza,1364
2026-07-19,Assam,India,Influenza,828
2026-07-26,Assam,India,Influenza,1164
2026-08-02,Assam,India,Influenza,1058
2026-08-09,Assam,India,Influenza,847
2026-08-16,Assam,India,Influenza,916
2026-08-23,Assam,India,Influenza,1047
2026-08-30,Assam,India,Influenza,822
2026-09-06,Assam,India,Influenza,916
2026-09-13,Assam,India,Influenza,1023
2026-09-20,Assam,India,Influenza,759
2026-09-27,Assam,India,Influenza,520
2026-10-04,Assam,India,Influenza,517
2024-10-13,Assam,India,COVID-19,363
2024-10-20,Assam,India,COVID-19,359
2024-10-27,Assam,India,COVID-19,388
2024-11-03,Assam,India,COVID-19,397
2024-11-10,Assam,India,COVID-19,479
2024-11-17,Assam,India,COVID-19,381
2024-11-24,Assam,India,COVID-19,317
2024-12-01,Assam,India,COVID-19,453
2024-12-08,Assam,India,COVID-19,465
2024-12-15,Assam,India,COVID-19,413
2024-12-22,Assam,India,COVID-19,396
2024-12-29,Assam,India,COVID-19,469
2025-01-05,Assam,India,COVID-19,439
2025-01-12,Assam,India,COVID-19,337
2025-01-19,Assam,India,COVID-19,577
2025-01-26,Assam,India,COVID-19,669
2025-02-02,Assam,India,COVID-19,805
2025-02-09,Assam,India,COVID-19,666
2025-02-16,Assam,India,COVID-19,874
2025-02-23,Assam,India,COVID-19,989
2025-03-02,Assam,India,COVID-19,1081
2025-03-09,Assam,India,COVID-19,1202
2025-03-16,Assam,India,COVID-19,1296
2025-03-23,Assam,India,COVID-19,1425
2025-03-30,Assam,India,COVID-19,1615
2025-04-06,Assam,India,COVID-19,1773
2025-04-13,Assam,India,COVID-19,1343
2025-04-20,Assam,India,COVID-19,1460
2025-04-27,Assam,India,COVID-19,1361
2025-05-04,Assam,India,COVID-19,1264
2025-05-11,Assam,India,COVID-19,976
2025-05-18,Assam,India,COVID-19,1186
2025-05-25,Assam,India,COVID-19,1145
2025-06-01,Assam,India,COVID-19,932
2025-06-08,Assam,India,COVID-19,845
2025-06-15,Assam,India,COVID-19,795
2025-06-22,Assam,India,COVID-19,803
2025-06-29,Assam,India,COVID-19,554
2025-07-06,Assam,India,COVID-19,440
2025-07-13,Assam,India,COVID-19,483
2025-07-20,Assam,India,COVID-19,586
2025-07-27,Assam,India,COVID-19,358
2025-08-03,Assam,India,COVID-19,461
2025-08-10,Assam,India,COVID-19,485
2025-08-17,Assam,India,COVID-19,266
2025-08-24,Assam,India,COVID-19,443
2025-08-31,Assam,India,COVID-19,468
2025-09-07,Assam,India,COVID-19,430
2025-09-14,Assam,India,COVID-19,429
2025-09-21,Assam,India,COVID-19,465
2025-09-28,Assam,India,COVID-19,530
2025-10-05,Assam,India,COVID-19,588
2025-10-12,Assam,India,COVID-19,637
2025-10-19,Assam,India,COVID-19,733
2025-10-26,Assam,India,COVID-19,1028
2025-11-02,Assam,India,COVID-19,805
2025-11-09,Assam,India,COVID-19,816
2025-11-16,Assam,India,COVID-19,1458
2025-11-23,Assam,India,COVID-19,1326
2025-11-30,Assam,India,COVID-19,1407
2025-12-07,Assam,India,COVID-19,1586
2025-12-14,Assam,India,COVID-19,1771
2025-12-21,Assam,India,COVID-19,1660
2025-12-28,Assam,India,COVID-19,2001
2026-01-04,Assam,India,COVID-19,1617
2026-01-11,Assam,India,COVID-19,1804
2026-01-18,Assam,India,COVID-19,1241
2026-01-25,Assam,India,COVID-19,2115
2026-02-01,Assam,India,COVID-19,1668
2026-02-08,Assam,India,COVID-19,1770
2026-02-15,Assam,India,COVID-19,1595
2026-02-22,Assam,India,COVID-19,1472
2026-03-01,Assam,India,COVID-19,1228
2026-03-08,Assam,India,COVID-19,1165
2026-03-15,Assam,India,COVID-19,838
2026-03-22,Assam,India,COVID-19,716
2026-03-29,Assam,India,COVID-19,758
2026-04-05,Assam,India,COVID-19,615
2026-04-12,Assam,India,COVID-19,744
2026-04-19,Assam,India,COVID-19,586
2026-04-26,Assam,India,COVID-19,454
2026-05-03,Assam,India,COVID-19,454
2026-05-10,Assam,India,COVID-19,456
2026-05-17,Assam,India,COVID-19,426
2026-05-24,Assam,India,COVID-19,440
2026-05-31,Assam,India,COVID-19,430
2026-06-07,Assam,India,COVID-19,350
2026-06-14,Assam,India,COVID-19,323
2026-06-21,Assam,India,COVID-19,504
2026-06-28,Assam,India,COVID-19,669
2026-07-05,Assam,India,COVID-19,687
2026-07-12,Assam,India,COVID-19,1016
2026-07-19,Assam,India,COVID-19,992
2026-07-26,Assam,India,COVID-19,1367
2026-08-02,Assam,India,COVID-19,1461
2026-08-09,Assam,India,COVID-19,1519
2026-08-16,Assam,India,COVID-19,1084
2026-08-23,Assam,India,COVID-19,1279
2026-08-30,Assam,India,COVID-19,1395
2026-09-06,Assam,India,COVID-19,1092
2026-09-13,Assam,India,COVID-19,982
2026-09-20,Assam,India,COVID-19,609
2026-09-27,Assam,India,COVID-19,838
2026-10-04,Assam,India,COVID-19,490
2024-10-13,Jharkhand,India,Dengue,1363
2024-10-20,Jharkhand,India,Dengue,832
2024-10-27,Jharkhand,India,Dengue,988
2024-11-03,Jharkhand,India,Dengue,1441
2024-11-10,Jharkhand,India,Dengue,852
2024-11-17,Jharkhand,India,Dengue,607
2024-11-24,Jharkhand,India,Dengue,653
2024-12-01,Jharkhand,India,Dengue,468
2024-12-08,Jharkhand,India,Dengue,504
2024-12-15,Jharkhand,India,Dengue,318
2024-12-22,Jharkhand,India,Dengue,315
2024-12-29,Jharkhand,India,Dengue,210
2025-01-05,Jharkhand,India,Dengue,302
2025-01-12,Jharkhand,India,Dengue,207
2025-01-19,Jharkhand,India,Dengue,172
2025-01-26,Jharkhand,India,Dengue,159
2025-02-02,Jharkhand,India,Dengue,148
2025-02-09,Jharkhand,India,Dengue,140
2025-02-16,Jharkhand,India,Dengue,139
2025-02-23,Jharkhand,India,Dengue,198
2025-03-02,Jharkhand,India,Dengue,145
2025-03-09,Jharkhand,India,Dengue,108
2025-03-16,Jharkhand,India,Dengue,131
2025-03-23,Jharkhand,India,Dengue,181
2025-03-30,Jharkhand,India,Dengue,154
2025-04-06,Jharkhand,India,Dengue,158
2025-04-13,Jharkhand,India,Dengue,193
2025-04-20,Jharkhand,India,Dengue,150
2025-04-27,Jharkhand,India,Dengue,198
2025-05-04,Jharkhand,India,Dengue,178
2025-05-11,Jharkhand,India,Dengue,244
2025-05-18,Jharkhand,India,Dengue,248
2025-05-25,Jharkhand,India,Dengue,304
2025-06-01,Jharkhand,India,Dengue,431
2025-06-08,Jharkhand,India,Dengue,521
2025-06-15,Jharkhand,India,Dengue,556
2025-06-22,Jharkhand,India,Dengue,640
2025-06-29,Jharkhand,India,Dengue,1018
2025-07-06,Jharkhand,India,Dengue,1050
2025-07-13,Jharkhand,India,Dengue,1050
2025-07-20,Jharkhand,India,Dengue,1145
2025-07-27,Jharkhand,India,Dengue,1637
2025-08-03,Jharkhand,India,Dengue,1587
2025-08-10,Jharkhand,India,Dengue,1644
2025-08-17,Jharkhand,India,Dengue,1822
2025-08-24,Jharkhand,India,Dengue,1965
2025-08-31,Jharkhand,India,Dengue,1905
2025-09-07,Jharkhand,India,Dengue,2292
2025-09-14,Jharkhand,India,Dengue,2293
2025-09-21,Jharkhand,India,Dengue,2035
2025-09-28,Jharkhand,India,Dengue,2184
2025-10-05,Jharkhand,India,Dengue,1712
2025-10-12,Jharkhand,India,Dengue,1753
2025-10-19,Jharkhand,India,Dengue,1669
2025-10-26,Jharkhand,India,Dengue,1501
2025-11-02,Jharkhand,India,Dengue,1307
2025-11-09,Jharkhand,India,Dengue,1092
2025-11-16,Jharkhand,India,Dengue,1102
2025-11-23,Jharkhand,India,Dengue,659
2025-11-30,Jharkhand,India,Dengue,582
2025-12-07,Jharkhand,India,Dengue,476
2025-12-14,Jharkhand,India,Dengue,382
2025-12-21,Jharkhand,India,Dengue,234
2025-12-28,Jharkhand,India,Dengue,337
2026-01-04,Jharkhand,India,Dengue,203
2026-01-11,Jharkhand,India,Dengue,217
2026-01-18,Jharkhand,India,Dengue,152
2026-01-25,Jharkhand,India,Dengue,200
2026-02-01,Jharkhand,India,Dengue,156
2026-02-08,Jharkhand,India,Dengue,145
2026-02-15,Jharkhand,India,Dengue,179
2026-02-22,Jharkhand,India,Dengue,155
2026-03-01,Jharkhand,India,Dengue,159
2026-03-08,Jharkhand,India,Dengue,179
2026-03-15,Jharkhand,India,Dengue,196
2026-03-22,Jharkhand,India,Dengue,153
2026-03-29,Jharkhand,India,Dengue,149
2026-04-05,Jharkhand,India,Dengue,178
2026-04-12,Jharkhand,India,Dengue,195
2026-04-19,Jharkhand,India,Dengue,228
2026-04-26,Jharkhand,India,Dengue,166
2026-05-03,Jharkhand,India,Dengue,207
2026-05-10,Jharkhand,India,Dengue,291
2026-05-17,Jharkhand,India,Dengue,375
2026-05-24,Jharkhand,India,Dengue,295
2026-05-31,Jharkhand,India,Dengue,375
2026-06-07,Jharkhand,India,Dengue,544
2026-06-14,Jharkhand,India,Dengue,572
2026-06-21,Jharkhand,India,Dengue,669
2026-06-28,Jharkhand,India,Dengue,934
2026-07-05,Jharkhand,India,Dengue,1304
2026-07-12,Jharkhand,India,Dengue,983
2026-07-19,Jharkhand,India,Dengue,1704
2026-07-26,Jharkhand,India,Dengue,1421
2026-08-02,Jharkhand,India,Dengue,1798
2026-08-09,Jharkhand,India,Dengue,2288
2026-08-16,Jharkhand,India,Dengue,2058
2026-08-23,Jharkhand,India,Dengue,1958
2026-08-30,Jharkhand,India,Dengue,2331
2026-09-06,Jharkhand,India,Dengue,2071
2026-09-13,Jharkhand,India,Dengue,2277
2026-09-20,Jharkhand,India,Dengue,1999
2026-09-27,Jharkhand,India,Dengue,2238
2026-10-04,Jharkhand,India,Dengue,1480
2024-10-13,Jharkhand,India,Influenza,355
2024-10-20,Jharkhand,India,Influenza,288
2024-10-27,Jharkhand,India,Influenza,314
2024-11-03,Jharkhand,India,Influenza,211
2024-11-10,Jharkhand,India,Influenza,212
2024-11-17,Jharkhand,India,Influenza,172
2024-11-24,Jharkhand,India,Influenza,221
2024-12-01,Jharkhand,India,Influenza,138
2024-12-08,Jharkhand,India,Influenza,120
2024-12-15,Jharkhand,India,Influenza,144
2024-12-22,Jharkhand,India,Influenza,166
2024-12-29,Jharkhand,India,Influenza,127
2025-01-05,Jharkhand,India,Influenza,127
2025-01-12,Jharkhand,India,Influenza,151
2025-01-19,Jharkhand,India,Influenza,143
2025-01-26,Jharkhand,India,Influenza,135
2025-02-02,Jharkhand,India,Influenza,116
2025-02-09,Jharkhand,India,Influenza,136
2025-02-16,Jharkhand,India,Influenza,102
2025-02-23,Jharkhand,India,Influenza,117
2025-03-02,Jharkhand,India,Influenza,161
2025-03-09,Jharkhand,India,Influenza,166
2025-03-16,Jharkhand,India,Influenza,158
2025-03-23,Jharkhand,India,Influenza,115
2025-03-30,Jharkhand,India,Influenza,148
2025-04-06,Jharkhand,India,Influenza,185
2025-04-13,Jharkhand,India,Influenza,231
2025-04-20,Jharkhand,India,Influenza,222
2025-04-27,Jharkhand,India,Influenza,305
2025-05-04,Jharkhand,India,Influenza,462
2025-05-11,Jharkhand,India,Influenza,444
2025-05-18,Jharkhand,India,Influenza,491
2025-05-25,Jharkhand,India,Influenza,453
2025-06-01,Jharkhand,India,Influenza,448
2025-06-08,Jharkhand,India,Influenza,532
2025-06-15,Jharkhand,India,Influenza,530
2025-06-22,Jharkhand,India,Influenza,767
2025-06-29,Jharkhand,India,Influenza,849
2025-07-06,Jharkhand,India,Influenza,717
2025-07-13,Jharkhand,India,Influenza,884
2025-07-20,Jharkhand,India,Influenza,1076
2025-07-27,Jharkhand,India,Influenza,1148
2025-08-03,Jharkhand,India,Influenza,984
2025-08-10,Jharkhand,India,Influenza,843
2025-08-17,Jharkhand,India,Influenza,931
2025-08-24,Jharkhand,India,Influenza,965
2025-08-31,Jharkhand,India,Influenza,530
2025-09-07,Jharkhand,India,Influenza,865
2025-09-14,Jharkhand,India,Influenza,599
2025-09-21,Jharkhand,India,Influenza,547
2025-09-28,Jharkhand,India,Influenza,506
2025-10-05,Jharkhand,India,Influenza,498
2025-10-12,Jharkhand,India,Influenza,349
2025-10-19,Jharkhand,India,Influenza,350
2025-10-26,Jharkhand,India,Influenza,342
2025-11-02,Jharkhand,India,Influenza,283
2025-11-09,Jharkhand,India,Influenza,250
2025-11-16,Jharkhand,India,Influenza,196
2025-11-23,Jharkhand,India,Influenza,200
2025-11-30,Jharkhand,India,Influenza,188
2025-12-07,Jharkhand,India,Influenza,170
2025-12-14,Jharkhand,India,Influenza,148
2025-12-21,Jharkhand,India,Influenza,151
2025-12-28,Jharkhand,India,Influenza,146
2026-01-04,Jharkhand,India,Influenza,179
2026-01-11,Jharkhand,India,Influenza,150
2026-01-18,Jharkhand,India,Influenza,125
2026-01-25,Jharkhand,India,Influenza,109
2026-02-01,Jharkhand,India,Influenza,122
2026-02-08,Jharkhand,India,Influenza,121
2026-02-15,Jharkhand,India,Influenza,137
2026-02-22,Jharkhand,India,Influenza,116
2026-03-01,Jharkhand,India,Influenza,156
2026-03-08,Jharkhand,India,Influenza,110
2026-03-15,Jharkhand,India,Influenza,112
2026-03-22,Jharkhand,India,Influenza,159
2026-03-29,Jharkhand,India,Influenza,158
2026-04-05,Jharkhand,India,Influenza,167
2026-04-12,Jharkhand,India,Influenza,214
2026-04-19,Jharkhand,India,Influenza,243
2026-04-26,Jharkhand,India,Influenza,317
2026-05-03,Jharkhand,India,Influenza,331
2026-05-10,Jharkhand,India,Influenza,385
2026-05-17,Jharkhand,India,Influenza,475
2026-05-24,Jharkhand,India,Influenza,616
2026-05-31,Jharkhand,India,Influenza,725
2026-06-07,Jharkhand,India,Influenza,667
2026-06-14,Jharkhand,India,Influenza,732
2026-06-21,Jharkhand,India,Influenza,738
2026-06-28,Jharkhand,India,Influenza,861
2026-07-05,Jharkhand,India,Influenza,888
2026-07-12,Jharkhand,India,Influenza,1037
2026-07-19,Jharkhand,India,Influenza,632
2026-07-26,Jharkhand,India,Influenza,856
2026-08-02,Jharkhand,India,Influenza,927
2026-08-09,Jharkhand,India,Influenza,862
2026-08-16,Jharkhand,India,Influenza,720
2026-08-23,Jharkhand,India,Influenza,646
2026-08-30,Jharkhand,India,Influenza,850
2026-09-06,Jharkhand,India,Influenza,628
2026-09-13,Jharkhand,India,Influenza,481
2026-09-20,Jharkhand,India,Influenza,671
2026-09-27,Jharkhand,India,Influenza,571
2026-10-04,Jharkhand,India,Influenza,467
2024-10-13,Jharkhand,India,COVID-19,263
2024-10-20,Jharkhand,India,COVID-19,299
2024-10-27,Jharkhand,India,COVID-19,360
2024-11-03,Jharkhand,India,COVID-19,231
2024-11-10,Jharkhand,India,COVID-19,234
2024-11-17,Jharkhand,India,COVID-19,277
2024-11-24,Jharkhand,India,COVID-19,306
2024-12-01,Jharkhand,India,COVID-19,287
2024-12-08,Jharkhand,India,COVID-19,345
2024-12-15,Jharkhand,India,COVID-19,373
2024-12-22,Jharkhand,India,COVID-19,344
2024-12-29,Jharkhand,India,COVID-19,373
2025-01-05,Jharkhand,India,COVID-19,379
2025-01-12,Jharkhand,India,COVID-19,392
2025-01-19,Jharkhand,India,COVID-19,345
2025-01-26,Jharkhand,India,COVID-19,401
2025-02-02,Jharkhand,India,COVID-19,424
2025-02-09,Jharkhand,India,COVID-19,587
2025-02-16,Jharkhand,India,COVID-19,703
2025-02-23,Jharkhand,India,COVID-19,600
2025-03-02,Jharkhand,India,COVID-19,867
2025-03-09,Jharkhand,India,COVID-19,824
2025-03-16,Jharkhand,India,COVID-19,869
2025-03-23,Jharkhand,India,COVID-19,1005
2025-03-30,Jharkhand,India,COVID-19,971
2025-04-06,Jharkhand,India,COVID-19,1314
2025-04-13,Jharkhand,India,COVID-19,1186
2025-04-20,Jharkhand,India,COVID-19,1351
2025-04-27,Jharkhand,India,COVID-19,1090
2025-05-04,Jharkhand,India,COVID-19,1042
2025-05-11,Jharkhand,India,COVID-19,1326
2025-05-18,Jharkhand,India,COVID-19,718
2025-05-25,Jharkhand,India,COVID-19,1023
2025-06-01,Jharkhand,India,COVID-19,956
2025-06-08,Jharkhand,India,COVID-19,757
2025-06-15,Jharkhand,India,COVID-19,571
2025-06-22,Jharkhand,India,COVID-19,646
2025-06-29,Jharkhand,India,COVID-19,452
2025-07-06,Jharkhand,India,COVID-19,383
2025-07-13,Jharkhand,India,COVID-19,370
2025-07-20,Jharkhand,India,COVID-19,335
2025-07-27,Jharkhand,India,COVID-19,299
2025-08-03,Jharkhand,India,COVID-19,393
2025-08-10,Jharkhand,India,COVID-19,293
2025-08-17,Jharkhand,India,COVID-19,330
2025-08-24,Jharkhand,India,COVID-19,263
2025-08-31,Jharkhand,India,COVID-19,347
2025-09-07,Jharkhand,India,COVID-19,298
2025-09-14,Jharkhand,India,COVID-19,314
2025-09-21,Jharkhand,India,COVID-19,404
2025-09-28,Jharkhand,India,COVID-19,519
2025-10-05,Jharkhand,India,COVID-19,528
2025-10-12,Jharkhand,India,COVID-19,595
2025-10-19,Jharkhand,India,COVID-19,609
2025-10-26,Jharkhand,India,COVID-19,666
2025-11-02,Jharkhand,India,COVID-19,884
2025-11-09,Jharkhand,India,COVID-19,813
2025-11-16,Jharkhand,India,COVID-19,1116
2025-11-23,Jharkhand,India,COVID-19,1300
2025-11-30,Jharkhand,India,COVID-19,1048
2025-12-07,Jharkhand,India,COVID-19,1161
2025-12-14,Jharkhand,India,COVID-19,1267
2025-12-21,Jharkhand,India,COVID-19,1129
2025-12-28,Jharkhand,India,COVID-19,1389
2026-01-04,Jharkhand,India,COVID-19,1814
2026-01-11,Jharkhand,India,COVID-19,1280
2026-01-18,Jharkhand,India,COVID-19,1789
2026-01-25,Jharkhand,India,COVID-19,1351
2026-02-01,Jharkhand,India,COVID-19,1813
2026-02-08,Jharkhand,India,COVID-19,1160
2026-02-15,Jharkhand,India,COVID-19,1170
2026-02-22,Jharkhand,India,COVID-19,944
2026-03-01,Jharkhand,India,COVID-19,886
2026-03-08,Jharkhand,India,COVID-19,1062
2026-03-15,Jharkhand,India,COVID-19,843
2026-03-22,Jharkhand,India,COVID-19,805
2026-03-29,Jharkhand,India,COVID-19,496
2026-04-05,Jharkhand,India,COVID-19,604
2026-04-12,Jharkhand,India,COVID-19,421
2026-04-19,Jharkhand,India,COVID-19,356
2026-04-26,Jharkhand,India,COVID-19,423
2026-05-03,Jharkhand,India,COVID-19,393
2026-05-10,Jharkhand,India,COVID-19,362
2026-05-17,Jharkhand,India,COVID-19,383
2026-05-24,Jharkhand,India,COVID-19,384
2026-05-31,Jharkhand,India,COVID-19,418
2026-06-07,Jharkhand,India,COVID-19,292
2026-06-14,Jharkhand,India,COVID-19,470
2026-06-21,Jharkhand,India,COVID-19,550
2026-06-28,Jharkhand,India,COVID-19,468
2026-07-05,Jharkhand,India,COVID-19,437
2026-07-12,Jharkhand,India,COVID-19,546
2026-07-19,Jharkhand,India,COVID-19,747
2026-07-26,Jharkhand,India,COVID-19,1188
2026-08-02,Jharkhand,India,COVID-19,1003
2026-08-09,Jharkhand,India,COVID-19,956
2026-08-16,Jharkhand,India,COVID-19,953
2026-08-23,Jharkhand,India,COVID-19,821
2026-08-30,Jharkhand,India,COVID-19,1071
2026-09-06,Jharkhand,India,COVID-19,831
2026-09-13,Jharkhand,India,COVID-19,958
2026-09-20,Jharkhand,India,COVID-19,676
2026-09-27,Jharkhand,India,COVID-19,587
2026-10-04,Jharkhand,India,COVID-19,430
2024-10-13,Chhattisgarh,India,Dengue,909
2024-10-20,Chhattisgarh,India,Dengue,759
2024-10-27,Chhattisgarh,India,Dengue,975
2024-11-03,Chhattisgarh,India,Dengue,713
2024-11-10,Chhattisgarh,India,Dengue,751
2024-11-17,Chhattisgarh,India,Dengue,573
2024-11-24,Chhattisgarh,India,Dengue,452
2024-12-01,Chhattisgarh,India,Dengue,324
2024-12-08,Chhattisgarh,India,Dengue,339
2024-12-15,Chhattisgarh,India,Dengue,258
2024-12-22,Chhattisgarh,India,Dengue,250
2024-12-29,Chhattisgarh,India,Dengue,165
2025-01-05,Chhattisgarh,India,Dengue,173
2025-01-12,Chhattisgarh,India,Dengue,174
2025-01-19,Chhattisgarh,India,Dengue,133
2025-01-26,Chhattisgarh,India,Dengue,135
2025-02-02,Chhattisgarh,India,Dengue,127
2025-02-09,Chhattisgarh,India,Dengue,148
2025-02-16,Chhattisgarh,India,Dengue,121
2025-02-23,Chhattisgarh,India,Dengue,127
2025-03-02,Chhattisgarh,India,Dengue,114
2025-03-09,Chhattisgarh,India,Dengue,102
2025-03-16,Chhattisgarh,India,Dengue,95
2025-03-23,Chhattisgarh,India,Dengue,138
2025-03-30,Chhattisgarh,India,Dengue,99
2025-04-06,Chhattisgarh,India,Dengue,130
2025-04-13,Chhattisgarh,India,Dengue,127
2025-04-20,Chhattisgarh,India,Dengue,140
2025-04-27,Chhattisgarh,India,Dengue,121
2025-05-04,Chhattisgarh,India,Dengue,127
2025-05-11,Chhattisgarh,India,Dengue,173
2025-05-18,Chhattisgarh,India,Dengue,183
2025-05-25,Chhattisgarh,India,Dengue,187
2025-06-01,Chhattisgarh,India,Dengue,360
2025-06-08,Chhattisgarh,India,Dengue,300
2025-06-15,Chhattisgarh,India,Dengue,353
2025-06-22,Chhattisgarh,India,Dengue,482
2025-06-29,Chhattisgarh,India,Dengue,709
2025-07-06,Chhattisgarh,India,Dengue,473
2025-07-13,Chhattisgarh,India,Dengue,953
2025-07-20,Chhattisgarh,India,Dengue,796
2025-07-27,Chhattisgarh,India,Dengue,1072
2025-08-03,Chhattisgarh,India,Dengue,1019
2025-08-10,Chhattisgarh,India,Dengue,1591
2025-08-17,Chhattisgarh,India,Dengue,1326
2025-08-24,Chhattisgarh,India,Dengue,1215
2025-08-31,Chhattisgarh,India,Dengue,1334
2025-09-07,Chhattisgarh,India,Dengue,1430
2025-09-14,Chhattisgarh,India,Dengue,1439
2025-09-21,Chhattisgarh,India,Dengue,1460
2025-09-28,Chhattisgarh,India,Dengue,1316
2025-10-05,Chhattisgarh,India,Dengue,986
2025-10-12,Chhattisgarh,India,Dengue,1096
2025-10-19,Chhattisgarh,India,Dengue,1150
2025-10-26,Chhattisgarh,India,Dengue,851
2025-11-02,Chhattisgarh,India,Dengue,919
2025-11-09,Chhattisgarh,India,Dengue,728
2025-11-16,Chhattisgarh,India,Dengue,599
2025-11-23,Chhattisgarh,India,Dengue,615
2025-11-30,Chhattisgarh,India,Dengue,320
2025-12-07,Chhattisgarh,India,Dengue,321
2025-12-14,Chhattisgarh,India,Dengue,348
2025-12-21,Chhattisgarh,India,Dengue,309
2025-12-28,Chhattisgarh,India,Dengue,273
2026-01-04,Chhattisgarh,India,Dengue,175
2026-01-11,Chhattisgarh,India,Dengue,164
2026-01-18,Chhattisgarh,India,Dengue,158
2026-01-25,Chhattisgarh,India,Dengue,158
2026-02-01,Chhattisgarh,India,Dengue,135
2026-02-08,Chhattisgarh,India,Dengue,144
2026-02-15,Chhattisgarh,India,Dengue,135
2026-02-22,Chhattisgarh,India,Dengue,136
2026-03-01,Chhattisgarh,India,Dengue,109
2026-03-08,Chhattisgarh,India,Dengue,120
2026-03-15,Chhattisgarh,India,Dengue,117
2026-03-22,Chhattisgarh,India,Dengue,104
2026-03-29,Chhattisgarh,India,Dengue,96
2026-04-05,Chhattisgarh,India,Dengue,120
2026-04-12,Chhattisgarh,India,Dengue,126
2026-04-19,Chhattisgarh,India,Dengue,138
2026-04-26,Chhattisgarh,India,Dengue,156
2026-05-03,Chhattisgarh,India,Dengue,163
2026-05-10,Chhattisgarh,India,Dengue,173
2026-05-17,Chhattisgarh,India,Dengue,181
2026-05-24,Chhattisgarh,India,Dengue,285
2026-05-31,Chhattisgarh,India,Dengue,302
2026-06-07,Chhattisgarh,India,Dengue,350
2026-06-14,Chhattisgarh,India,Dengue,442
2026-06-21,Chhattisgarh,India,Dengue,489
2026-06-28,Chhattisgarh,India,Dengue,603
2026-07-05,Chhattisgarh,India,Dengue,704
2026-07-12,Chhattisgarh,India,Dengue,851
2026-07-19,Chhattisgarh,India,Dengue,1111
2026-07-26,Chhattisgarh,India,Dengue,1200
2026-08-02,Chhattisgarh,India,Dengue,1531
2026-08-09,Chhattisgarh,India,Dengue,1586
2026-08-16,Chhattisgarh,India,Dengue,1844
2026-08-23,Chhattisgarh,India,Dengue,1614
2026-08-30,Chhattisgarh,India,Dengue,1654
2026-09-06,Chhattisgarh,India,Dengue,1432
2026-09-13,Chhattisgarh,India,Dengue,1725
2026-09-20,Chhattisgarh,India,Dengue,1352
2026-09-27,Chhattisgarh,India,Dengue,1123
2026-10-04,Chhattisgarh,India,Dengue,1672
2024-10-13,Chhattisgarh,India,Influenza,247
2024-10-20,Chhattisgarh,India,Influenza,283
2024-10-27,Chhattisgarh,India,Influenza,200
2024-11-03,Chhattisgarh,India,Influenza,233
2024-11-10,Chhattisgarh,India,Influenza,205
2024-11-17,Chhattisgarh,India,Influenza,162
2024-11-24,Chhattisgarh,India,Influenza,156
2024-12-01,Chhattisgarh,India,Influenza,118
2024-12-08,Chhattisgarh,India,Influenza,144
2024-12-15,Chhattisgarh,India,Influenza,112
2024-12-22,Chhattisgarh,India,Influenza,83
2024-12-29,Chhattisgarh,India,Influenza,95
2025-01-05,Chhattisgarh,India,Influenza,91
2025-01-12,Chhattisgarh,India,Influenza,89
2025-01-19,Chhattisgarh,India,Influenza,69
2025-01-26,Chhattisgarh,India,Influenza,97
2025-02-02,Chhattisgarh,India,Influenza,73
2025-02-09,Chhattisgarh,India,Influenza,57
2025-02-16,Chhattisgarh,India,Influenza,88
2025-02-23,Chhattisgarh,India,Influenza,83
2025-03-02,Chhattisgarh,India,Influenza,84
2025-03-09,Chhattisgarh,India,Influenza,54
2025-03-16,Chhattisgarh,India,Influenza,94
2025-03-23,Chhattisgarh,India,Influenza,115
2025-03-30,Chhattisgarh,India,Influenza,119
2025-04-06,Chhattisgarh,India,Influenza,158
2025-04-13,Chhattisgarh,India,Influenza,208
2025-04-20,Chhattisgarh,India,Influenza,214
2025-04-27,Chhattisgarh,India,Influenza,266
2025-05-04,Chhattisgarh,India,Influenza,310
2025-05-11,Chhattisgarh,India,Influenza,258
2025-05-18,Chhattisgarh,India,Influenza,368
2025-05-25,Chhattisgarh,India,Influenza,447
2025-06-01,Chhattisgarh,India,Influenza,404
2025-06-08,Chhattisgarh,India,Influenza,418
2025-06-15,Chhattisgarh,India,Influenza,556
2025-06-22,Chhattisgarh,India,Influenza,429
2025-06-29,Chhattisgarh,India,Influenza,488
2025-07-06,Chhattisgarh,India,Influenza,549
2025-07-13,Chhattisgarh,India,Influenza,671
2025-07-20,Chhattisgarh,India,Influenza,662
2025-07-27,Chhattisgarh,India,Influenza,745
2025-08-03,Chhattisgarh,India,Influenza,552
2025-08-10,Chhattisgarh,India,Influenza,537
2025-08-17,Chhattisgarh,India,Influenza,657
2025-08-24,Chhattisgarh,India,Influenza,513
2025-08-31,Chhattisgarh,India,Influenza,501
2025-09-07,Chhattisgarh,India,Influenza,371
2025-09-14,Chhattisgarh,India,Influenza,495
2025-09-21,Chhattisgarh,India,Influenza,532
2025-09-28,Chhattisgarh,India,Influenza,329
2025-10-05,Chhattisgarh,India,Influenza,399
2025-10-12,Chhattisgarh,India,Influenza,302
2025-10-19,Chhattisgarh,India,Influenza,195
2025-10-26,Chhattisgarh,India,Influenza,199
2025-11-02,Chhattisgarh,India,Influenza,170
2025-11-09,Chhattisgarh,India,Influenza,164
2025-11-16,Chhattisgarh,India,Influenza,159
2025-11-23,Chhattisgarh,India,Influenza,168
2025-11-30,Chhattisgarh,India,Influenza,93
2025-12-07,Chhattisgarh,India,Influenza,100
2025-12-14,Chhattisgarh,India,Influenza,87
2025-12-21,Chhattisgarh,India,Influenza,78
2025-12-28,Chhattisgarh,India,Influenza,95
2026-01-04,Chhattisgarh,India,Influenza,93
2026-01-11,Chhattisgarh,India,Influenza,67
2026-01-18,Chhattisgarh,India,Influenza,92
2026-01-25,Chhattisgarh,India,Influenza,75
2026-02-01,Chhattisgarh,India,Influenza,92
2026-02-08,Chhattisgarh,India,Influenza,110
2026-02-15,Chhattisgarh,India,Influenza,99
2026-02-22,Chhattisgarh,India,Influenza,96
2026-03-01,Chhattisgarh,India,Influenza,89
2026-03-08,Chhattisgarh,India,Influenza,102
2026-03-15,Chhattisgarh,India,Influenza,117
2026-03-22,Chhattisgarh,India,Influenza,126
2026-03-29,Chhattisgarh,India,Influenza,130
2026-04-05,Chhattisgarh,India,Influenza,155
2026-04-12,Chhattisgarh,India,Influenza,138
2026-04-19,Chhattisgarh,India,Influenza,177
2026-04-26,Chhattisgarh,India,Influenza,255
2026-05-03,Chhattisgarh,India,Influenza,299
2026-05-10,Chhattisgarh,India,Influenza,309
2026-05-17,Chhattisgarh,India,Influenza,422
2026-05-24,Chhattisgarh,India,Influenza,418
2026-05-31,Chhattisgarh,India,Influenza,417
2026-06-07,Chhattisgarh,India,Influenza,388
2026-06-14,Chhattisgarh,India,Influenza,626
2026-06-21,Chhattisgarh,India,Influenza,615
2026-06-28,Chhattisgarh,India,Influenza,741
2026-07-05,Chhattisgarh,India,Influenza,808
2026-07-12,Chhattisgarh,India,Influenza,508
2026-07-19,Chhattisgarh,India,Influenza,517
2026-07-26,Chhattisgarh,India,Influenza,368
2026-08-02,Chhattisgarh,India,Influenza,729
2026-08-09,Chhattisgarh,India,Influenza,691
2026-08-16,Chhattisgarh,India,Influenza,618
2026-08-23,Chhattisgarh,India,Influenza,476
2026-08-30,Chhattisgarh,India,Influenza,544
2026-09-06,Chhattisgarh,India,Influenza,529
2026-09-13,Chhattisgarh,India,Influenza,530
2026-09-20,Chhattisgarh,India,Influenza,450
2026-09-27,Chhattisgarh,India,Influenza,427
2026-10-04,Chhattisgarh,India,Influenza,339
2024-10-13,Chhattisgarh,India,COVID-19,260
2024-10-20,Chhattisgarh,India,COVID-19,242
2024-10-27,Chhattisgarh,India,COVID-19,182
2024-11-03,Chhattisgarh,India,COVID-19,268
2024-11-10,Chhattisgarh,India,COVID-19,263
2024-11-17,Chhattisgarh,India,COVID-19,238
2024-11-24,Chhattisgarh,India,COVID-19,233
2024-12-01,Chhattisgarh,India,COVID-19,282
2024-12-08,Chhattisgarh,India,COVID-19,172
2024-12-15,Chhattisgarh,India,COVID-19,276
2024-12-22,Chhattisgarh,India,COVID-19,223
2024-12-29,Chhattisgarh,India,COVID-19,291
2025-01-05,Chhattisgarh,India,COVID-19,269
2025-01-12,Chhattisgarh,India,COVID-19,231
2025-01-19,Chhattisgarh,India,COVID-19,288
2025-01-26,Chhattisgarh,India,COVID-19,397
2025-02-02,Chhattisgarh,India,COVID-19,374
2025-02-09,Chhattisgarh,India,COVID-19,396
2025-02-16,Chhattisgarh,India,COVID-19,447
2025-02-23,Chhattisgarh,India,COVID-19,611
2025-03-02,Chhattisgarh,India,COVID-19,787
2025-03-09,Chhattisgarh,India,COVID-19,468
2025-03-16,Chhattisgarh,India,COVID-19,1068
2025-03-23,Chhattisgarh,India,COVID-19,831
2025-03-30,Chhattisgarh,India,COVID-19,922
2025-04-06,Chhattisgarh,India,COVID-19,818
2025-04-13,Chhattisgarh,India,COVID-19,884
2025-04-20,Chhattisgarh,India,COVID-19,901
2025-04-27,Chhattisgarh,India,COVID-19,715
2025-05-04,Chhattisgarh,India,COVID-19,709
2025-05-11,Chhattisgarh,India,COVID-19,886
2025-05-18,Chhattisgarh,India,COVID-19,529
2025-05-25,Chhattisgarh,India,COVID-19,665
2025-06-01,Chhattisgarh,India,COVID-19,526
2025-06-08,Chhattisgarh,India,COVID-19,423
2025-06-15,Chhattisgarh,India,COVID-19,566
2025-06-22,Chhattisgarh,India,COVID-19,331
2025-06-29,Chhattisgarh,India,COVID-19,287
2025-07-06,Chhattisgarh,India,COVID-19,303
2025-07-13,Chhattisgarh,India,COVID-19,253
2025-07-20,Chhattisgarh,India,COVID-19,267
2025-07-27,Chhattisgarh,India,COVID-19,259
2025-08-03,Chhattisgarh,India,COVID-19,254
2025-08-10,Chhattisgarh,India,COVID-19,237
2025-08-17,Chhattisgarh,India,COVID-19,215
2025-08-24,Chhattisgarh,India,COVID-19,267
2025-08-31,Chhattisgarh,India,COVID-19,247
2025-09-07,Chhattisgarh,India,COVID-19,242
2025-09-14,Chhattisgarh,India,COVID-19,339
2025-09-21,Chhattisgarh,India,COVID-19,293
2025-09-28,Chhattisgarh,India,COVID-19,379
2025-10-05,Chhattisgarh,India,COVID-19,426
2025-10-12,Chhattisgarh,India,COVID-19,479
2025-10-19,Chhattisgarh,India,COVID-19,498
2025-10-26,Chhattisgarh,India,COVID-19,509
2025-11-02,Chhattisgarh,India,COVID-19,569
2025-11-09,Chhattisgarh,India,COVID-19,622
2025-11-16,Chhattisgarh,India,COVID-19,487
2025-11-23,Chhattisgarh,India,COVID-19,883
2025-11-30,Chhattisgarh,India,COVID-19,904
2025-12-07,Chhattisgarh,India,COVID-19,1058
2025-12-14,Chhattisgarh,India,COVID-19,985
2025-12-21,Chhattisgarh,India,COVID-19,1157
2025-12-28,Chhattisgarh,India,COVID-19,862
2026-01-04,Chhattisgarh,India,COVID-19,910
2026-01-11,Chhattisgarh,India,COVID-19,693
2026-01-18,Chhattisgarh,India,COVID-19,1063
2026-01-25,Chhattisgarh,India,COVID-19,928
2026-02-01,Chhattisgarh,India,COVID-19,865
2026-02-08,Chhattisgarh,India,COVID-19,986
2026-02-15,Chhattisgarh,India,COVID-19,814
2026-02-22,Chhattisgarh,India,COVID-19,624
2026-03-01,Chhattisgarh,India,COVID-19,992
2026-03-08,Chhattisgarh,India,COVID-19,639
2026-03-15,Chhattisgarh,India,COVID-19,479
2026-03-22,Chhattisgarh,India,COVID-19,456
2026-03-29,Chhattisgarh,India,COVID-19,438
2026-04-05,Chhattisgarh,India,COVID-19,389
2026-04-12,Chhattisgarh,India,COVID-19,428
2026-04-19,Chhattisgarh,India,COVID-19,320
2026-04-26,Chhattisgarh,India,COVID-19,380
2026-05-03,Chhattisgarh,India,COVID-19,258
2026-05-10,Chhattisgarh,India,COVID-19,278
2026-05-17,Chhattisgarh,India,COVID-19,290
2026-05-24,Chhattisgarh,India,COVID-19,291
2026-05-31,Chhattisgarh,India,COVID-19,298
2026-06-07,Chhattisgarh,India,COVID-19,248
2026-06-14,Chhattisgarh,India,COVID-19,278
2026-06-21,Chhattisgarh,India,COVID-19,196
2026-06-28,Chhattisgarh,India,COVID-19,350
2026-07-05,Chhattisgarh,India,COVID-19,493
2026-07-12,Chhattisgarh,India,COVID-19,568
2026-07-19,Chhattisgarh,India,COVID-19,576
2026-07-26,Chhattisgarh,India,COVID-19,832
2026-08-02,Chhattisgarh,India,COVID-19,685
2026-08-09,Chhattisgarh,India,COVID-19,684
2026-08-16,Chhattisgarh,India,COVID-19,718
2026-08-23,Chhattisgarh,India,COVID-19,619
2026-08-30,Chhattisgarh,India,COVID-19,753
2026-09-06,Chhattisgarh,India,COVID-19,639
2026-09-13,Chhattisgarh,India,COVID-19,578
2026-09-20,Chhattisgarh,India,COVID-19,421
2026-09-27,Chhattisgarh,India,COVID-19,376
2026-10-04,Chhattisgarh,India,COVID-19,219
2024-10-13,Goa,India,Dengue,102
2024-10-20,Goa,India,Dengue,77
2024-10-27,Goa,India,Dengue,81
2024-11-03,Goa,India,Dengue,70
2024-11-10,Goa,India,Dengue,80
2024-11-17,Goa,India,Dengue,45
2024-11-24,Goa,India,Dengue,48
2024-12-01,Goa,India,Dengue,32
2024-12-08,Goa,India,Dengue,29
2024-12-15,Goa,India,Dengue,27
2024-12-22,Goa,India,Dengue,20
2024-12-29,Goa,India,Dengue,18
2025-01-05,Goa,India,Dengue,16
2025-01-12,Goa,India,Dengue,12
2025-01-19,Goa,India,Dengue,14
2025-01-26,Goa,India,Dengue,11
2025-02-02,Goa,India,Dengue,11
2025-02-09,Goa,India,Dengue,12
2025-02-16,Goa,India,Dengue,11
2025-02-23,Goa,India,Dengue,12
2025-03-02,Goa,India,Dengue,12
2025-03-09,Goa,India,Dengue,12
2025-03-16,Goa,India,Dengue,11
2025-03-23,Goa,India,Dengue,9
2025-03-30,Goa,India,Dengue,9
2025-04-06,Goa,India,Dengue,8
2025-04-13,Goa,India,Dengue,14
2025-04-20,Goa,India,Dengue,8
2025-04-27,Goa,India,Dengue,15
2025-05-04,Goa,India,Dengue,12
2025-05-11,Goa,India,Dengue,19
2025-05-18,Goa,India,Dengue,12
2025-05-25,Goa,India,Dengue,21
2025-06-01,Goa,India,Dengue,33
2025-06-08,Goa,India,Dengue,36
2025-06-15,Goa,India,Dengue,38
2025-06-22,Goa,India,Dengue,34
2025-06-29,Goa,India,Dengue,46
2025-07-06,Goa,India,Dengue,81
2025-07-13,Goa,India,Dengue,74
2025-07-20,Goa,India,Dengue,88
2025-07-27,Goa,India,Dengue,103
2025-08-03,Goa,India,Dengue,88
2025-08-10,Goa,India,Dengue,125
2025-08-17,Goa,India,Dengue,117
2025-08-24,Goa,India,Dengue,136
2025-08-31,Goa,India,Dengue,123
2025-09-07,Goa,India,Dengue,104
2025-09-14,Goa,India,Dengue,126
2025-09-21,Goa,India,Dengue,144
2025-09-28,Goa,India,Dengue,134
2025-10-05,Goa,India,Dengue,120
2025-10-12,Goa,India,Dengue,126
2025-10-19,Goa,India,Dengue,98
2025-10-26,Goa,India,Dengue,92
2025-11-02,Goa,India,Dengue,74
2025-11-09,Goa,India,Dengue,80
2025-11-16,Goa,India,Dengue,62
2025-11-23,Goa,India,Dengue,46
2025-11-30,Goa,India,Dengue,32
2025-12-07,Goa,India,Dengue,40
2025-12-14,Goa,India,Dengue,25
2025-12-21,Goa,India,Dengue,24
2025-12-28,Goa,India,Dengue,26
2026-01-04,Goa,India,Dengue,19
2026-01-11,Goa,India,Dengue,18
2026-01-18,Goa,India,Dengue,12
2026-01-25,Goa,India,Dengue,15
2026-02-01,Goa,India,Dengue,12
2026-02-08,Goa,India,Dengue,13
2026-02-15,Goa,India,Dengue,16
2026-02-22,Goa,India,Dengue,12
2026-03-01,Goa,India,Dengue,12
2026-03-08,Goa,India,Dengue,11
2026-03-15,Goa,India,Dengue,14
2026-03-22,Goa,India,Dengue,11
2026-03-29,Goa,India,Dengue,14
2026-04-05,Goa,India,Dengue,9
2026-04-12,Goa,India,Dengue,14
2026-04-19,Goa,India,Dengue,12
2026-04-26,Goa,India,Dengue,15
2026-05-03,Goa,India,Dengue,15
2026-05-10,Goa,India,Dengue,16
2026-05-17,Goa,India,Dengue,19
2026-05-24,Goa,India,Dengue,21
2026-05-31,Goa,India,Dengue,33
2026-06-07,Goa,India,Dengue,30
2026-06-14,Goa,India,Dengue,42
2026-06-21,Goa,India,Dengue,55
2026-06-28,Goa,India,Dengue,78
2026-07-05,Goa,India,Dengue,74
2026-07-12,Goa,India,Dengue,82
2026-07-19,Goa,India,Dengue,101
2026-07-26,Goa,India,Dengue,75
2026-08-02,Goa,India,Dengue,98
2026-08-09,Goa,India,Dengue,122
2026-08-16,Goa,India,Dengue,122
2026-08-23,Goa,India,Dengue,109
2026-08-30,Goa,India,Dengue,166
2026-09-06,Goa,India,Dengue,154
2026-09-13,Goa,India,Dengue,151
2026-09-20,Goa,India,Dengue,129
2026-09-27,Goa,India,Dengue,140
2026-10-04,Goa,India,Dengue,141
2024-10-13,Goa,India,Influenza,28
2024-10-20,Goa,India,Influenza,27
2024-10-27,Goa,India,Influenza,19
2024-11-03,Goa,India,Influenza,19
2024-11-10,Goa,India,Influenza,19
2024-11-17,Goa,India,Influenza,17
2024-11-24,Goa,India,Influenza,15
2024-12-01,Goa,India,Influenza,12
2024-12-08,Goa,India,Influenza,10
2024-12-15,Goa,India,Influenza,9
2024-12-22,Goa,India,Influenza,7
2024-12-29,Goa,India,Influenza,7
2025-01-05,Goa,India,Influenza,9
2025-01-12,Goa,India,Influenza,9
2025-01-19,Goa,India,Influenza,11
2025-01-26,Goa,India,Influenza,11
2025-02-02,Goa,India,Influenza,8
2025-02-09,Goa,India,Influenza,10
2025-02-16,Goa,India,Influenza,8
2025-02-23,Goa,India,Influenza,10
2025-03-02,Goa,India,Influenza,10
2025-03-09,Goa,India,Influenza,11
2025-03-16,Goa,India,Influenza,10
2025-03-23,Goa,India,Influenza,13
2025-03-30,Goa,India,Influenza,9
2025-04-06,Goa,India,Influenza,17
2025-04-13,Goa,India,Influenza,16
2025-04-20,Goa,India,Influenza,19
2025-04-27,Goa,India,Influenza,15
2025-05-04,Goa,India,Influenza,24
2025-05-11,Goa,India,Influenza,35
2025-05-18,Goa,India,Influenza,31
2025-05-25,Goa,India,Influenza,41
2025-06-01,Goa,India,Influenza,42
2025-06-08,Goa,India,Influenza,53
2025-06-15,Goa,India,Influenza,51
2025-06-22,Goa,India,Influenza,46
2025-06-29,Goa,India,Influenza,57
2025-07-06,Goa,India,Influenza,73
2025-07-13,Goa,India,Influenza,65
2025-07-20,Goa,India,Influenza,61
2025-07-27,Goa,India,Influenza,83
2025-08-03,Goa,India,Influenza,72
2025-08-10,Goa,India,Influenza,68
2025-08-17,Goa,India,Influenza,61
2025-08-24,Goa,India,Influenza,62
2025-08-31,Goa,India,Influenza,59
2025-09-07,Goa,India,Influenza,33
2025-09-14,Goa,India,Influenza,48
2025-09-21,Goa,India,Influenza,40
2025-09-28,Goa,India,Influenza,35
2025-10-05,Goa,India,Influenza,32
2025-10-12,Goa,India,Influenza,22
2025-10-19,Goa,India,Influenza,19
2025-10-26,Goa,India,Influenza,26
2025-11-02,Goa,India,Influenza,20
2025-11-09,Goa,India,Influenza,11
2025-11-16,Goa,India,Influenza,13
2025-11-23,Goa,India,Influenza,14
2025-11-30,Goa,India,Influenza,11
2025-12-07,Goa,India,Influenza,12
2025-12-14,Goa,India,Influenza,11
2025-12-21,Goa,India,Influenza,7
2025-12-28,Goa,India,Influenza,9
2026-01-04,Goa,India,Influenza,8
2026-01-11,Goa,India,Influenza,7
2026-01-18,Goa,India,Influenza,7
2026-01-25,Goa,India,Influenza,8
2026-02-01,Goa,India,Influenza,8
2026-02-08,Goa,India,Influenza,9
2026-02-15,Goa,India,Influenza,10
2026-02-22,Goa,India,Influenza,10
2026-03-01,Goa,India,Influenza,10
2026-03-08,Goa,India,Influenza,9
2026-03-15,Goa,India,Influenza,11
2026-03-22,Goa,India,Influenza,11
2026-03-29,Goa,India,Influenza,12
2026-04-05,Goa,India,Influenza,18
2026-04-12,Goa,India,Influenza,11
2026-04-19,Goa,India,Influenza,14
2026-04-26,Goa,India,Influenza,23
2026-05-03,Goa,India,Influenza,25
2026-05-10,Goa,India,Influenza,23
2026-05-17,Goa,India,Influenza,28
2026-05-24,Goa,India,Influenza,32
2026-05-31,Goa,India,Influenza,47
2026-06-07,Goa,India,Influenza,54
2026-06-14,Goa,India,Influenza,62
2026-06-21,Goa,India,Influenza,40
2026-06-28,Goa,India,Influenza,45
2026-07-05,Goa,India,Influenza,46
2026-07-12,Goa,India,Influenza,72
2026-07-19,Goa,India,Influenza,65
2026-07-26,Goa,India,Influenza,63
2026-08-02,Goa,India,Influenza,64
2026-08-09,Goa,India,Influenza,60
2026-08-16,Goa,India,Influenza,49
2026-08-23,Goa,India,Influenza,60
2026-08-30,Goa,India,Influenza,51
2026-09-06,Goa,India,Influenza,41
2026-09-13,Goa,India,Influenza,50
2026-09-20,Goa,India,Influenza,39
2026-09-27,Goa,India,Influenza,39
2026-10-04,Goa,India,Influenza,33
2024-10-13,Goa,India,COVID-19,24
2024-10-20,Goa,India,COVID-19,22
2024-10-27,Goa,India,COVID-19,18
2024-11-03,Goa,India,COVID-19,22
2024-11-10,Goa,India,COVID-19,22
2024-11-17,Goa,India,COVID-19,23
2024-11-24,Goa,India,COVID-19,25
2024-12-01,Goa,India,COVID-19,20
2024-12-08,Goa,India,COVID-19,24
2024-12-15,Goa,India,COVID-19,17
2024-12-22,Goa,India,COVID-19,23
2024-12-29,Goa,India,COVID-19,23
2025-01-05,Goa,India,COVID-19,31
2025-01-12,Goa,India,COVID-19,27
2025-01-19,Goa,India,COVID-19,33
2025-01-26,Goa,India,COVID-19,24
2025-02-02,Goa,India,COVID-19,35
2025-02-09,Goa,India,COVID-19,37
2025-02-16,Goa,India,COVID-19,65
2025-02-23,Goa,India,COVID-19,48
2025-03-02,Goa,India,COVID-19,61
2025-03-09,Goa,India,COVID-19,68
2025-03-16,Goa,India,COVID-19,55
2025-03-23,Goa,India,COVID-19,71
2025-03-30,Goa,India,COVID-19,86
2025-04-06,Goa,India,COVID-19,85
2025-04-13,Goa,India,COVID-19,56
2025-04-20,Goa,India,COVID-19,77
2025-04-27,Goa,India,COVID-19,94
2025-05-04,Goa,India,COVID-19,84
2025-05-11,Goa,India,COVID-19,85
2025-05-18,Goa,India,COVID-19,56
2025-05-25,Goa,India,COVID-19,71
2025-06-01,Goa,India,COVID-19,53
2025-06-08,Goa,India,COVID-19,59
2025-06-15,Goa,India,COVID-19,42
2025-06-22,Goa,India,COVID-19,26
2025-06-29,Goa,India,COVID-19,37
2025-07-06,Goa,India,COVID-19,28
2025-07-13,Goa,India,COVID-19,26
2025-07-20,Goa,India,COVID-19,20
2025-07-27,Goa,India,COVID-19,30
2025-08-03,Goa,India,COVID-19,22
2025-08-10,Goa,India,COVID-19,29
2025-08-17,Goa,India,COVID-19,22
2025-08-24,Goa,India,COVID-19,20
2025-08-31,Goa,India,COVID-19,29
2025-09-07,Goa,India,COVID-19,25
2025-09-14,Goa,India,COVID-19,26
2025-09-21,Goa,India,COVID-19,23
2025-09-28,Goa,India,COVID-19,29
2025-10-05,Goa,India,COVID-19,37
2025-10-12,Goa,India,COVID-19,31
2025-10-19,Goa,India,COVID-19,40
2025-10-26,Goa,India,COVID-19,46
2025-11-02,Goa,India,COVID-19,56
2025-11-09,Goa,India,COVID-19,76
2025-11-16,Goa,India,COVID-19,66
2025-11-23,Goa,India,COVID-19,69
2025-11-30,Goa,India,COVID-19,118
2025-12-07,Goa,India,COVID-19,85
2025-12-14,Goa,India,COVID-19,94
2025-12-21,Goa,India,COVID-19,96
2025-12-28,Goa,India,COVID-19,100
2026-01-04,Goa,India,COVID-19,107
2026-01-11,Goa,India,COVID-19,121
2026-01-18,Goa,India,COVID-19,111
2026-01-25,Goa,India,COVID-19,117
2026-02-01,Goa,India,COVID-19,111
2026-02-08,Goa,India,COVID-19,93
2026-02-15,Goa,India,COVID-19,88
2026-02-22,Goa,India,COVID-19,89
2026-03-01,Goa,India,COVID-19,57
2026-03-08,Goa,India,COVID-19,85
2026-03-15,Goa,India,COVID-19,51
2026-03-22,Goa,India,COVID-19,46
2026-03-29,Goa,India,COVID-19,35
2026-04-05,Goa,India,COVID-19,32
2026-04-12,Goa,India,COVID-19,39
2026-04-19,Goa,India,COVID-19,42
2026-04-26,Goa,India,COVID-19,26
2026-05-03,Goa,India,COVID-19,28
2026-05-10,Goa,India,COVID-19,26
2026-05-17,Goa,India,COVID-19,28
2026-05-24,Goa,India,COVID-19,32
2026-05-31,Goa,India,COVID-19,29
2026-06-07,Goa,India,COVID-19,24
2026-06-14,Goa,India,COVID-19,29
2026-06-21,Goa,India,COVID-19,33
2026-06-28,Goa,India,COVID-19,34
2026-07-05,Goa,India,COVID-19,34
2026-07-12,Goa,India,COVID-19,42
2026-07-19,Goa,India,COVID-19,66
2026-07-26,Goa,India,COVID-19,76
2026-08-02,Goa,India,COVID-19,68
2026-08-09,Goa,India,COVID-19,76
2026-08-16,Goa,India,COVID-19,88
2026-08-23,Goa,India,COVID-19,53
2026-08-30,Goa,India,COVID-19,62
2026-09-06,Goa,India,COVID-19,77
2026-09-13,Goa,India,COVID-19,53
2026-09-20,Goa,India,COVID-19,36
2026-09-27,Goa,India,COVID-19,37
2026-10-04,Goa,India,COVID-19,36
